gene,species,timepoint,expression
gene_1,species_1,t0,0.0
gene_1,species_1,t1,1.2346466502299474
gene_1,species_1,t2,0.0
gene_1,species_1,t3,0.21191906036247474
gene_1,species_2,t0,0.021023334661427313
gene_1,species_2,t1,1.1195898382046496
gene_1,species_2,t2,2.0398033891378757
gene_1,species_2,t3,0.0
gene_1,species_3,t0,0.978595280596508
gene_1,species_3,t1,0.5865092146850887
gene_1,species_3,t2,1.8450035232575832
gene_1,species_3,t3,0.044962045160302194
gene_2,species_1,t0,0.0
gene_2,species_1,t1,5.492146934003014
gene_2,species_1,t2,3.6801099887730513
gene_2,species_1,t3,0.8686409716443521
gene_2,species_2,t0,0.7890275562121174
gene_2,species_2,t1,0.6189406272922288
gene_2,species_2,t2,1.7748997587386475
gene_2,species_2,t3,0.0
gene_2,species_3,t0,2.2393654038035664
gene_2,species_3,t1,1.6232455424770025
gene_2,species_3,t2,6.131747638980602
gene_2,species_3,t3,1.6378839532225031
gene_3,species_1,t0,1.8482091288850269
gene_3,species_1,t1,4.773422392099305
gene_3,species_1,t2,2.15240868878144
gene_3,species_1,t3,0.5140925332111048
gene_3,species_2,t0,0.7131516174812954
gene_3,species_2,t1,1.4165935470735591
gene_3,species_2,t2,2.795621266122238
gene_3,species_2,t3,0.0
gene_3,species_3,t0,2.3394567467502383
gene_3,species_3,t1,0.3408181982828258
gene_3,species_3,t2,0.0
gene_3,species_3,t3,0.0
gene_4,species_1,t0,0.21356213935115198
gene_4,species_1,t1,0.24473018210814293
gene_4,species_1,t2,1.0845694450159984
gene_4,species_1,t3,0.0
gene_4,species_2,t0,0.3407108604250986
gene_4,species_2,t1,0.4306411736050688
gene_4,species_2,t2,0.3873264833261246
gene_4,species_2,t3,0.20232612653819834
gene_4,species_3,t0,0.1491919456634147
gene_4,species_3,t1,0.0
gene_4,species_3,t2,0.0
gene_4,species_3,t3,0.5798577412838443
gene_5,species_1,t0,0.5263613806211075
gene_5,species_1,t1,1.7350561817003853
gene_5,species_1,t2,0.0
gene_5,species_1,t3,0.19415654615047756
gene_5,species_2,t0,0.0
gene_5,species_2,t1,1.3616480448181056
gene_5,species_2,t2,2.589691858032664
gene_5,species_2,t3,1.0640568091317113
gene_5,species_3,t0,1.0946360149816787
gene_5,species_3,t1,0.7793921704631855
gene_5,species_3,t2,2.9806781586439626
gene_5,species_3,t3,0.3835285576799413
gene_6,species_1,t0,3.3496391400368672
gene_6,species_1,t1,0.0
gene_6,species_1,t2,0.0
gene_6,species_1,t3,2.2942770735100533
gene_6,species_2,t0,0.0
gene_6,species_2,t1,0.0
gene_6,species_2,t2,0.0
gene_6,species_2,t3,1.810096657385855
gene_6,species_3,t0,3.184705028693198
gene_6,species_3,t1,4.6635565357987145
gene_6,species_3,t2,4.122990016447093
gene_6,species_3,t3,0.0
gene_7,species_1,t0,0.0
gene_7,species_1,t1,0.0
gene_7,species_1,t2,2.5237877271028766
gene_7,species_1,t3,0.0
gene_7,species_2,t0,0.07485771557403012
gene_7,species_2,t1,1.2098677528003372
gene_7,species_2,t2,0.6212717532131588
gene_7,species_2,t3,0.004265838614666756
gene_7,species_3,t0,0.0
gene_7,species_3,t1,2.9031766587853878
gene_7,species_3,t2,0.0
gene_7,species_3,t3,0.29989941093122574
gene_8,species_1,t0,2.145236103281654
gene_8,species_1,t1,2.9533263790670055
gene_8,species_1,t2,4.041761915474967
gene_8,species_1,t3,0.8309614283721621
gene_8,species_2,t0,0.2524885968042628
gene_8,species_2,t1,0.0
gene_8,species_2,t2,1.96436118843365
gene_8,species_2,t3,1.0960967002038964
gene_8,species_3,t0,0.7942348300002878
gene_8,species_3,t1,4.474714747695681
gene_8,species_3,t2,0.6717026915068685
gene_8,species_3,t3,0.5540231025223132
gene_9,species_1,t0,1.284127857541729
gene_9,species_1,t1,0.0
gene_9,species_1,t2,0.0
gene_9,species_1,t3,0.4474463232129348
gene_9,species_2,t0,0.7222008902990749
gene_9,species_2,t1,0.4335843163734392
gene_9,species_2,t2,0.0
gene_9,species_2,t3,0.057779350694081535
gene_9,species_3,t0,1.3506268745012175
gene_9,species_3,t1,0.3798809741487481
gene_9,species_3,t2,4.096688506588054
gene_9,species_3,t3,1.2075479453011537
gene_10,species_1,t0,0.0
gene_10,species_1,t1,0.0
gene_10,species_1,t2,0.0
gene_10,species_1,t3,0.0
gene_10,species_2,t0,0.21004649491715843
gene_10,species_2,t1,0.0
gene_10,species_2,t2,1.1014733909745646
gene_10,species_2,t3,0.06920463967304769
gene_10,species_3,t0,0.6398358330116618
gene_10,species_3,t1,3.635887757702962
gene_10,species_3,t2,0.6190929280674443
gene_10,species_3,t3,0.12755978644664395
gene_11,species_1,t0,0.0
gene_11,species_1,t1,4.931326909462141
gene_11,species_1,t2,6.169581299945472
gene_11,species_1,t3,0.0
gene_11,species_2,t0,0.5275322946303073
gene_11,species_2,t1,0.14850597625388656
gene_11,species_2,t2,2.773723580286949
gene_11,species_2,t3,0.0
gene_11,species_3,t0,2.493554016319633
gene_11,species_3,t1,4.736957167590679
gene_11,species_3,t2,0.0
gene_11,species_3,t3,0.6048743721382956
gene_12,species_1,t0,0.0
gene_12,species_1,t1,0.42131642202691655
gene_12,species_1,t2,0.0
gene_12,species_1,t3,0.2810752731930388
gene_12,species_2,t0,0.0
gene_12,species_2,t1,0.0
gene_12,species_2,t2,0.0
gene_12,species_2,t3,0.8109310059466092
gene_12,species_3,t0,0.0
gene_12,species_3,t1,1.083032646581851
gene_12,species_3,t2,0.35323094570996016
gene_12,species_3,t3,0.37012215416547734
gene_13,species_1,t0,0.0
gene_13,species_1,t1,0.0
gene_13,species_1,t2,2.270249369713085
gene_13,species_1,t3,0.4179027600684123
gene_13,species_2,t0,0.26626345035988896
gene_13,species_2,t1,0.5260920796302576
gene_13,species_2,t2,0.0
gene_13,species_2,t3,0.0
gene_13,species_3,t0,0.0
gene_13,species_3,t1,0.0
gene_13,species_3,t2,2.268790962074637
gene_13,species_3,t3,0.7604751671515795
gene_14,species_1,t0,2.642953712508258
gene_14,species_1,t1,5.307635111611821
gene_14,species_1,t2,5.06838001360343
gene_14,species_1,t3,1.4484224994760087
gene_14,species_2,t0,0.0
gene_14,species_2,t1,0.0
gene_14,species_2,t2,1.6558070027661977
gene_14,species_2,t3,0.0
gene_14,species_3,t0,0.0
gene_14,species_3,t1,3.679051356148011
gene_14,species_3,t2,0.0
gene_14,species_3,t3,0.0
gene_15,species_1,t0,0.41776749243627775
gene_15,species_1,t1,1.1033364193607393
gene_15,species_1,t2,1.1061254183341513
gene_15,species_1,t3,0.15118326081994363
gene_15,species_2,t0,0.004988879234659613
gene_15,species_2,t1,0.43778524385854906
gene_15,species_2,t2,0.9081711811544214
gene_15,species_2,t3,0.0
gene_15,species_3,t0,0.0
gene_15,species_3,t1,0.0
gene_15,species_3,t2,1.1333387626873273
gene_15,species_3,t3,0.17345186825073913
gene_16,species_1,t0,0.0
gene_16,species_1,t1,1.0056738843215682
gene_16,species_1,t2,1.6698566712602596
gene_16,species_1,t3,0.8672229340528308
gene_16,species_2,t0,0.0
gene_16,species_2,t1,0.6365287928246575
gene_16,species_2,t2,2.241925114515327
gene_16,species_2,t3,0.0
gene_16,species_3,t0,0.0
gene_16,species_3,t1,1.4496433166947775
gene_16,species_3,t2,0.44227471950619307
gene_16,species_3,t3,0.7721955409691773
gene_17,species_1,t0,2.32328480083393
gene_17,species_1,t1,0.0
gene_17,species_1,t2,2.4776733439930227
gene_17,species_1,t3,0.3681843685898195
gene_17,species_2,t0,1.060398428489229
gene_17,species_2,t1,0.0
gene_17,species_2,t2,0.40788137954341863
gene_17,species_2,t3,1.4531354076022942
gene_17,species_3,t0,0.0
gene_17,species_3,t1,1.2982036890694608
gene_17,species_3,t2,5.526798940803216
gene_17,species_3,t3,2.2776709216093227
gene_18,species_1,t0,1.6855909634899693
gene_18,species_1,t1,0.0
gene_18,species_1,t2,2.4611347563518207
gene_18,species_1,t3,0.0
gene_18,species_2,t0,0.4281417535584691
gene_18,species_2,t1,0.0
gene_18,species_2,t2,2.3516023416483764
gene_18,species_2,t3,1.4387321512955245
gene_18,species_3,t0,0.3421463637572415
gene_18,species_3,t1,2.7166906402069295
gene_18,species_3,t2,0.0
gene_18,species_3,t3,0.8364150173347988
gene_19,species_1,t0,0.0
gene_19,species_1,t1,2.6362940916240056
gene_19,species_1,t2,0.0
gene_19,species_1,t3,1.0161089692309517
gene_19,species_2,t0,0.26451006614459155
gene_19,species_2,t1,0.0
gene_19,species_2,t2,0.0
gene_19,species_2,t3,0.0
gene_19,species_3,t0,1.2885090279660156
gene_19,species_3,t1,0.0
gene_19,species_3,t2,1.4251159872060886
gene_19,species_3,t3,0.0
gene_20,species_1,t0,0.0
gene_20,species_1,t1,2.162612450784339
gene_20,species_1,t2,4.481033718995465
gene_20,species_1,t3,0.0
gene_20,species_2,t0,0.0
gene_20,species_2,t1,0.0
gene_20,species_2,t2,0.3837353804156836
gene_20,species_2,t3,0.6720604944156334
gene_20,species_3,t0,0.0
gene_20,species_3,t1,4.908029305165629
gene_20,species_3,t2,1.3309507406876118
gene_20,species_3,t3,0.0
gene_21,species_1,t0,0.50690097548893
gene_21,species_1,t1,0.0
gene_21,species_1,t2,0.5265259790712606
gene_21,species_1,t3,0.0
gene_21,species_2,t0,0.0
gene_21,species_2,t1,0.7853511644005269
gene_21,species_2,t2,1.6023461233141865
gene_21,species_2,t3,0.7413206795752321
gene_21,species_3,t0,0.7851804262616706
gene_21,species_3,t1,0.1314266497470138
gene_21,species_3,t2,1.5838292840407844
gene_21,species_3,t3,0.01368420332407315
gene_22,species_1,t0,1.1289854604471767
gene_22,species_1,t1,0.0
gene_22,species_1,t2,1.9746486483976935
gene_22,species_1,t3,0.6862871566540436
gene_22,species_2,t0,0.008624271163510614
gene_22,species_2,t1,1.1429802504232116
gene_22,species_2,t2,2.9189921123978806
gene_22,species_2,t3,0.0
gene_22,species_3,t0,1.4146585771423312
gene_22,species_3,t1,0.0
gene_22,species_3,t2,3.179073206252212
gene_22,species_3,t3,0.16113087927245823
gene_23,species_1,t0,1.8159115619746542
gene_23,species_1,t1,3.560774966307858
gene_23,species_1,t2,0.0
gene_23,species_1,t3,0.9218065369593467
gene_23,species_2,t0,0.0
gene_23,species_2,t1,0.0
gene_23,species_2,t2,0.5618815935397489
gene_23,species_2,t3,0.4060683181696087
gene_23,species_3,t0,1.475179010600142
gene_23,species_3,t1,0.0
gene_23,species_3,t2,2.5672591116043613
gene_23,species_3,t3,0.6703354388669922
gene_24,species_1,t0,1.4894646036789279
gene_24,species_1,t1,0.0
gene_24,species_1,t2,2.1393844918243534
gene_24,species_1,t3,0.46203836961521827
gene_24,species_2,t0,0.35666648833175857
gene_24,species_2,t1,0.0
gene_24,species_2,t2,0.12983305435222672
gene_24,species_2,t3,0.15171075910422954
gene_24,species_3,t0,0.9312010280922794
gene_24,species_3,t1,1.5629978412989947
gene_24,species_3,t2,2.316921466059302
gene_24,species_3,t3,0.0
gene_25,species_1,t0,3.299615123555569
gene_25,species_1,t1,6.84371018708058
gene_25,species_1,t2,5.723308621943349
gene_25,species_1,t3,1.6541612313891465
gene_25,species_2,t0,0.0
gene_25,species_2,t1,0.7252630439044669
gene_25,species_2,t2,2.8161228485935577
gene_25,species_2,t3,1.276322529701734
gene_25,species_3,t0,0.0
gene_25,species_3,t1,0.0
gene_25,species_3,t2,0.0
gene_25,species_3,t3,1.0863003466956362
gene_26,species_1,t0,0.0
gene_26,species_1,t1,0.0
gene_26,species_1,t2,0.0
gene_26,species_1,t3,0.10389229798941771
gene_26,species_2,t0,0.18311520403240286
gene_26,species_2,t1,0.9898382840404631
gene_26,species_2,t2,1.3259545897778695
gene_26,species_2,t3,0.4609563788116827
gene_26,species_3,t0,0.2768187968295055
gene_26,species_3,t1,0.9965269506566117
gene_26,species_3,t2,0.0
gene_26,species_3,t3,0.0
gene_27,species_1,t0,0.0
gene_27,species_1,t1,4.399363043588899
gene_27,species_1,t2,0.0
gene_27,species_1,t3,0.298368961489938
gene_27,species_2,t0,0.7463899087920421
gene_27,species_2,t1,0.03269051140648971
gene_27,species_2,t2,0.0
gene_27,species_2,t3,0.0
gene_27,species_3,t0,0.0
gene_27,species_3,t1,1.4154805956211736
gene_27,species_3,t2,4.736469506944202
gene_27,species_3,t3,1.6418405846824802
gene_28,species_1,t0,1.0814724496800618
gene_28,species_1,t1,0.0
gene_28,species_1,t2,2.4914664395973243
gene_28,species_1,t3,0.0
gene_28,species_2,t0,0.1885386742270138
gene_28,species_2,t1,0.0
gene_28,species_2,t2,2.5375648780583036
gene_28,species_2,t3,1.7272262351116419
gene_28,species_3,t0,1.362360809682659
gene_28,species_3,t1,1.2122466027117782
gene_28,species_3,t2,1.9516644865772668
gene_28,species_3,t3,0.06951570752330051
gene_29,species_1,t0,1.0519273145842662
gene_29,species_1,t1,1.8068653197296862
gene_29,species_1,t2,0.0
gene_29,species_1,t3,0.823395249350422
gene_29,species_2,t0,0.0
gene_29,species_2,t1,0.22203898012631335
gene_29,species_2,t2,0.9072051099225863
gene_29,species_2,t3,0.8001631320218995
gene_29,species_3,t0,1.050463808412841
gene_29,species_3,t1,2.1570433434875556
gene_29,species_3,t2,0.5310994755018451
gene_29,species_3,t3,0.30598900636614246
gene_30,species_1,t0,0.1674754546485994
gene_30,species_1,t1,0.7785686127725581
gene_30,species_1,t2,0.0
gene_30,species_1,t3,0.5973502733188006
gene_30,species_2,t0,0.1756004343330195
gene_30,species_2,t1,0.0
gene_30,species_2,t2,0.0
gene_30,species_2,t3,0.0
gene_30,species_3,t0,0.0
gene_30,species_3,t1,0.777689089236593
gene_30,species_3,t2,1.1881376682423714
gene_30,species_3,t3,0.4327173509813188
gene_31,species_1,t0,0.361212842013787
gene_31,species_1,t1,0.1242799163513575
gene_31,species_1,t2,0.8551084264181381
gene_31,species_1,t3,0.016106789657395183
gene_31,species_2,t0,0.1738671795399633
gene_31,species_2,t1,1.4717461500337872
gene_31,species_2,t2,2.380753171117075
gene_31,species_2,t3,1.1841876706586543
gene_31,species_3,t0,0.3058570613191458
gene_31,species_3,t1,0.0
gene_31,species_3,t2,0.7785207576303244
gene_31,species_3,t3,0.0
gene_32,species_1,t0,0.0
gene_32,species_1,t1,2.494005943796581
gene_32,species_1,t2,0.0
gene_32,species_1,t3,0.8059624889839749
gene_32,species_2,t0,0.0
gene_32,species_2,t1,0.0
gene_32,species_2,t2,1.289711155881673
gene_32,species_2,t3,0.0
gene_32,species_3,t0,0.8632303493807009
gene_32,species_3,t1,0.0
gene_32,species_3,t2,0.0
gene_32,species_3,t3,0.08666821202504127
gene_33,species_1,t0,0.0
gene_33,species_1,t1,1.8395655059125142
gene_33,species_1,t2,0.0
gene_33,species_1,t3,0.17193898703295524
gene_33,species_2,t0,0.5274215337373289
gene_33,species_2,t1,0.3151275701728502
gene_33,species_2,t2,0.10257121244411932
gene_33,species_2,t3,0.0
gene_33,species_3,t0,0.0
gene_33,species_3,t1,0.5912570151520162
gene_33,species_3,t2,3.2137527489246733
gene_33,species_3,t3,1.1825283552424652
gene_34,species_1,t0,3.4951123900442234
gene_34,species_1,t1,0.0
gene_34,species_1,t2,5.814675440991674
gene_34,species_1,t3,1.3996666683844932
gene_34,species_2,t0,0.6401177975846238
gene_34,species_2,t1,1.227702338174085
gene_34,species_2,t2,0.0
gene_34,species_2,t3,0.3122177541138808
gene_34,species_3,t0,2.220825653512028
gene_34,species_3,t1,4.651690761663089
gene_34,species_3,t2,0.0
gene_34,species_3,t3,1.0521126895237984
gene_35,species_1,t0,0.14225276638749246
gene_35,species_1,t1,0.6982226631655325
gene_35,species_1,t2,1.0359163052688338
gene_35,species_1,t3,0.6434588165445285
gene_35,species_2,t0,0.0
gene_35,species_2,t1,0.2467284742437025
gene_35,species_2,t2,1.5045395149178162
gene_35,species_2,t3,0.0
gene_35,species_3,t0,0.0
gene_35,species_3,t1,1.3594924292379855
gene_35,species_3,t2,2.3699103317903427
gene_35,species_3,t3,1.3238004112532502
gene_36,species_1,t0,3.143071903379534
gene_36,species_1,t1,5.611448114866095
gene_36,species_1,t2,5.341940616784933
gene_36,species_1,t3,1.3950639942466745
gene_36,species_2,t0,0.0
gene_36,species_2,t1,0.0
gene_36,species_2,t2,0.0
gene_36,species_2,t3,0.04723146362973189
gene_36,species_3,t0,2.1468201721093925
gene_36,species_3,t1,4.110509843137944
gene_36,species_3,t2,4.052688198727031
gene_36,species_3,t3,1.0333996220139923
gene_37,species_1,t0,0.5347486475887475
gene_37,species_1,t1,0.0
gene_37,species_1,t2,0.0
gene_37,species_1,t3,0.0
gene_37,species_2,t0,0.0
gene_37,species_2,t1,0.5625181821470127
gene_37,species_2,t2,0.0
gene_37,species_2,t3,0.0
gene_37,species_3,t0,0.8447099789422502
gene_37,species_3,t1,0.9280241801189344
gene_37,species_3,t2,0.7280989883604585
gene_37,species_3,t3,0.3314840947306855
gene_38,species_1,t0,0.9969487844296362
gene_38,species_1,t1,1.09569655835521
gene_38,species_1,t2,0.0
gene_38,species_1,t3,0.48517337836515495
gene_38,species_2,t0,0.023868781843132104
gene_38,species_2,t1,1.4512049609608986
gene_38,species_2,t2,1.7905761806438165
gene_38,species_2,t3,0.6738393902562607
gene_38,species_3,t0,0.0
gene_38,species_3,t1,2.546821888051685
gene_38,species_3,t2,0.5833033822284719
gene_38,species_3,t3,0.30686863131547404
gene_39,species_1,t0,0.0
gene_39,species_1,t1,4.4784388909294846
gene_39,species_1,t2,0.0
gene_39,species_1,t3,0.7333257996042941
gene_39,species_2,t0,0.4555447218589095
gene_39,species_2,t1,0.2900466939643385
gene_39,species_2,t2,1.3965402074948072
gene_39,species_2,t3,0.23872203184436008
gene_39,species_3,t0,1.7810666579639816
gene_39,species_3,t1,1.7761230608441099
gene_39,species_3,t2,4.6615464504683
gene_39,species_3,t3,1.1996000592235865
gene_40,species_1,t0,3.421311706903139
gene_40,species_1,t1,6.048497763804473
gene_40,species_1,t2,5.366564620347523
gene_40,species_1,t3,0.0
gene_40,species_2,t0,0.9538885178035321
gene_40,species_2,t1,1.6811617497090738
gene_40,species_2,t2,0.0
gene_40,species_2,t3,0.0
gene_40,species_3,t0,2.0416060245059118
gene_40,species_3,t1,4.616618281079219
gene_40,species_3,t2,4.720789669522461
gene_40,species_3,t3,1.8927560164969301
gene_41,species_1,t0,0.35243207341945115
gene_41,species_1,t1,0.640022981239039
gene_41,species_1,t2,0.0
gene_41,species_1,t3,0.0
gene_41,species_2,t0,0.2717862923377157
gene_41,species_2,t1,0.0
gene_41,species_2,t2,0.033935190162748624
gene_41,species_2,t3,0.3285356114997078
gene_41,species_3,t0,0.05720790560970253
gene_41,species_3,t1,0.24015057002416915
gene_41,species_3,t2,0.0
gene_41,species_3,t3,0.32357376240208957
gene_42,species_1,t0,0.5553609847762452
gene_42,species_1,t1,1.3430604590814756
gene_42,species_1,t2,0.06907326191722837
gene_42,species_1,t3,0.24074631268917535
gene_42,species_2,t0,0.0
gene_42,species_2,t1,0.0
gene_42,species_2,t2,0.0
gene_42,species_2,t3,0.908204175283239
gene_42,species_3,t0,0.19195528014301103
gene_42,species_3,t1,0.7168079037691415
gene_42,species_3,t2,0.0
gene_42,species_3,t3,1.0907026447103965
gene_43,species_1,t0,0.9079659126918785
gene_43,species_1,t1,1.094783899702401
gene_43,species_1,t2,1.9921301414577999
gene_43,species_1,t3,0.6800910751361608
gene_43,species_2,t0,0.4661516242141359
gene_43,species_2,t1,0.6775517738011253
gene_43,species_2,t2,0.3786222950897835
gene_43,species_2,t3,0.2022544196501351
gene_43,species_3,t0,0.0
gene_43,species_3,t1,2.0700700944407577
gene_43,species_3,t2,0.7354556973981481
gene_43,species_3,t3,0.2764140441620671
gene_44,species_1,t0,1.9000732181085231
gene_44,species_1,t1,2.9853760293287874
gene_44,species_1,t2,3.6301899637096366
gene_44,species_1,t3,1.119092193414468
gene_44,species_2,t0,0.24374997126411177
gene_44,species_2,t1,0.5534362311123573
gene_44,species_2,t2,0.39446367133571936
gene_44,species_2,t3,0.0
gene_44,species_3,t0,1.3013108327102991
gene_44,species_3,t1,0.0
gene_44,species_3,t2,0.7624972753919514
gene_44,species_3,t3,0.24183139798892578
gene_45,species_1,t0,1.2312202943450679
gene_45,species_1,t1,2.4940321417740807
gene_45,species_1,t2,1.799215278744883
gene_45,species_1,t3,0.0
gene_45,species_2,t0,0.026088203864598536
gene_45,species_2,t1,0.0
gene_45,species_2,t2,1.3832663405131371
gene_45,species_2,t3,0.533975097191164
gene_45,species_3,t0,1.1564286542470388
gene_45,species_3,t1,0.0
gene_45,species_3,t2,0.0
gene_45,species_3,t3,0.5495955249564832
gene_46,species_1,t0,0.0
gene_46,species_1,t1,5.272872269909898
gene_46,species_1,t2,5.275896531352943
gene_46,species_1,t3,1.2655516118281274
gene_46,species_2,t0,0.45070547014549306
gene_46,species_2,t1,1.0093573823012187
gene_46,species_2,t2,0.37411675240394393
gene_46,species_2,t3,0.34924419736882617
gene_46,species_3,t0,0.0
gene_46,species_3,t1,4.132025088910798
gene_46,species_3,t2,3.4456614826226493
gene_46,species_3,t3,1.1593946541111246
gene_47,species_1,t0,1.071140723979265
gene_47,species_1,t1,2.8902833136349613
gene_47,species_1,t2,0.0
gene_47,species_1,t3,0.48502833173457466
gene_47,species_2,t0,0.0
gene_47,species_2,t1,0.8622077916350457
gene_47,species_2,t2,0.0
gene_47,species_2,t3,0.0
gene_47,species_3,t0,1.3711691678698705
gene_47,species_3,t1,0.0
gene_47,species_3,t2,4.026374187503082
gene_47,species_3,t3,0.0
gene_48,species_1,t0,0.3467623247889733
gene_48,species_1,t1,0.7985126910532621
gene_48,species_1,t2,1.3791569995315438
gene_48,species_1,t3,0.6206037311180699
gene_48,species_2,t0,0.31813487857874373
gene_48,species_2,t1,0.18277168870171132
gene_48,species_2,t2,1.056024206235806
gene_48,species_2,t3,0.852844420079172
gene_48,species_3,t0,0.3706375230604363
gene_48,species_3,t1,0.0
gene_48,species_3,t2,0.10859852812525984
gene_48,species_3,t3,0.3575110239185267
gene_49,species_1,t0,0.6971007088106631
gene_49,species_1,t1,1.2519150652342175
gene_49,species_1,t2,1.4730157107642272
gene_49,species_1,t3,0.31791131691146823
gene_49,species_2,t0,0.0
gene_49,species_2,t1,0.0
gene_49,species_2,t2,0.0
gene_49,species_2,t3,0.16575037828569678
gene_49,species_3,t0,0.3560257262199472
gene_49,species_3,t1,0.0
gene_49,species_3,t2,0.15977134497454792
gene_49,species_3,t3,0.06063037009980497
gene_50,species_1,t0,0.0
gene_50,species_1,t1,0.07896482190516646
gene_50,species_1,t2,1.1977515551920328
gene_50,species_1,t3,0.27074665079042753
gene_50,species_2,t0,0.21820080423202415
gene_50,species_2,t1,1.6716865386595314
gene_50,species_2,t2,1.8274681869847975
gene_50,species_2,t3,0.5550359449250925
gene_50,species_3,t0,0.2742630153303643
gene_50,species_3,t1,2.379974180103406
gene_50,species_3,t2,2.168066274173872
gene_50,species_3,t3,0.5563729426336992
gene_51,species_1,t0,0.0
gene_51,species_1,t1,4.385947811882788
gene_51,species_1,t2,3.799874990261692
gene_51,species_1,t3,0.0
gene_51,species_2,t0,0.42025012509681575
gene_51,species_2,t1,0.2587096483741226
gene_51,species_2,t2,0.6018534983655048
gene_51,species_2,t3,0.0
gene_51,species_3,t0,1.564708184790469
gene_51,species_3,t1,2.71040392111975
gene_51,species_3,t2,3.53736042312594
gene_51,species_3,t3,1.1636619526130172
gene_52,species_1,t0,0.0
gene_52,species_1,t1,1.4360608176867495
gene_52,species_1,t2,0.0
gene_52,species_1,t3,0.37169521894725793
gene_52,species_2,t0,0.5698477417580797
gene_52,species_2,t1,1.24251719712092
gene_52,species_2,t2,0.0
gene_52,species_2,t3,0.0
gene_52,species_3,t0,0.5624799651120418
gene_52,species_3,t1,2.107820847683799
gene_52,species_3,t2,3.99800110464697
gene_52,species_3,t3,1.291171205275455
gene_53,species_1,t0,2.4896842766371385
gene_53,species_1,t1,4.013488509278446
gene_53,species_1,t2,3.9169502016707627
gene_53,species_1,t3,0.9495760786550381
gene_53,species_2,t0,0.4297107997496329
gene_53,species_2,t1,1.277871233480753
gene_53,species_2,t2,0.5257958649396464
gene_53,species_2,t3,0.3926255230258039
gene_53,species_3,t0,0.0
gene_53,species_3,t1,0.0
gene_53,species_3,t2,2.2570733858251897
gene_53,species_3,t3,0.0
gene_54,species_1,t0,0.4310650679140842
gene_54,species_1,t1,0.0
gene_54,species_1,t2,0.6778145214940845
gene_54,species_1,t3,0.0
gene_54,species_2,t0,0.001538225433619549
gene_54,species_2,t1,0.0949694056871387
gene_54,species_2,t2,0.06068884316631646
gene_54,species_2,t3,0.09110959627311188
gene_54,species_3,t0,0.0
gene_54,species_3,t1,0.8257515686991395
gene_54,species_3,t2,0.21481634710298067
gene_54,species_3,t3,0.10491846518176548
gene_55,species_1,t0,0.0
gene_55,species_1,t1,1.9405036358945194
gene_55,species_1,t2,2.3253542711239557
gene_55,species_1,t3,0.6912022108975584
gene_55,species_2,t0,0.2510383846970797
gene_55,species_2,t1,0.10454688044460987
gene_55,species_2,t2,0.7686592171646213
gene_55,species_2,t3,0.5400734603650454
gene_55,species_3,t0,0.8734352131586922
gene_55,species_3,t1,1.5803780976931219
gene_55,species_3,t2,0.6468094030700092
gene_55,species_3,t3,0.0
gene_56,species_1,t0,2.07089301640269
gene_56,species_1,t1,3.040080609873056
gene_56,species_1,t2,3.1289458312786147
gene_56,species_1,t3,0.4585554425170348
gene_56,species_2,t0,0.5385560273500044
gene_56,species_2,t1,1.5175047543583953
gene_56,species_2,t2,1.9974514402661778
gene_56,species_2,t3,0.0
gene_56,species_3,t0,0.9653091478899284
gene_56,species_3,t1,3.4975425612230975
gene_56,species_3,t2,1.6149383721935981
gene_56,species_3,t3,0.0
gene_57,species_1,t0,0.0
gene_57,species_1,t1,3.144309691262428
gene_57,species_1,t2,2.855890514433702
gene_57,species_1,t3,0.7501364147002926
gene_57,species_2,t0,0.0
gene_57,species_2,t1,0.08132234561312421
gene_57,species_2,t2,0.0
gene_57,species_2,t3,0.4414007008436279
gene_57,species_3,t0,1.2355632477151308
gene_57,species_3,t1,0.0
gene_57,species_3,t2,2.213402726941055
gene_57,species_3,t3,0.4335258994985964
gene_58,species_1,t0,0.1670109822682487
gene_58,species_1,t1,0.3951835356163769
gene_58,species_1,t2,0.015235023050997006
gene_58,species_1,t3,0.2751139141248731
gene_58,species_2,t0,0.0
gene_58,species_2,t1,0.30085236130843734
gene_58,species_2,t2,0.4019830477262856
gene_58,species_2,t3,0.0
gene_58,species_3,t0,0.016291384855338098
gene_58,species_3,t1,0.0
gene_58,species_3,t2,0.7759260155596903
gene_58,species_3,t3,0.4768142715155301
gene_59,species_1,t0,0.5292289154162307
gene_59,species_1,t1,0.4831643502585885
gene_59,species_1,t2,1.3551112250701698
gene_59,species_1,t3,0.7574253897003465
gene_59,species_2,t0,0.3674874311543048
gene_59,species_2,t1,0.0
gene_59,species_2,t2,0.0
gene_59,species_2,t3,0.0
gene_59,species_3,t0,0.4991662553885735
gene_59,species_3,t1,1.5044517623461027
gene_59,species_3,t2,0.7733657731197243
gene_59,species_3,t3,0.4804614624998007
gene_60,species_1,t0,0.1572120874704778
gene_60,species_1,t1,0.798690398668537
gene_60,species_1,t2,0.0
gene_60,species_1,t3,0.034737220172986805
gene_60,species_2,t0,0.2178787505560675
gene_60,species_2,t1,0.08788344057257386
gene_60,species_2,t2,0.0
gene_60,species_2,t3,0.0
gene_60,species_3,t0,0.0
gene_60,species_3,t1,0.0
gene_60,species_3,t2,1.4025826249225142
gene_60,species_3,t3,0.0
gene_61,species_1,t0,0.0
gene_61,species_1,t1,3.920881305512022
gene_61,species_1,t2,0.0
gene_61,species_1,t3,0.0
gene_61,species_2,t0,0.0
gene_61,species_2,t1,0.035358727576794334
gene_61,species_2,t2,0.0
gene_61,species_2,t3,1.2911852394267034
gene_61,species_3,t0,1.8717477535197435
gene_61,species_3,t1,3.5346427971631758
gene_61,species_3,t2,2.075214519253992
gene_61,species_3,t3,0.0
gene_62,species_1,t0,4.197205748818859
gene_62,species_1,t1,0.0
gene_62,species_1,t2,7.602844086252047
gene_62,species_1,t3,0.0
gene_62,species_2,t0,0.0
gene_62,species_2,t1,1.00889446344574
gene_62,species_2,t2,0.0
gene_62,species_2,t3,0.46612457680278
gene_62,species_3,t0,3.0640708497393963
gene_62,species_3,t1,6.29749524369085
gene_62,species_3,t2,4.524712139746773
gene_62,species_3,t3,1.0652542436337356
gene_63,species_1,t0,0.42998192522438494
gene_63,species_1,t1,0.0
gene_63,species_1,t2,1.5058495473885654
gene_63,species_1,t3,0.5268568765065166
gene_63,species_2,t0,0.0
gene_63,species_2,t1,0.2639723607956549
gene_63,species_2,t2,0.3084483838976299
gene_63,species_2,t3,0.4366809714354599
gene_63,species_3,t0,0.0
gene_63,species_3,t1,1.6378329791524264
gene_63,species_3,t2,0.0
gene_63,species_3,t3,0.2933544107359643
gene_64,species_1,t0,0.2553298069209337
gene_64,species_1,t1,0.22968121189158794
gene_64,species_1,t2,0.0
gene_64,species_1,t3,0.0
gene_64,species_2,t0,0.0
gene_64,species_2,t1,0.0
gene_64,species_2,t2,0.2656527968472729
gene_64,species_2,t3,0.03018605311335497
gene_64,species_3,t0,0.0
gene_64,species_3,t1,0.0
gene_64,species_3,t2,0.7680051126002881
gene_64,species_3,t3,0.39753370907055186
gene_65,species_1,t0,0.31355400731246214
gene_65,species_1,t1,0.6266660458040629
gene_65,species_1,t2,0.6602444028639892
gene_65,species_1,t3,0.0
gene_65,species_2,t0,0.09095626607687679
gene_65,species_2,t1,0.3898551228537264
gene_65,species_2,t2,0.5154860768128243
gene_65,species_2,t3,0.1175291561761703
gene_65,species_3,t0,0.0
gene_65,species_3,t1,0.8505919215144552
gene_65,species_3,t2,0.18182255233485853
gene_65,species_3,t3,0.0
gene_66,species_1,t0,0.4158628399968102
gene_66,species_1,t1,1.069887641544496
gene_66,species_1,t2,0.0
gene_66,species_1,t3,0.4857590712530103
gene_66,species_2,t0,0.0
gene_66,species_2,t1,2.898440821430208
gene_66,species_2,t2,3.1206273483753946
gene_66,species_2,t3,0.4802250002009878
gene_66,species_3,t0,0.7950508499675447
gene_66,species_3,t1,0.0
gene_66,species_3,t2,5.076658265122547
gene_66,species_3,t3,1.133408655912641
gene_67,species_1,t0,1.2677918982530125
gene_67,species_1,t1,0.0
gene_67,species_1,t2,1.873332900719367
gene_67,species_1,t3,0.3646874724542198
gene_67,species_2,t0,0.33262420235373563
gene_67,species_2,t1,0.0
gene_67,species_2,t2,0.0
gene_67,species_2,t3,0.0
gene_67,species_3,t0,0.873925980963693
gene_67,species_3,t1,1.0872289606599947
gene_67,species_3,t2,0.0
gene_67,species_3,t3,0.6822662223254459
gene_68,species_1,t0,0.0
gene_68,species_1,t1,1.9652457286212877
gene_68,species_1,t2,0.0
gene_68,species_1,t3,1.1599417416528022
gene_68,species_2,t0,0.47482783601228223
gene_68,species_2,t1,1.1062019638222462
gene_68,species_2,t2,2.6936183259368245
gene_68,species_2,t3,0.0
gene_68,species_3,t0,0.0
gene_68,species_3,t1,1.232956776257146
gene_68,species_3,t2,1.204882110144893
gene_68,species_3,t3,0.0
gene_69,species_1,t0,0.24666755424966313
gene_69,species_1,t1,0.3133900214446108
gene_69,species_1,t2,0.0
gene_69,species_1,t3,0.14900121645324022
gene_69,species_2,t0,0.0
gene_69,species_2,t1,0.0
gene_69,species_2,t2,0.24798347009778235
gene_69,species_2,t3,0.0
gene_69,species_3,t0,0.15045051130127446
gene_69,species_3,t1,0.23219345175525247
gene_69,species_3,t2,0.07072874797635025
gene_69,species_3,t3,0.3286902145323395
gene_70,species_1,t0,0.44259713179547955
gene_70,species_1,t1,1.2553476734525824
gene_70,species_1,t2,0.33822960707787714
gene_70,species_1,t3,0.044332838658911036
gene_70,species_2,t0,0.0
gene_70,species_2,t1,0.0
gene_70,species_2,t2,0.7560702075483187
gene_70,species_2,t3,0.04199658900052203
gene_70,species_3,t0,0.4404032118541642
gene_70,species_3,t1,0.0
gene_70,species_3,t2,0.0
gene_70,species_3,t3,0.0
gene_71,species_1,t0,0.5097237802406451
gene_71,species_1,t1,0.0
gene_71,species_1,t2,0.2651264174263371
gene_71,species_1,t3,0.0
gene_71,species_2,t0,0.27125785199905067
gene_71,species_2,t1,0.12078481379255485
gene_71,species_2,t2,0.257221912688052
gene_71,species_2,t3,0.14654240812374705
gene_71,species_3,t0,0.5030144448798013
gene_71,species_3,t1,0.24856640660974305
gene_71,species_3,t2,0.0
gene_71,species_3,t3,0.7811809186081901
gene_72,species_1,t0,2.3118613055088413
gene_72,species_1,t1,5.5029248292706745
gene_72,species_1,t2,0.0
gene_72,species_1,t3,0.8951578277397888
gene_72,species_2,t0,0.8271097448445073
gene_72,species_2,t1,0.4754537403748338
gene_72,species_2,t2,1.526186847431235
gene_72,species_2,t3,0.003785311323001271
gene_72,species_3,t0,0.0
gene_72,species_3,t1,1.6960946165805284
gene_72,species_3,t2,6.197713384044616
gene_72,species_3,t3,0.0
gene_73,species_1,t0,1.3648839405234872
gene_73,species_1,t1,0.0
gene_73,species_1,t2,1.5845628332121635
gene_73,species_1,t3,0.36761494306301024
gene_73,species_2,t0,0.33711531206572
gene_73,species_2,t1,0.0
gene_73,species_2,t2,1.0117352541549547
gene_73,species_2,t3,0.0
gene_73,species_3,t0,1.1884798910990235
gene_73,species_3,t1,0.0
gene_73,species_3,t2,3.3085340996023547
gene_73,species_3,t3,0.9982001035316346
gene_74,species_1,t0,0.7439270050713389
gene_74,species_1,t1,1.6692718861819096
gene_74,species_1,t2,0.0
gene_74,species_1,t3,0.7619588984187046
gene_74,species_2,t0,0.0
gene_74,species_2,t1,0.0
gene_74,species_2,t2,0.0
gene_74,species_2,t3,1.0291136406591943
gene_74,species_3,t0,0.8772293578765744
gene_74,species_3,t1,1.4378065637234865
gene_74,species_3,t2,0.510291265404061
gene_74,species_3,t3,0.2674665606019549
gene_75,species_1,t0,0.0
gene_75,species_1,t1,2.9169680518449312
gene_75,species_1,t2,2.2904228455194247
gene_75,species_1,t3,0.0
gene_75,species_2,t0,0.0
gene_75,species_2,t1,0.26274942332196755
gene_75,species_2,t2,0.39167122557711775
gene_75,species_2,t3,0.378580606855223
gene_75,species_3,t0,0.0
gene_75,species_3,t1,1.856636119742431
gene_75,species_3,t2,0.0
gene_75,species_3,t3,0.0
gene_76,species_1,t0,2.3130398202506766
gene_76,species_1,t1,0.0
gene_76,species_1,t2,4.980120724500293
gene_76,species_1,t3,1.4474505570700424
gene_76,species_2,t0,0.2867618254452921
gene_76,species_2,t1,1.3621237256464274
gene_76,species_2,t2,0.5320497369634579
gene_76,species_2,t3,0.5305138675027676
gene_76,species_3,t0,1.4874118134714254
gene_76,species_3,t1,0.0
gene_76,species_3,t2,0.0
gene_76,species_3,t3,0.23052523547520942
gene_77,species_1,t0,2.8925917731846313
gene_77,species_1,t1,4.370838875261292
gene_77,species_1,t2,5.202252170021474
gene_77,species_1,t3,1.318835268103783
gene_77,species_2,t0,0.0
gene_77,species_2,t1,1.5008448794294023
gene_77,species_2,t2,0.8050710754072458
gene_77,species_2,t3,0.0
gene_77,species_3,t0,1.5843084315305294
gene_77,species_3,t1,4.974642157340124
gene_77,species_3,t2,1.4242185049138323
gene_77,species_3,t3,0.0
gene_78,species_1,t0,0.2559319260617558
gene_78,species_1,t1,0.08597903284282335
gene_78,species_1,t2,0.0
gene_78,species_1,t3,0.24532250576530895
gene_78,species_2,t0,0.0
gene_78,species_2,t1,0.7293101738240165
gene_78,species_2,t2,0.0
gene_78,species_2,t3,0.3138977966509603
gene_78,species_3,t0,0.15185669185156286
gene_78,species_3,t1,1.1435953353154427
gene_78,species_3,t2,1.0245837445308523
gene_78,species_3,t3,0.0
gene_79,species_1,t0,1.9304092578496894
gene_79,species_1,t1,2.942296130783152
gene_79,species_1,t2,2.948140660541352
gene_79,species_1,t3,0.6795170989905401
gene_79,species_2,t0,0.45882631029444465
gene_79,species_2,t1,0.8275305405303794
gene_79,species_2,t2,0.4087781989381239
gene_79,species_2,t3,0.0
gene_79,species_3,t0,1.098589874015921
gene_79,species_3,t1,2.8379596563936844
gene_79,species_3,t2,1.966842249505006
gene_79,species_3,t3,0.6009686071672993
gene_80,species_1,t0,0.0
gene_80,species_1,t1,0.6332288849310255
gene_80,species_1,t2,0.6129546949769868
gene_80,species_1,t3,0.0
gene_80,species_2,t0,0.0
gene_80,species_2,t1,0.0
gene_80,species_2,t2,0.7748753704222168
gene_80,species_2,t3,0.35247266671350336
gene_80,species_3,t0,0.3167761357230078
gene_80,species_3,t1,0.5273554052108349
gene_80,species_3,t2,0.36676019269500837
gene_80,species_3,t3,0.25869474173756113
gene_81,species_1,t0,0.4663032022146689
gene_81,species_1,t1,0.5005524422783643
gene_81,species_1,t2,1.124867173032884
gene_81,species_1,t3,0.0
gene_81,species_2,t0,0.0
gene_81,species_2,t1,0.12924683768103779
gene_81,species_2,t2,0.0
gene_81,species_2,t3,0.0
gene_81,species_3,t0,0.2669292450297227
gene_81,species_3,t1,0.9607159781197835
gene_81,species_3,t2,0.0
gene_81,species_3,t3,0.0
gene_82,species_1,t0,0.0
gene_82,species_1,t1,0.0
gene_82,species_1,t2,1.25152773119233
gene_82,species_1,t3,0.07081524775652495
gene_82,species_2,t0,0.0
gene_82,species_2,t1,0.0
gene_82,species_2,t2,1.3008260353243135
gene_82,species_2,t3,0.48683646665114694
gene_82,species_3,t0,0.15580893311341792
gene_82,species_3,t1,1.7955052435210617
gene_82,species_3,t2,0.0
gene_82,species_3,t3,0.0
gene_83,species_1,t0,0.0
gene_83,species_1,t1,4.441819657247458
gene_83,species_1,t2,4.404793689649099
gene_83,species_1,t3,1.521920334925943
gene_83,species_2,t0,0.06034404309612562
gene_83,species_2,t1,0.7874632030769473
gene_83,species_2,t2,2.837783935413202
gene_83,species_2,t3,0.0
gene_83,species_3,t0,2.4213192092111195
gene_83,species_3,t1,2.951283410940911
gene_83,species_3,t2,3.1583675823564725
gene_83,species_3,t3,0.0
gene_84,species_1,t0,1.1654416025840304
gene_84,species_1,t1,2.2695559430669445
gene_84,species_1,t2,3.0976261472348643
gene_84,species_1,t3,1.3113877851897704
gene_84,species_2,t0,0.3409168367136009
gene_84,species_2,t1,0.07848845426974622
gene_84,species_2,t2,0.0
gene_84,species_2,t3,1.4885522442019137
gene_84,species_3,t0,0.0
gene_84,species_3,t1,2.740677587471736
gene_84,species_3,t2,0.0
gene_84,species_3,t3,0.6171796635483165
gene_85,species_1,t0,1.243999638773504
gene_85,species_1,t1,2.7895373965106027
gene_85,species_1,t2,1.457979619464499
gene_85,species_1,t3,0.0
gene_85,species_2,t0,0.805999110858667
gene_85,species_2,t1,0.26283163839121026
gene_85,species_2,t2,0.3414509221418721
gene_85,species_2,t3,1.0441887755770012
gene_85,species_3,t0,0.0
gene_85,species_3,t1,0.5501863182584844
gene_85,species_3,t2,0.0
gene_85,species_3,t3,1.4433716734610436
gene_86,species_1,t0,0.0
gene_86,species_1,t1,0.0
gene_86,species_1,t2,0.4469942713853479
gene_86,species_1,t3,0.1598576327829537
gene_86,species_2,t0,0.24128175742715907
gene_86,species_2,t1,0.11078169055735784
gene_86,species_2,t2,0.5593492880080372
gene_86,species_2,t3,0.5463607152681323
gene_86,species_3,t0,0.0
gene_86,species_3,t1,0.0
gene_86,species_3,t2,0.0
gene_86,species_3,t3,0.2678635291292223
gene_87,species_1,t0,0.3295084567656788
gene_87,species_1,t1,0.5299898848398217
gene_87,species_1,t2,0.8661704218759685
gene_87,species_1,t3,0.566116026260843
gene_87,species_2,t0,0.8436178016354948
gene_87,species_2,t1,0.9156588359682432
gene_87,species_2,t2,0.0
gene_87,species_2,t3,0.0
gene_87,species_3,t0,0.5041679133313095
gene_87,species_3,t1,0.5258916114083323
gene_87,species_3,t2,0.0
gene_87,species_3,t3,1.3958994885197327
gene_88,species_1,t0,1.0592576726537164
gene_88,species_1,t1,1.7121607737923914
gene_88,species_1,t2,1.8120172960720313
gene_88,species_1,t3,0.4011665373695573
gene_88,species_2,t0,0.13075717184356755
gene_88,species_2,t1,0.09758195121987534
gene_88,species_2,t2,0.31974166608291255
gene_88,species_2,t3,0.0453061033802274
gene_88,species_3,t0,0.7505061446302269
gene_88,species_3,t1,0.0
gene_88,species_3,t2,0.9223619932549298
gene_88,species_3,t3,0.17226088565280778
gene_89,species_1,t0,0.9554134077932823
gene_89,species_1,t1,1.5719950485735241
gene_89,species_1,t2,2.1679447915407852
gene_89,species_1,t3,0.39231775516521883
gene_89,species_2,t0,0.0
gene_89,species_2,t1,0.0
gene_89,species_2,t2,0.0
gene_89,species_2,t3,0.3990163093052306
gene_89,species_3,t0,0.7063459642147116
gene_89,species_3,t1,2.4193516459671267
gene_89,species_3,t2,0.042680993866341874
gene_89,species_3,t3,0.20316150628228036
gene_90,species_1,t0,0.707599836563837
gene_90,species_1,t1,1.072459949802538
gene_90,species_1,t2,0.0
gene_90,species_1,t3,0.5658917397979976
gene_90,species_2,t0,0.3746481488115946
gene_90,species_2,t1,0.13715298668422415
gene_90,species_2,t2,0.898517705513562
gene_90,species_2,t3,0.0
gene_90,species_3,t0,0.6298086005566652
gene_90,species_3,t1,1.4914256701367494
gene_90,species_3,t2,0.02519969976017189
gene_90,species_3,t3,0.38073805785127746
gene_91,species_1,t0,2.337520153738062
gene_91,species_1,t1,4.9742133380868685
gene_91,species_1,t2,3.0993474008910176
gene_91,species_1,t3,0.0
gene_91,species_2,t0,0.0
gene_91,species_2,t1,0.0
gene_91,species_2,t2,0.6527661524125064
gene_91,species_2,t3,0.0
gene_91,species_3,t0,0.0
gene_91,species_3,t1,1.2250972284717676
gene_91,species_3,t2,0.0
gene_91,species_3,t3,0.0
gene_92,species_1,t0,1.1264471544251276
gene_92,species_1,t1,1.4879616617807
gene_92,species_1,t2,2.4366008887435364
gene_92,species_1,t3,0.9618816592911362
gene_92,species_2,t0,0.5073647993768932
gene_92,species_2,t1,0.39659517063569794
gene_92,species_2,t2,0.6455364461291045
gene_92,species_2,t3,0.0
gene_92,species_3,t0,0.8447522116558966
gene_92,species_3,t1,2.4613943271096574
gene_92,species_3,t2,0.1261262976525151
gene_92,species_3,t3,0.0
gene_93,species_1,t0,1.2864798533285882
gene_93,species_1,t1,0.0
gene_93,species_1,t2,2.1645828147885804
gene_93,species_1,t3,0.0
gene_93,species_2,t0,0.0
gene_93,species_2,t1,1.3365620941735779
gene_93,species_2,t2,2.7194632611605125
gene_93,species_2,t3,1.2222975260315083
gene_93,species_3,t0,1.6164026201172925
gene_93,species_3,t1,0.5893660406145036
gene_93,species_3,t2,3.10541474496854
gene_93,species_3,t3,0.0
gene_94,species_1,t0,1.9242010856001253
gene_94,species_1,t1,3.1949944830210115
gene_94,species_1,t2,4.192231272117775
gene_94,species_1,t3,1.1258537163824642
gene_94,species_2,t0,0.0
gene_94,species_2,t1,0.0
gene_94,species_2,t2,0.7350173523846933
gene_94,species_2,t3,0.0
gene_94,species_3,t0,1.6197619758565296
gene_94,species_3,t1,3.8443686020614924
gene_94,species_3,t2,0.7789884621957173
gene_94,species_3,t3,0.012841463543145637
gene_95,species_1,t0,0.5703569800080533
gene_95,species_1,t1,0.0
gene_95,species_1,t2,0.0
gene_95,species_1,t3,0.4892109628186097
gene_95,species_2,t0,0.0
gene_95,species_2,t1,1.1912785213541635
gene_95,species_2,t2,1.1116106725141215
gene_95,species_2,t3,0.0
gene_95,species_3,t0,0.0
gene_95,species_3,t1,2.835157477533378
gene_95,species_3,t2,2.031937423833744
gene_95,species_3,t3,0.5103232448261025
gene_96,species_1,t0,0.0
gene_96,species_1,t1,0.0
gene_96,species_1,t2,0.0
gene_96,species_1,t3,0.0
gene_96,species_2,t0,0.8948152550962578
gene_96,species_2,t1,0.0
gene_96,species_2,t2,0.0
gene_96,species_2,t3,0.9586560117611196
gene_96,species_3,t0,0.0
gene_96,species_3,t1,1.6231869795288179
gene_96,species_3,t2,0.0
gene_96,species_3,t3,1.6997702710150806
gene_97,species_1,t0,1.7422868789943604
gene_97,species_1,t1,0.0
gene_97,species_1,t2,3.617638662384237
gene_97,species_1,t3,0.9216981060449194
gene_97,species_2,t0,0.0
gene_97,species_2,t1,0.0
gene_97,species_2,t2,0.0
gene_97,species_2,t3,0.0
gene_97,species_3,t0,0.785169755635701
gene_97,species_3,t1,4.055222219165122
gene_97,species_3,t2,0.0
gene_97,species_3,t3,0.0
gene_98,species_1,t0,0.0
gene_98,species_1,t1,3.0997254822165834
gene_98,species_1,t2,0.0
gene_98,species_1,t3,0.0
gene_98,species_2,t0,0.0
gene_98,species_2,t1,0.0
gene_98,species_2,t2,0.0
gene_98,species_2,t3,0.30524292524665797
gene_98,species_3,t0,0.0
gene_98,species_3,t1,0.925824471227768
gene_98,species_3,t2,3.2788915055227
gene_98,species_3,t3,1.2154412046359875
gene_99,species_1,t0,2.7447467498553126
gene_99,species_1,t1,6.542222183830355
gene_99,species_1,t2,4.4732626981927
gene_99,species_1,t3,1.2914596707141035
gene_99,species_2,t0,0.545092436822685
gene_99,species_2,t1,1.1149365091653862
gene_99,species_2,t2,3.447969361338577
gene_99,species_2,t3,1.2461137869432797
gene_99,species_3,t0,0.0
gene_99,species_3,t1,2.1078636573951806
gene_99,species_3,t2,6.557544423343016
gene_99,species_3,t3,0.0
gene_100,species_1,t0,0.0
gene_100,species_1,t1,2.307504549611271
gene_100,species_1,t2,2.5947048691853105
gene_100,species_1,t3,0.4871671465518377
gene_100,species_2,t0,0.0
gene_100,species_2,t1,0.0
gene_100,species_2,t2,0.048849788348894724
gene_100,species_2,t3,0.0
gene_100,species_3,t0,0.0
gene_100,species_3,t1,2.2531425666922447
gene_100,species_3,t2,0.0
gene_100,species_3,t3,0.15551498852833018
gene_101,species_1,t0,0.9906405764161617
gene_101,species_1,t1,2.331506617890143
gene_101,species_1,t2,1.7140195181321594
gene_101,species_1,t3,0.5425250154676893
gene_101,species_2,t0,0.015337767401081712
gene_101,species_2,t1,0.825597172885715
gene_101,species_2,t2,1.6379832051843766
gene_101,species_2,t3,0.9358825017715959
gene_101,species_3,t0,0.0
gene_101,species_3,t1,0.0
gene_101,species_3,t2,2.202705313802666
gene_101,species_3,t3,0.3593138332070381
gene_102,species_1,t0,2.257181892614025
gene_102,species_1,t1,3.699180220431088
gene_102,species_1,t2,0.0
gene_102,species_1,t3,1.1354830743080946
gene_102,species_2,t0,0.1983457888305002
gene_102,species_2,t1,1.0883137482550527
gene_102,species_2,t2,0.37775417616272494
gene_102,species_2,t3,0.07604102321469434
gene_102,species_3,t0,1.2212835726560942
gene_102,species_3,t1,0.0
gene_102,species_3,t2,1.8205354467590267
gene_102,species_3,t3,0.0
gene_103,species_1,t0,0.5480664170723638
gene_103,species_1,t1,0.0
gene_103,species_1,t2,0.7492291799424613
gene_103,species_1,t3,0.0
gene_103,species_2,t0,0.07063465023504858
gene_103,species_2,t1,0.721758306016826
gene_103,species_2,t2,1.409830671109042
gene_103,species_2,t3,0.8872517963732395
gene_103,species_3,t0,0.0
gene_103,species_3,t1,0.05118435459326438
gene_103,species_3,t2,1.555293549938182
gene_103,species_3,t3,0.0
gene_104,species_1,t0,0.9912938163705667
gene_104,species_1,t1,0.0
gene_104,species_1,t2,1.9829180235692625
gene_104,species_1,t3,0.8190961864854036
gene_104,species_2,t0,0.08166773884004615
gene_104,species_2,t1,0.0
gene_104,species_2,t2,1.3340067220972527
gene_104,species_2,t3,1.0300398325242863
gene_104,species_3,t0,0.993355124778204
gene_104,species_3,t1,1.665358918365465
gene_104,species_3,t2,0.0
gene_104,species_3,t3,0.0
gene_105,species_1,t0,0.0
gene_105,species_1,t1,4.327262533643119
gene_105,species_1,t2,3.501104122502318
gene_105,species_1,t3,1.0639340856590642
gene_105,species_2,t0,0.0
gene_105,species_2,t1,0.0
gene_105,species_2,t2,2.2360213129160527
gene_105,species_2,t3,0.9248057593833356
gene_105,species_3,t0,2.1348172102085137
gene_105,species_3,t1,2.0948453119384203
gene_105,species_3,t2,0.0
gene_105,species_3,t3,0.9177632490786546
gene_106,species_1,t0,0.0
gene_106,species_1,t1,2.048442693527144
gene_106,species_1,t2,1.9324614262931092
gene_106,species_1,t3,0.48503766591229136
gene_106,species_2,t0,0.20491435596536106
gene_106,species_2,t1,0.3195682368357248
gene_106,species_2,t2,0.31557787878559596
gene_106,species_2,t3,0.19159510848159503
gene_106,species_3,t0,0.7739132675360197
gene_106,species_3,t1,1.6907309579252976
gene_106,species_3,t2,1.0656730982653206
gene_106,species_3,t3,0.27427822649559713
gene_107,species_1,t0,0.0
gene_107,species_1,t1,2.4298558726402004
gene_107,species_1,t2,2.1661482311065003
gene_107,species_1,t3,0.5205743285517657
gene_107,species_2,t0,0.3122852638958575
gene_107,species_2,t1,0.5920894253950648
gene_107,species_2,t2,0.19016541031051196
gene_107,species_2,t3,0.6761362619684167
gene_107,species_3,t0,0.8962625459963226
gene_107,species_3,t1,1.6953546755359754
gene_107,species_3,t2,1.9826584542904082
gene_107,species_3,t3,0.0
gene_108,species_1,t0,2.4034339169135444
gene_108,species_1,t1,3.7460506758165426
gene_108,species_1,t2,0.0
gene_108,species_1,t3,1.2629834498960648
gene_108,species_2,t0,0.0
gene_108,species_2,t1,1.3656608624381592
gene_108,species_2,t2,0.7241527705603672
gene_108,species_2,t3,0.019100858371465447
gene_108,species_3,t0,1.3936776601358472
gene_108,species_3,t1,4.879699390721827
gene_108,species_3,t2,0.4199608364104488
gene_108,species_3,t3,0.04960200607089573
gene_109,species_1,t0,0.0
gene_109,species_1,t1,0.0
gene_109,species_1,t2,4.784369465825204
gene_109,species_1,t3,0.0
gene_109,species_2,t0,0.0
gene_109,species_2,t1,0.01492889409253766
gene_109,species_2,t2,1.313354539202486
gene_109,species_2,t3,0.48000670702052706
gene_109,species_3,t0,0.0
gene_109,species_3,t1,0.0
gene_109,species_3,t2,4.517647535205865
gene_109,species_3,t3,0.9853836916754994
gene_110,species_1,t0,0.6464559716967692
gene_110,species_1,t1,1.4253862897151568
gene_110,species_1,t2,0.0
gene_110,species_1,t3,0.3434837507624132
gene_110,species_2,t0,0.06423526384849632
gene_110,species_2,t1,0.002045834820709469
gene_110,species_2,t2,0.35299000782313417
gene_110,species_2,t3,0.14900089719135204
gene_110,species_3,t0,0.6617563240509645
gene_110,species_3,t1,0.5137581675563565
gene_110,species_3,t2,1.6717480836848948
gene_110,species_3,t3,0.6487212813752128
gene_111,species_1,t0,0.9877302588677083
gene_111,species_1,t1,1.7962737613883948
gene_111,species_1,t2,1.115828497023719
gene_111,species_1,t3,0.0
gene_111,species_2,t0,0.6057678831774975
gene_111,species_2,t1,0.0
gene_111,species_2,t2,0.0
gene_111,species_2,t3,1.364302338444224
gene_111,species_3,t0,0.1654476269043077
gene_111,species_3,t1,0.0
gene_111,species_3,t2,2.050647050473996
gene_111,species_3,t3,0.9853236388737223
gene_112,species_1,t0,0.40619674358816715
gene_112,species_1,t1,0.8219321519866158
gene_112,species_1,t2,0.0
gene_112,species_1,t3,0.0
gene_112,species_2,t0,0.1512232816449774
gene_112,species_2,t1,0.13318967571241647
gene_112,species_2,t2,0.11274067957773587
gene_112,species_2,t3,0.0
gene_112,species_3,t0,0.4632895823175364
gene_112,species_3,t1,0.6362661040349389
gene_112,species_3,t2,0.0
gene_112,species_3,t3,0.1784621502776654
gene_113,species_1,t0,2.2766912492732287
gene_113,species_1,t1,3.7515594049128906
gene_113,species_1,t2,3.98903482487576
gene_113,species_1,t3,0.0
gene_113,species_2,t0,0.0
gene_113,species_2,t1,0.5224458586680231
gene_113,species_2,t2,0.877437561629416
gene_113,species_2,t3,0.43942950698306726
gene_113,species_3,t0,1.7754343693849428
gene_113,species_3,t1,3.1727996863413184
gene_113,species_3,t2,2.425380123057319
gene_113,species_3,t3,0.41716494296369255
gene_114,species_1,t0,0.8730440862524298
gene_114,species_1,t1,0.0
gene_114,species_1,t2,2.3896047722852463
gene_114,species_1,t3,0.6851967591516461
gene_114,species_2,t0,0.0
gene_114,species_2,t1,1.1886010939118021
gene_114,species_2,t2,1.1932235039164654
gene_114,species_2,t3,0.0
gene_114,species_3,t0,0.1541251523942681
gene_114,species_3,t1,3.0836068911018093
gene_114,species_3,t2,2.008076620015735
gene_114,species_3,t3,0.6449446051153529
gene_115,species_1,t0,2.9435400802938516
gene_115,species_1,t1,0.0
gene_115,species_1,t2,4.882182128026105
gene_115,species_1,t3,1.3669170762490086
gene_115,species_2,t0,0.18887095860106987
gene_115,species_2,t1,0.24819948512150353
gene_115,species_2,t2,1.87792407723337
gene_115,species_2,t3,0.0
gene_115,species_3,t0,2.4392194282692214
gene_115,species_3,t1,0.0
gene_115,species_3,t2,5.47736415513034
gene_115,species_3,t3,0.0
gene_116,species_1,t0,0.1907406975119324
gene_116,species_1,t1,0.4581084648926911
gene_116,species_1,t2,0.0
gene_116,species_1,t3,0.0
gene_116,species_2,t0,0.0
gene_116,species_2,t1,0.17204194026371517
gene_116,species_2,t2,0.0
gene_116,species_2,t3,0.10938672250629368
gene_116,species_3,t0,0.24289161002465695
gene_116,species_3,t1,0.6455074268655279
gene_116,species_3,t2,0.4248881948341387
gene_116,species_3,t3,0.0
gene_117,species_1,t0,0.5826067016178663
gene_117,species_1,t1,0.5227608760995085
gene_117,species_1,t2,0.0
gene_117,species_1,t3,0.0
gene_117,species_2,t0,0.5003379219278461
gene_117,species_2,t1,0.0
gene_117,species_2,t2,2.612966353361027
gene_117,species_2,t3,0.0
gene_117,species_3,t0,0.2059316019347896
gene_117,species_3,t1,1.6123071183854862
gene_117,species_3,t2,0.23010684394109573
gene_117,species_3,t3,0.5302200003116231
gene_118,species_1,t0,1.602153973948023
gene_118,species_1,t1,2.5560410863974363
gene_118,species_1,t2,3.135468377328888
gene_118,species_1,t3,0.8535337967109407
gene_118,species_2,t0,0.040051751434567975
gene_118,species_2,t1,0.25842285835584183
gene_118,species_2,t2,0.8537466978244708
gene_118,species_2,t3,0.7667682322426256
gene_118,species_3,t0,1.5002535264120045
gene_118,species_3,t1,2.3854569359240854
gene_118,species_3,t2,1.163901210435288
gene_118,species_3,t3,0.0
gene_119,species_1,t0,0.0
gene_119,species_1,t1,0.0
gene_119,species_1,t2,0.0
gene_119,species_1,t3,1.02502496325692
gene_119,species_2,t0,0.0
gene_119,species_2,t1,1.162848933336503
gene_119,species_2,t2,0.7498261199016578
gene_119,species_2,t3,0.0
gene_119,species_3,t0,0.980943439721171
gene_119,species_3,t1,3.9154358766928192
gene_119,species_3,t2,0.0
gene_119,species_3,t3,0.1360590590767691
gene_120,species_1,t0,0.0
gene_120,species_1,t1,4.112578689374807
gene_120,species_1,t2,2.5990849680348393
gene_120,species_1,t3,0.0
gene_120,species_2,t0,0.0
gene_120,species_2,t1,1.8762021858071414
gene_120,species_2,t2,4.232094668272951
gene_120,species_2,t3,1.9464140108679815
gene_120,species_3,t0,2.2490680739172157
gene_120,species_3,t1,0.2726376432937707
gene_120,species_3,t2,4.8407735538380114
gene_120,species_3,t3,0.0
gene_121,species_1,t0,0.6673143565519267
gene_121,species_1,t1,1.2963835420358567
gene_121,species_1,t2,1.4298573738689742
gene_121,species_1,t3,0.2711200173404446
gene_121,species_2,t0,0.23738885776917337
gene_121,species_2,t1,0.6930665327116613
gene_121,species_2,t2,0.9178978290410704
gene_121,species_2,t3,0.0
gene_121,species_3,t0,0.15965942494193258
gene_121,species_3,t1,1.344823485789466
gene_121,species_3,t2,0.0
gene_121,species_3,t3,0.5700612648477088
gene_122,species_1,t0,0.16965792800221885
gene_122,species_1,t1,0.0
gene_122,species_1,t2,0.16239505200484805
gene_122,species_1,t3,0.10514450328002325
gene_122,species_2,t0,0.20484894117377522
gene_122,species_2,t1,0.8641589932822065
gene_122,species_2,t2,1.4899003309689045
gene_122,species_2,t3,0.8668108190120841
gene_122,species_3,t0,0.40870650650546125
gene_122,species_3,t1,0.8798936791268854
gene_122,species_3,t2,0.0
gene_122,species_3,t3,0.3428255215625538
gene_123,species_1,t0,1.083141857921539
gene_123,species_1,t1,0.6760360098930851
gene_123,species_1,t2,0.0
gene_123,species_1,t3,0.36047452029807026
gene_123,species_2,t0,0.0
gene_123,species_2,t1,0.0
gene_123,species_2,t2,2.4453714207022794
gene_123,species_2,t3,1.0400706993294133
gene_123,species_3,t0,0.0
gene_123,species_3,t1,0.0
gene_123,species_3,t2,0.0
gene_123,species_3,t3,0.0
gene_124,species_1,t0,0.7945079640180415
gene_124,species_1,t1,1.431958171219512
gene_124,species_1,t2,0.0
gene_124,species_1,t3,0.9423416261562715
gene_124,species_2,t0,0.5573443045719392
gene_124,species_2,t1,0.6693289054703352
gene_124,species_2,t2,0.0
gene_124,species_2,t3,1.8059734147329523
gene_124,species_3,t0,0.0
gene_124,species_3,t1,0.0
gene_124,species_3,t2,0.39484764029129005
gene_124,species_3,t3,0.7138312697475939
gene_125,species_1,t0,2.0250966006921995
gene_125,species_1,t1,4.123159402567032
gene_125,species_1,t2,0.0
gene_125,species_1,t3,0.7834779985561263
gene_125,species_2,t0,0.4700959612781719
gene_125,species_2,t1,0.5471516666861052
gene_125,species_2,t2,1.4401659022833717
gene_125,species_2,t3,0.22847657364665722
gene_125,species_3,t0,1.7435844329073473
gene_125,species_3,t1,1.2450352632799702
gene_125,species_3,t2,4.445752042853537
gene_125,species_3,t3,1.0759392223636572
gene_126,species_1,t0,0.6784801495498723
gene_126,species_1,t1,0.0
gene_126,species_1,t2,0.0
gene_126,species_1,t3,0.0
gene_126,species_2,t0,0.0
gene_126,species_2,t1,0.7865448366331768
gene_126,species_2,t2,0.0
gene_126,species_2,t3,0.0
gene_126,species_3,t0,0.24774073558089874
gene_126,species_3,t1,0.0
gene_126,species_3,t2,0.0
gene_126,species_3,t3,0.20595708596153173
gene_127,species_1,t0,1.4610492692953638
gene_127,species_1,t1,2.2306373199244574
gene_127,species_1,t2,2.2115754257383373
gene_127,species_1,t3,0.3932670313536833
gene_127,species_2,t0,0.29360481780087283
gene_127,species_2,t1,0.0
gene_127,species_2,t2,1.0549214947477983
gene_127,species_2,t3,0.7687224044919612
gene_127,species_3,t0,0.0
gene_127,species_3,t1,1.9096993195710235
gene_127,species_3,t2,0.0
gene_127,species_3,t3,0.0
gene_128,species_1,t0,1.279451132092904
gene_128,species_1,t1,2.1491362363094737
gene_128,species_1,t2,0.0
gene_128,species_1,t3,1.2389424490353247
gene_128,species_2,t0,0.5863587289863914
gene_128,species_2,t1,0.7189262903627732
gene_128,species_2,t2,0.31024252647491013
gene_128,species_2,t3,0.8089304397290571
gene_128,species_3,t0,0.9019791134109603
gene_128,species_3,t1,3.4231088095033937
gene_128,species_3,t2,0.7092970200542944
gene_128,species_3,t3,0.5115754296753707
gene_129,species_1,t0,1.138795052466427
gene_129,species_1,t1,2.2378288605836345
gene_129,species_1,t2,0.0
gene_129,species_1,t3,0.6562383946919024
gene_129,species_2,t0,0.0
gene_129,species_2,t1,0.6169993743382702
gene_129,species_2,t2,0.05885581466395545
gene_129,species_2,t3,0.07616648469444601
gene_129,species_3,t0,0.0
gene_129,species_3,t1,1.940775281602218
gene_129,species_3,t2,1.1602553795733372
gene_129,species_3,t3,0.0
gene_130,species_1,t0,1.0664390033188627
gene_130,species_1,t1,2.5005851735442772
gene_130,species_1,t2,1.6740828263581833
gene_130,species_1,t3,0.25636426796173906
gene_130,species_2,t0,0.39764904113043636
gene_130,species_2,t1,0.0
gene_130,species_2,t2,0.0
gene_130,species_2,t3,0.09154589226175441
gene_130,species_3,t0,1.0419353192798604
gene_130,species_3,t1,0.5258294035121192
gene_130,species_3,t2,0.0
gene_130,species_3,t3,0.6304175944515749
gene_131,species_1,t0,0.13941581726473445
gene_131,species_1,t1,0.8160373262401768
gene_131,species_1,t2,0.0
gene_131,species_1,t3,0.0
gene_131,species_2,t0,0.0
gene_131,species_2,t1,0.0
gene_131,species_2,t2,0.1316944297912696
gene_131,species_2,t3,0.0
gene_131,species_3,t0,0.0
gene_131,species_3,t1,1.1443324672217612
gene_131,species_3,t2,2.272291628769181
gene_131,species_3,t3,0.9611076300912293
gene_132,species_1,t0,0.5828524783736544
gene_132,species_1,t1,0.8604760789905873
gene_132,species_1,t2,1.7832775516034167
gene_132,species_1,t3,0.8053222023346529
gene_132,species_2,t0,0.0
gene_132,species_2,t1,0.0
gene_132,species_2,t2,0.0
gene_132,species_2,t3,1.0392545184930513
gene_132,species_3,t0,0.0
gene_132,species_3,t1,1.4857378747467709
gene_132,species_3,t2,0.5483796063512321
gene_132,species_3,t3,0.0
gene_133,species_1,t0,0.0
gene_133,species_1,t1,0.42127264464219244
gene_133,species_1,t2,0.0
gene_133,species_1,t3,0.05933747332830822
gene_133,species_2,t0,0.10684876775506277
gene_133,species_2,t1,0.28332802879666596
gene_133,species_2,t2,0.5168465661840619
gene_133,species_2,t3,0.253562829377695
gene_133,species_3,t0,0.033119876191101134
gene_133,species_3,t1,0.8025409494758102
gene_133,species_3,t2,0.02405279185501985
gene_133,species_3,t3,0.1695741692677894
gene_134,species_1,t0,0.0
gene_134,species_1,t1,0.0
gene_134,species_1,t2,1.0629622447893396
gene_134,species_1,t3,0.0
gene_134,species_2,t0,0.0
gene_134,species_2,t1,0.521180637508301
gene_134,species_2,t2,0.0
gene_134,species_2,t3,1.0971546913279533
gene_134,species_3,t0,0.0
gene_134,species_3,t1,0.5514175792150517
gene_134,species_3,t2,2.2775001600967393
gene_134,species_3,t3,1.033822510444105
gene_135,species_1,t0,0.13354878010638646
gene_135,species_1,t1,0.0
gene_135,species_1,t2,0.59446480537999
gene_135,species_1,t3,0.34914108340663264
gene_135,species_2,t0,0.0
gene_135,species_2,t1,0.0
gene_135,species_2,t2,0.6176780493200659
gene_135,species_2,t3,0.8688093189128351
gene_135,species_3,t0,0.03519670517950005
gene_135,species_3,t1,1.0915725169244357
gene_135,species_3,t2,1.5156660021378026
gene_135,species_3,t3,0.7137565859700848
gene_136,species_1,t0,0.9482463576778577
gene_136,species_1,t1,0.0
gene_136,species_1,t2,1.6926066887399325
gene_136,species_1,t3,0.0
gene_136,species_2,t0,0.0
gene_136,species_2,t1,0.0
gene_136,species_2,t2,2.672868112405284
gene_136,species_2,t3,1.447990484802608
gene_136,species_3,t0,1.2858607044436392
gene_136,species_3,t1,0.0
gene_136,species_3,t2,2.129849752518376
gene_136,species_3,t3,0.0
gene_137,species_1,t0,0.0
gene_137,species_1,t1,0.0
gene_137,species_1,t2,1.214863862160414
gene_137,species_1,t3,0.0
gene_137,species_2,t0,0.0
gene_137,species_2,t1,0.23549277258167317
gene_137,species_2,t2,0.8904327469511346
gene_137,species_2,t3,0.0
gene_137,species_3,t0,0.6724582844868229
gene_137,species_3,t1,0.0
gene_137,species_3,t2,0.0
gene_137,species_3,t3,0.26890749480666626
gene_138,species_1,t0,0.7778417844088886
gene_138,species_1,t1,1.169870285371276
gene_138,species_1,t2,1.3786616047811846
gene_138,species_1,t3,0.3012672782667419
gene_138,species_2,t0,0.0
gene_138,species_2,t1,0.0
gene_138,species_2,t2,0.0
gene_138,species_2,t3,0.36933395610233993
gene_138,species_3,t0,0.3209322400512389
gene_138,species_3,t1,1.3780277920889539
gene_138,species_3,t2,0.0
gene_138,species_3,t3,0.0
gene_139,species_1,t0,0.0
gene_139,species_1,t1,1.9037087105752157
gene_139,species_1,t2,2.177933810501875
gene_139,species_1,t3,0.4028064640181178
gene_139,species_2,t0,0.0
gene_139,species_2,t1,1.6446875968293633
gene_139,species_2,t2,0.0
gene_139,species_2,t3,0.0
gene_139,species_3,t0,0.0
gene_139,species_3,t1,2.499470594385347
gene_139,species_3,t2,0.0
gene_139,species_3,t3,0.0
gene_140,species_1,t0,3.9848286365638526
gene_140,species_1,t1,7.363293290222904
gene_140,species_1,t2,7.2710258282765645
gene_140,species_1,t3,1.8309528570672233
gene_140,species_2,t0,0.0
gene_140,species_2,t1,0.7511963299099668
gene_140,species_2,t2,1.065749007152341
gene_140,species_2,t3,0.0
gene_140,species_3,t0,0.0
gene_140,species_3,t1,5.698563189685364
gene_140,species_3,t2,4.771341370196202
gene_140,species_3,t3,0.0
gene_141,species_1,t0,1.563043913369813
gene_141,species_1,t1,1.5497164898551774
gene_141,species_1,t2,2.32336625753516
gene_141,species_1,t3,0.0
gene_141,species_2,t0,0.3387642357917287
gene_141,species_2,t1,1.9694823742543113
gene_141,species_2,t2,2.7384161458159557
gene_141,species_2,t3,1.6098738794379213
gene_141,species_3,t0,0.0882045195536596
gene_141,species_3,t1,2.8313489448786706
gene_141,species_3,t2,0.0
gene_141,species_3,t3,0.0
gene_142,species_1,t0,1.2004438964448636
gene_142,species_1,t1,1.6268047858496912
gene_142,species_1,t2,2.7196902681513793
gene_142,species_1,t3,0.0
gene_142,species_2,t0,0.16060601842373687
gene_142,species_2,t1,1.0386908317179882
gene_142,species_2,t2,0.5257252071021989
gene_142,species_2,t3,0.3551450668957951
gene_142,species_3,t0,0.48382581414016
gene_142,species_3,t1,3.0316932286980784
gene_142,species_3,t2,0.26045603356924163
gene_142,species_3,t3,0.2568541493765454
gene_143,species_1,t0,0.0
gene_143,species_1,t1,1.9937237438318531
gene_143,species_1,t2,0.0
gene_143,species_1,t3,0.057154010194919634
gene_143,species_2,t0,0.5391481795581379
gene_143,species_2,t1,0.5258684421559733
gene_143,species_2,t2,1.254035099939954
gene_143,species_2,t3,1.0788881138297997
gene_143,species_3,t0,0.2926199521424347
gene_143,species_3,t1,1.0708992813326779
gene_143,species_3,t2,2.197477778801757
gene_143,species_3,t3,0.9383978713653705
gene_144,species_1,t0,2.508710905495578
gene_144,species_1,t1,4.698140986358246
gene_144,species_1,t2,0.0
gene_144,species_1,t3,0.0
gene_144,species_2,t0,0.4989098952451366
gene_144,species_2,t1,0.0
gene_144,species_2,t2,0.0
gene_144,species_2,t3,0.0
gene_144,species_3,t0,0.0
gene_144,species_3,t1,3.320366197678441
gene_144,species_3,t2,3.559792795878615
gene_144,species_3,t3,1.2416439513260453
gene_145,species_1,t0,0.0
gene_145,species_1,t1,0.0
gene_145,species_1,t2,0.0
gene_145,species_1,t3,0.0
gene_145,species_2,t0,0.5591895628991764
gene_145,species_2,t1,0.7239193567150957
gene_145,species_2,t2,0.7675193673335123
gene_145,species_2,t3,0.7658816080265727
gene_145,species_3,t0,1.008232610270741
gene_145,species_3,t1,0.0
gene_145,species_3,t2,2.260692474602321
gene_145,species_3,t3,1.0156147954683346
gene_146,species_1,t0,0.0
gene_146,species_1,t1,5.389778713113155
gene_146,species_1,t2,4.021371198822286
gene_146,species_1,t3,1.0195748662794797
gene_146,species_2,t0,0.6148374093156252
gene_146,species_2,t1,0.0
gene_146,species_2,t2,1.5175257969318838
gene_146,species_2,t3,0.327599774286862
gene_146,species_3,t0,0.0
gene_146,species_3,t1,0.0
gene_146,species_3,t2,0.0
gene_146,species_3,t3,1.3591652268852281
gene_147,species_1,t0,1.9628259040682303
gene_147,species_1,t1,2.77761692507012
gene_147,species_1,t2,0.0
gene_147,species_1,t3,1.1542577398009186
gene_147,species_2,t0,0.0
gene_147,species_2,t1,0.0
gene_147,species_2,t2,1.270303515816059
gene_147,species_2,t3,0.19206599012879483
gene_147,species_3,t0,0.0
gene_147,species_3,t1,4.710744168664341
gene_147,species_3,t2,0.6235035726432641
gene_147,species_3,t3,0.17956280988208503
gene_148,species_1,t0,0.0
gene_148,species_1,t1,0.5143521899313777
gene_148,species_1,t2,0.0
gene_148,species_1,t3,0.06504645387692985
gene_148,species_2,t0,0.0
gene_148,species_2,t1,0.0
gene_148,species_2,t2,0.31079630791897345
gene_148,species_2,t3,0.1371070573579712
gene_148,species_3,t0,0.23164840044498738
gene_148,species_3,t1,0.569335646900588
gene_148,species_3,t2,0.0
gene_148,species_3,t3,0.0
gene_149,species_1,t0,2.05423818999647
gene_149,species_1,t1,4.4320784867151195
gene_149,species_1,t2,2.9019925811375664
gene_149,species_1,t3,0.0
gene_149,species_2,t0,0.5502037571664358
gene_149,species_2,t1,0.0
gene_149,species_2,t2,1.2985739464293313
gene_149,species_2,t3,0.2837379994023095
gene_149,species_3,t0,0.0
gene_149,species_3,t1,1.252404839814665
gene_149,species_3,t2,4.304534760919023
gene_149,species_3,t3,1.2063985326441522
gene_150,species_1,t0,0.0
gene_150,species_1,t1,0.0
gene_150,species_1,t2,0.6564342752542845
gene_150,species_1,t3,0.5026352124066915
gene_150,species_2,t0,0.6215820037161816
gene_150,species_2,t1,0.14142363290576027
gene_150,species_2,t2,1.12598410332262
gene_150,species_2,t3,1.1853904113274099
gene_150,species_3,t0,0.30672018318904254
gene_150,species_3,t1,0.0
gene_150,species_3,t2,1.1159778233625615
gene_150,species_3,t3,0.6530314897086364
gene_151,species_1,t0,2.1720505644162182
gene_151,species_1,t1,4.234371564033347
gene_151,species_1,t2,0.0
gene_151,species_1,t3,1.2338497192289015
gene_151,species_2,t0,0.0
gene_151,species_2,t1,0.0
gene_151,species_2,t2,1.6325316090428426
gene_151,species_2,t3,1.1724706336106177
gene_151,species_3,t0,1.9929963544958456
gene_151,species_3,t1,3.439648889369865
gene_151,species_3,t2,2.481919347484748
gene_151,species_3,t3,0.35258932184575575
gene_152,species_1,t0,0.0
gene_152,species_1,t1,0.0
gene_152,species_1,t2,0.29940415009722876
gene_152,species_1,t3,0.0
gene_152,species_2,t0,0.09312846638320013
gene_152,species_2,t1,0.4528087020431231
gene_152,species_2,t2,0.0
gene_152,species_2,t3,0.0
gene_152,species_3,t0,0.0
gene_152,species_3,t1,0.6073019677312843
gene_152,species_3,t2,0.0
gene_152,species_3,t3,0.3491880470131057
gene_153,species_1,t0,0.0
gene_153,species_1,t1,0.0
gene_153,species_1,t2,0.6350361150372522
gene_153,species_1,t3,0.39208122654412836
gene_153,species_2,t0,0.0
gene_153,species_2,t1,0.4454595809034563
gene_153,species_2,t2,1.3807880185396662
gene_153,species_2,t3,1.2211668377212628
gene_153,species_3,t0,0.0
gene_153,species_3,t1,0.6538341310665542
gene_153,species_3,t2,0.9424887783420964
gene_153,species_3,t3,0.0
gene_154,species_1,t0,2.3988073509228203
gene_154,species_1,t1,0.0
gene_154,species_1,t2,0.0
gene_154,species_1,t3,1.2700500331367535
gene_154,species_2,t0,0.0
gene_154,species_2,t1,1.398644573288013
gene_154,species_2,t2,0.8620804636607451
gene_154,species_2,t3,0.0
gene_154,species_3,t0,1.458624943472968
gene_154,species_3,t1,0.0
gene_154,species_3,t2,1.4272380699531204
gene_154,species_3,t3,0.4815351828410809
gene_155,species_1,t0,1.4741845168276517
gene_155,species_1,t1,3.75575248750666
gene_155,species_1,t2,0.0
gene_155,species_1,t3,0.0
gene_155,species_2,t0,0.776464738719595
gene_155,species_2,t1,1.2680272774084962
gene_155,species_2,t2,0.0
gene_155,species_2,t3,0.0
gene_155,species_3,t0,1.4734615658229828
gene_155,species_3,t1,0.458543997783851
gene_155,species_3,t2,5.233130480223563
gene_155,species_3,t3,1.4028644470671157
gene_156,species_1,t0,0.5941638794277484
gene_156,species_1,t1,0.0
gene_156,species_1,t2,1.1035587416094315
gene_156,species_1,t3,0.49637859584605626
gene_156,species_2,t0,0.3607240798110094
gene_156,species_2,t1,0.22528847870953816
gene_156,species_2,t2,0.0
gene_156,species_2,t3,0.7033548568029374
gene_156,species_3,t0,0.6800007550424441
gene_156,species_3,t1,0.7837886382834373
gene_156,species_3,t2,0.7150814298150382
gene_156,species_3,t3,0.2686250034789268
gene_157,species_1,t0,0.0
gene_157,species_1,t1,1.6384152005608215
gene_157,species_1,t2,2.594349582748406
gene_157,species_1,t3,0.7065991776698944
gene_157,species_2,t0,0.22608415993091766
gene_157,species_2,t1,0.0
gene_157,species_2,t2,0.21804286706210235
gene_157,species_2,t3,0.0
gene_157,species_3,t0,0.7634767990992934
gene_157,species_3,t1,2.905291455163519
gene_157,species_3,t2,0.4832756028525093
gene_157,species_3,t3,0.0
gene_158,species_1,t0,1.6403502702830985
gene_158,species_1,t1,2.2164039090876817
gene_158,species_1,t2,3.750355746434792
gene_158,species_1,t3,0.0
gene_158,species_2,t0,0.0
gene_158,species_2,t1,0.0
gene_158,species_2,t2,0.0
gene_158,species_2,t3,0.5054701509134613
gene_158,species_3,t0,1.0796025000137661
gene_158,species_3,t1,4.07767230053691
gene_158,species_3,t2,0.0
gene_158,species_3,t3,0.34899116868559765
gene_159,species_1,t0,0.0
gene_159,species_1,t1,0.0
gene_159,species_1,t2,2.04499049498401
gene_159,species_1,t3,0.6121977074315996
gene_159,species_2,t0,0.17628492711675503
gene_159,species_2,t1,0.0
gene_159,species_2,t2,0.0
gene_159,species_2,t3,0.4964404001627561
gene_159,species_3,t0,0.0
gene_159,species_3,t1,0.0
gene_159,species_3,t2,0.0
gene_159,species_3,t3,0.24176729274993009
gene_160,species_1,t0,1.7408285946574458
gene_160,species_1,t1,4.106536293557603
gene_160,species_1,t2,3.87928485966916
gene_160,species_1,t3,1.4027499181662544
gene_160,species_2,t0,0.329381727252925
gene_160,species_2,t1,0.9659135347992879
gene_160,species_2,t2,3.2885356881852146
gene_160,species_2,t3,0.0
gene_160,species_3,t0,2.390067865754877
gene_160,species_3,t1,2.46285047871354
gene_160,species_3,t2,2.611025221932541
gene_160,species_3,t3,0.0030035331256994258
gene_161,species_1,t0,4.30375389601855
gene_161,species_1,t1,7.626786947622152
gene_161,species_1,t2,8.35347773281991
gene_161,species_1,t3,2.209876996328912
gene_161,species_2,t0,0.11744736142410944
gene_161,species_2,t1,1.5381614619684285
gene_161,species_2,t2,0.0
gene_161,species_2,t3,0.08002342238754512
gene_161,species_3,t0,2.7062902963940902
gene_161,species_3,t1,7.147294150096105
gene_161,species_3,t2,3.8069993941854734
gene_161,species_3,t3,1.1662291266841183
gene_162,species_1,t0,3.3223972653390477
gene_162,species_1,t1,5.406902552716327
gene_162,species_1,t2,0.0
gene_162,species_1,t3,1.7099584179486431
gene_162,species_2,t0,0.0
gene_162,species_2,t1,1.3826086411189915
gene_162,species_2,t2,0.2925667682172132
gene_162,species_2,t3,0.31457883786799284
gene_162,species_3,t0,0.0
gene_162,species_3,t1,6.220062939936893
gene_162,species_3,t2,1.908902043281632
gene_162,species_3,t3,0.0
gene_163,species_1,t0,0.0
gene_163,species_1,t1,6.189090122213354
gene_163,species_1,t2,7.219261612772027
gene_163,species_1,t3,1.96088418771626
gene_163,species_2,t0,0.13790201067497734
gene_163,species_2,t1,0.0
gene_163,species_2,t2,0.2789975328226536
gene_163,species_2,t3,0.7748922675058322
gene_163,species_3,t0,2.4686638209055616
gene_163,species_3,t1,6.466283016289869
gene_163,species_3,t2,2.589498173809658
gene_163,species_3,t3,0.36637299389068895
gene_164,species_1,t0,0.38551665332613905
gene_164,species_1,t1,0.0
gene_164,species_1,t2,1.3171256571093017
gene_164,species_1,t3,0.0
gene_164,species_2,t0,0.5689818259308367
gene_164,species_2,t1,0.0
gene_164,species_2,t2,0.0
gene_164,species_2,t3,0.9113944992606383
gene_164,species_3,t0,0.2280921137705339
gene_164,species_3,t1,1.5919689314857695
gene_164,species_3,t2,1.3031804679622552
gene_164,species_3,t3,0.8572420445551783
gene_165,species_1,t0,1.823033421314134
gene_165,species_1,t1,2.6556332787673105
gene_165,species_1,t2,3.6191231991512693
gene_165,species_1,t3,0.7458103049440894
gene_165,species_2,t0,0.10682532794464243
gene_165,species_2,t1,0.8664479655619104
gene_165,species_2,t2,0.2373809099555399
gene_165,species_2,t3,0.0
gene_165,species_3,t0,0.8981663395623306
gene_165,species_3,t1,3.4990796503116157
gene_165,species_3,t2,0.6168679268814515
gene_165,species_3,t3,0.19445031189011375
gene_166,species_1,t0,0.1869601437275154
gene_166,species_1,t1,0.0
gene_166,species_1,t2,0.4479458484044674
gene_166,species_1,t3,0.0
gene_166,species_2,t0,0.0
gene_166,species_2,t1,0.20915746719715855
gene_166,species_2,t2,0.0
gene_166,species_2,t3,0.3052198978261997
gene_166,species_3,t0,0.10808649063018978
gene_166,species_3,t1,0.6065411599372939
gene_166,species_3,t2,0.0
gene_166,species_3,t3,0.0
gene_167,species_1,t0,1.1013171932400714
gene_167,species_1,t1,2.279413680809222
gene_167,species_1,t2,2.198191562617768
gene_167,species_1,t3,0.5632229743286091
gene_167,species_2,t0,0.14351399483713323
gene_167,species_2,t1,0.0
gene_167,species_2,t2,0.27480321356856957
gene_167,species_2,t3,0.0
gene_167,species_3,t0,0.0
gene_167,species_3,t1,0.0
gene_167,species_3,t2,1.1234531172800195
gene_167,species_3,t3,0.5227363091883669
gene_168,species_1,t0,1.5384158553856804
gene_168,species_1,t1,2.7202966854707817
gene_168,species_1,t2,2.4887945075463263
gene_168,species_1,t3,0.0
gene_168,species_2,t0,0.17864039340165022
gene_168,species_2,t1,0.0
gene_168,species_2,t2,0.052475709201691347
gene_168,species_2,t3,0.0
gene_168,species_3,t0,1.1066506749422869
gene_168,species_3,t1,0.0
gene_168,species_3,t2,0.0
gene_168,species_3,t3,0.57214774412608
gene_169,species_1,t0,1.6609159686369512
gene_169,species_1,t1,3.7373817607510613
gene_169,species_1,t2,1.7323185647681398
gene_169,species_1,t3,0.2789601280426248
gene_169,species_2,t0,0.0
gene_169,species_2,t1,0.4374524377933793
gene_169,species_2,t2,0.7071721555205268
gene_169,species_2,t3,0.0
gene_169,species_3,t0,0.0
gene_169,species_3,t1,0.0
gene_169,species_3,t2,4.643285557018121
gene_169,species_3,t3,1.6735362573474617
gene_170,species_1,t0,0.0
gene_170,species_1,t1,0.20525161705831124
gene_170,species_1,t2,0.0
gene_170,species_1,t3,0.6266616441948505
gene_170,species_2,t0,0.7185037528609097
gene_170,species_2,t1,0.24873333948287502
gene_170,species_2,t2,0.9009521617705238
gene_170,species_2,t3,0.0
gene_170,species_3,t0,0.5610525470737581
gene_170,species_3,t1,1.7034911894966123
gene_170,species_3,t2,1.3094743557434514
gene_170,species_3,t3,0.8356313151015915
gene_171,species_1,t0,3.2931465194442
gene_171,species_1,t1,0.0
gene_171,species_1,t2,0.0
gene_171,species_1,t3,1.3698857702848037
gene_171,species_2,t0,0.2980956710603229
gene_171,species_2,t1,1.181929631083138
gene_171,species_2,t2,0.1829868540440669
gene_171,species_2,t3,0.0
gene_171,species_3,t0,2.1222898036624933
gene_171,species_3,t1,0.0
gene_171,species_3,t2,3.380228681406194
gene_171,species_3,t3,0.0
gene_172,species_1,t0,0.913253961400925
gene_172,species_1,t1,1.8907861515020563
gene_172,species_1,t2,1.1810453892963348
gene_172,species_1,t3,0.14359499744714233
gene_172,species_2,t0,0.0
gene_172,species_2,t1,0.14571995142791683
gene_172,species_2,t2,0.0
gene_172,species_2,t3,0.0
gene_172,species_3,t0,0.6248265264540098
gene_172,species_3,t1,0.5268649739651162
gene_172,species_3,t2,2.247301152658765
gene_172,species_3,t3,0.9063947650455215
gene_173,species_1,t0,0.0
gene_173,species_1,t1,0.6953558391688153
gene_173,species_1,t2,1.0378275909717622
gene_173,species_1,t3,0.3330917486731445
gene_173,species_2,t0,0.0
gene_173,species_2,t1,0.0
gene_173,species_2,t2,0.31770745247926324
gene_173,species_2,t3,0.37929913738099574
gene_173,species_3,t0,0.48026403138955964
gene_173,species_3,t1,1.0186485803756997
gene_173,species_3,t2,0.14173611642761355
gene_173,species_3,t3,0.0
gene_174,species_1,t0,0.8667639232076254
gene_174,species_1,t1,0.0
gene_174,species_1,t2,2.356805551402787
gene_174,species_1,t3,0.0
gene_174,species_2,t0,0.4619385034313272
gene_174,species_2,t1,0.54021594176191
gene_174,species_2,t2,2.4554589889049048
gene_174,species_2,t3,1.8644578677391594
gene_174,species_3,t0,1.2125854863943115
gene_174,species_3,t1,1.7333941930461598
gene_174,species_3,t2,0.9455539303807479
gene_174,species_3,t3,0.6283451324832475
gene_175,species_1,t0,0.7739507685662729
gene_175,species_1,t1,0.0
gene_175,species_1,t2,0.0
gene_175,species_1,t3,0.0
gene_175,species_2,t0,0.2948058382335836
gene_175,species_2,t1,0.6168099174036877
gene_175,species_2,t2,0.2599773789221512
gene_175,species_2,t3,0.15008096290068285
gene_175,species_3,t0,0.4931776418657734
gene_175,species_3,t1,0.0
gene_175,species_3,t2,0.0
gene_175,species_3,t3,0.18798585286374403
gene_176,species_1,t0,1.6882948364282315
gene_176,species_1,t1,3.526594583122797
gene_176,species_1,t2,2.633937150759695
gene_176,species_1,t3,0.6907855919985696
gene_176,species_2,t0,0.5339076355917827
gene_176,species_2,t1,0.08725844162817142
gene_176,species_2,t2,0.28305072918750906
gene_176,species_2,t3,0.15286772181479916
gene_176,species_3,t0,0.0
gene_176,species_3,t1,0.0
gene_176,species_3,t2,0.0
gene_176,species_3,t3,1.078237101906593
gene_177,species_1,t0,0.0
gene_177,species_1,t1,0.9540034685620662
gene_177,species_1,t2,1.8041152387168098
gene_177,species_1,t3,0.5380240687881072
gene_177,species_2,t0,0.26189797675592474
gene_177,species_2,t1,0.569831222205228
gene_177,species_2,t2,0.0457160734389295
gene_177,species_2,t3,0.26314101439366017
gene_177,species_3,t0,0.41953248189005926
gene_177,species_3,t1,1.8917850038342792
gene_177,species_3,t2,0.5257076608709751
gene_177,species_3,t3,0.21904210763174425
gene_178,species_1,t0,0.0909664052553657
gene_178,species_1,t1,0.0
gene_178,species_1,t2,0.4614144946644614
gene_178,species_1,t3,0.11875593763098549
gene_178,species_2,t0,0.299433896620101
gene_178,species_2,t1,1.4069704730970296
gene_178,species_2,t2,1.863065543954481
gene_178,species_2,t3,0.0
gene_178,species_3,t0,0.0
gene_178,species_3,t1,1.5411210822738706
gene_178,species_3,t2,0.0
gene_178,species_3,t3,0.0
gene_179,species_1,t0,0.0
gene_179,species_1,t1,4.183515547500778
gene_179,species_1,t2,5.420045207255671
gene_179,species_1,t3,1.778248610400924
gene_179,species_2,t0,0.3685743135176248
gene_179,species_2,t1,0.0
gene_179,species_2,t2,0.8236588951319996
gene_179,species_2,t3,1.3112415698266706
gene_179,species_3,t0,1.941679557999275
gene_179,species_3,t1,5.018191031798693
gene_179,species_3,t2,1.0426588129856031
gene_179,species_3,t3,0.36735612034810955
gene_180,species_1,t0,1.1153260318086111
gene_180,species_1,t1,1.8306232658455994
gene_180,species_1,t2,0.0
gene_180,species_1,t3,0.3499047912755597
gene_180,species_2,t0,0.06371640713595564
gene_180,species_2,t1,0.17194770376770357
gene_180,species_2,t2,0.03190479519256403
gene_180,species_2,t3,0.0
gene_180,species_3,t0,0.0
gene_180,species_3,t1,1.563282487892787
gene_180,species_3,t2,0.9227360268486478
gene_180,species_3,t3,0.3846145762711527
gene_181,species_1,t0,0.0
gene_181,species_1,t1,0.8374355593851621
gene_181,species_1,t2,2.3299962684091367
gene_181,species_1,t3,0.0
gene_181,species_2,t0,0.4108284903424558
gene_181,species_2,t1,0.6621004787643696
gene_181,species_2,t2,0.07838002794859643
gene_181,species_2,t3,0.0
gene_181,species_3,t0,0.0
gene_181,species_3,t1,0.0
gene_181,species_3,t2,1.7417329573253642
gene_181,species_3,t3,0.8390749494688474
gene_182,species_1,t0,2.574634592462508
gene_182,species_1,t1,0.0
gene_182,species_1,t2,4.8936044646226575
gene_182,species_1,t3,1.2426570925260705
gene_182,species_2,t0,0.087680158870941
gene_182,species_2,t1,1.683565325540724
gene_182,species_2,t2,1.0396123733618758
gene_182,species_2,t3,0.4311114049104814
gene_182,species_3,t0,1.4876293447775595
gene_182,species_3,t1,4.877335072467936
gene_182,species_3,t2,1.332317277863436
gene_182,species_3,t3,0.6557210580395418
gene_183,species_1,t0,0.0
gene_183,species_1,t1,0.0
gene_183,species_1,t2,2.3725574882050826
gene_183,species_1,t3,0.8916481571367514
gene_183,species_2,t0,0.860322992946484
gene_183,species_2,t1,1.7519494502217734
gene_183,species_2,t2,1.684419543098479
gene_183,species_2,t3,0.5069757729302298
gene_183,species_3,t0,0.25201138973304293
gene_183,species_3,t1,4.179342631988947
gene_183,species_3,t2,0.0
gene_183,species_3,t3,0.0
gene_184,species_1,t0,0.0
gene_184,species_1,t1,0.6387398518198104
gene_184,species_1,t2,0.1647208900454577
gene_184,species_1,t3,0.0
gene_184,species_2,t0,0.0
gene_184,species_2,t1,0.0
gene_184,species_2,t2,1.0001152830549394
gene_184,species_2,t3,0.3781847930234208
gene_184,species_3,t0,0.5453313876650567
gene_184,species_3,t1,0.0
gene_184,species_3,t2,1.5090823457266942
gene_184,species_3,t3,0.1331973989771128
gene_185,species_1,t0,1.9454535416706518
gene_185,species_1,t1,3.690056691412959
gene_185,species_1,t2,2.781747505554409
gene_185,species_1,t3,0.36562974070589516
gene_185,species_2,t0,0.8427705879595244
gene_185,species_2,t1,0.9139286243371627
gene_185,species_2,t2,0.9764506617236383
gene_185,species_2,t3,1.0453969779514611
gene_185,species_3,t0,1.2406715951868832
gene_185,species_3,t1,0.0
gene_185,species_3,t2,3.3641861531926276
gene_185,species_3,t3,1.5968432656681373
gene_186,species_1,t0,0.0
gene_186,species_1,t1,0.0
gene_186,species_1,t2,0.0
gene_186,species_1,t3,0.0
gene_186,species_2,t0,0.3357165160212563
gene_186,species_2,t1,0.0
gene_186,species_2,t2,1.4364536162776462
gene_186,species_2,t3,0.9068859232592794
gene_186,species_3,t0,0.1934291820675439
gene_186,species_3,t1,0.8486284093247743
gene_186,species_3,t2,0.5422550413661513
gene_186,species_3,t3,0.2903470477568596
gene_187,species_1,t0,0.0
gene_187,species_1,t1,0.6730442110545511
gene_187,species_1,t2,0.2618977349360503
gene_187,species_1,t3,0.0
gene_187,species_2,t0,0.4540274073254902
gene_187,species_2,t1,0.7065029177805161
gene_187,species_2,t2,0.859831145190126
gene_187,species_2,t3,0.0
gene_187,species_3,t0,0.22956040562855856
gene_187,species_3,t1,1.2516809571193517
gene_187,species_3,t2,2.099071392436554
gene_187,species_3,t3,0.6762867711892966
gene_188,species_1,t0,0.0
gene_188,species_1,t1,0.0
gene_188,species_1,t2,0.0
gene_188,species_1,t3,0.20217521956314954
gene_188,species_2,t0,0.0
gene_188,species_2,t1,0.6521507270267295
gene_188,species_2,t2,1.4849325135156661
gene_188,species_2,t3,0.0
gene_188,species_3,t0,0.29209923049521563
gene_188,species_3,t1,0.013029226352766647
gene_188,species_3,t2,0.0
gene_188,species_3,t3,0.49858331948176915
gene_189,species_1,t0,1.5065335824917445
gene_189,species_1,t1,3.6997233399808493
gene_189,species_1,t2,0.0
gene_189,species_1,t3,0.0
gene_189,species_2,t0,0.9145365847066095
gene_189,species_2,t1,0.0
gene_189,species_2,t2,0.0
gene_189,species_2,t3,0.5598641324929143
gene_189,species_3,t0,0.0
gene_189,species_3,t1,0.207990957257432
gene_189,species_3,t2,5.297158269708513
gene_189,species_3,t3,1.5538331095052451
gene_190,species_1,t0,0.0
gene_190,species_1,t1,2.150481729792523
gene_190,species_1,t2,0.0
gene_190,species_1,t3,0.44057761947174756
gene_190,species_2,t0,0.05889429283021017
gene_190,species_2,t1,0.0
gene_190,species_2,t2,0.0
gene_190,species_2,t3,0.2281052117800818
gene_190,species_3,t0,0.8520991987763817
gene_190,species_3,t1,2.5272117962529084
gene_190,species_3,t2,0.6950356295489815
gene_190,species_3,t3,0.0
gene_191,species_1,t0,2.1048711020590463
gene_191,species_1,t1,0.0
gene_191,species_1,t2,0.0
gene_191,species_1,t3,0.9494858690054598
gene_191,species_2,t0,0.0
gene_191,species_2,t1,0.5816605566518332
gene_191,species_2,t2,0.09935970989055178
gene_191,species_2,t3,0.0
gene_191,species_3,t0,1.5729521376182278
gene_191,species_3,t1,0.0
gene_191,species_3,t2,0.0
gene_191,species_3,t3,0.9297611027514789
gene_192,species_1,t0,1.5700676374049967
gene_192,species_1,t1,2.625471296732389
gene_192,species_1,t2,0.0
gene_192,species_1,t3,1.148043320292324
gene_192,species_2,t0,0.1979488706901723
gene_192,species_2,t1,0.11421766597748412
gene_192,species_2,t2,1.0938461563966415
gene_192,species_2,t3,0.9164776027139667
gene_192,species_3,t0,1.413174023858529
gene_192,species_3,t1,2.7001514063076497
gene_192,species_3,t2,1.1262012446841398
gene_192,species_3,t3,0.0
gene_193,species_1,t0,3.0650242066021884
gene_193,species_1,t1,5.834129561785842
gene_193,species_1,t2,5.224591907120285
gene_193,species_1,t3,0.0
gene_193,species_2,t0,0.5054954019301438
gene_193,species_2,t1,0.0
gene_193,species_2,t2,1.0201818728321728
gene_193,species_2,t3,0.0
gene_193,species_3,t0,2.369041915310446
gene_193,species_3,t1,3.8732871039712835
gene_193,species_3,t2,0.0
gene_193,species_3,t3,0.0
gene_194,species_1,t0,0.0
gene_194,species_1,t1,0.0
gene_194,species_1,t2,3.5307486469347165
gene_194,species_1,t3,1.0954062726358953
gene_194,species_2,t0,0.061486430935980774
gene_194,species_2,t1,0.18899959969272184
gene_194,species_2,t2,1.202749084292598
gene_194,species_2,t3,0.7330362350100637
gene_194,species_3,t0,0.0
gene_194,species_3,t1,2.338857933838171
gene_194,species_3,t2,2.503590370099152
gene_194,species_3,t3,0.4311652847515609
gene_195,species_1,t0,0.0
gene_195,species_1,t1,2.808000919372961
gene_195,species_1,t2,1.7171733273582208
gene_195,species_1,t3,0.39135178696637707
gene_195,species_2,t0,0.0
gene_195,species_2,t1,0.0
gene_195,species_2,t2,1.3897664311649074
gene_195,species_2,t3,0.0
gene_195,species_3,t0,1.1425257702919718
gene_195,species_3,t1,0.6085462894949076
gene_195,species_3,t2,0.0
gene_195,species_3,t3,0.8592315711663505
gene_196,species_1,t0,2.675003107004533
gene_196,species_1,t1,5.319220936250969
gene_196,species_1,t2,4.164998753409982
gene_196,species_1,t3,1.1245507940556732
gene_196,species_2,t0,0.4390507013008399
gene_196,species_2,t1,0.04241008798824601
gene_196,species_2,t2,1.0499068619661507
gene_196,species_2,t3,0.22224070574452814
gene_196,species_3,t0,0.0
gene_196,species_3,t1,0.0
gene_196,species_3,t2,4.699084892831493
gene_196,species_3,t3,0.0
gene_197,species_1,t0,4.176810131106112
gene_197,species_1,t1,7.130632066739257
gene_197,species_1,t2,8.140354268756965
gene_197,species_1,t3,2.280700706700436
gene_197,species_2,t0,0.0
gene_197,species_2,t1,1.0316766522259893
gene_197,species_2,t2,0.0
gene_197,species_2,t3,1.230682118315814
gene_197,species_3,t0,3.1656095672321976
gene_197,species_3,t1,6.775924091326209
gene_197,species_3,t2,3.770203119121234
gene_197,species_3,t3,0.0
gene_198,species_1,t0,2.6555867056825564
gene_198,species_1,t1,0.0
gene_198,species_1,t2,4.773048263151055
gene_198,species_1,t3,1.3069966478435058
gene_198,species_2,t0,0.0
gene_198,species_2,t1,0.6052368519653359
gene_198,species_2,t2,0.7805175284164935
gene_198,species_2,t3,0.41198743487218353
gene_198,species_3,t0,1.7645682818930235
gene_198,species_3,t1,3.590093903277472
gene_198,species_3,t2,3.291733698891008
gene_198,species_3,t3,0.8316322128488515
gene_199,species_1,t0,0.8310651883208487
gene_199,species_1,t1,1.9655263383488861
gene_199,species_1,t2,1.464211900969562
gene_199,species_1,t3,0.0
gene_199,species_2,t0,0.22942977729105435
gene_199,species_2,t1,0.09704189836926058
gene_199,species_2,t2,0.10842336372493347
gene_199,species_2,t3,0.06809143952377558
gene_199,species_3,t0,0.7808083694485012
gene_199,species_3,t1,0.0
gene_199,species_3,t2,1.6483650760475506
gene_199,species_3,t3,0.5114406914089148
gene_200,species_1,t0,2.306404614910591
gene_200,species_1,t1,3.2701606741785274
gene_200,species_1,t2,4.2404583767737005
gene_200,species_1,t3,0.8976550798356197
gene_200,species_2,t0,0.35463574551749666
gene_200,species_2,t1,1.7969855643248258
gene_200,species_2,t2,2.1356007372002743
gene_200,species_2,t3,0.8505374043830548
gene_200,species_3,t0,1.140878700965186
gene_200,species_3,t1,4.497061203358988
gene_200,species_3,t2,1.0722179606825404
gene_200,species_3,t3,0.0
gene_201,species_1,t0,0.5379884001821873
gene_201,species_1,t1,0.08136564148364167
gene_201,species_1,t2,1.1147044504621804
gene_201,species_1,t3,0.2579010290808078
gene_201,species_2,t0,0.08418279259680217
gene_201,species_2,t1,1.2034596791389134
gene_201,species_2,t2,1.7076190982811683
gene_201,species_2,t3,0.7246094723034757
gene_201,species_3,t0,0.07400354786854649
gene_201,species_3,t1,1.836785828076199
gene_201,species_3,t2,1.0306256145954875
gene_201,species_3,t3,0.0
gene_202,species_1,t0,0.28829274640393976
gene_202,species_1,t1,0.0
gene_202,species_1,t2,0.8810838124441773
gene_202,species_1,t3,0.6047579882471792
gene_202,species_2,t0,0.05416021170411822
gene_202,species_2,t1,0.6468956802216861
gene_202,species_2,t2,0.0
gene_202,species_2,t3,0.9480635954262323
gene_202,species_3,t0,0.0
gene_202,species_3,t1,0.4795835600111238
gene_202,species_3,t2,0.6124891260251745
gene_202,species_3,t3,0.2455886418326646
gene_203,species_1,t0,0.7975237718096524
gene_203,species_1,t1,0.3451447477645099
gene_203,species_1,t2,0.0
gene_203,species_1,t3,0.4693699030592975
gene_203,species_2,t0,0.10419110670975873
gene_203,species_2,t1,2.167740008172337
gene_203,species_2,t2,0.0
gene_203,species_2,t3,1.2613366818820175
gene_203,species_3,t0,0.3037903639990782
gene_203,species_3,t1,0.0
gene_203,species_3,t2,1.7455355327114837
gene_203,species_3,t3,0.0
gene_204,species_1,t0,2.6024931595393643
gene_204,species_1,t1,0.0
gene_204,species_1,t2,4.717620110104818
gene_204,species_1,t3,0.0
gene_204,species_2,t0,0.24009305302267103
gene_204,species_2,t1,0.4433685479933449
gene_204,species_2,t2,0.8568578450432148
gene_204,species_2,t3,0.0
gene_204,species_3,t0,1.8959676634859373
gene_204,species_3,t1,3.6638304323254762
gene_204,species_3,t2,2.978916523402577
gene_204,species_3,t3,0.6389533150945057
gene_205,species_1,t0,0.8613106577638231
gene_205,species_1,t1,1.6258026459206507
gene_205,species_1,t2,0.0
gene_205,species_1,t3,0.13832102192297477
gene_205,species_2,t0,0.2143337755057908
gene_205,species_2,t1,1.2513506035620243
gene_205,species_2,t2,1.2734741256570181
gene_205,species_2,t3,0.9533799148506193
gene_205,species_3,t0,0.4211899165134998
gene_205,species_3,t1,0.0
gene_205,species_3,t2,0.0
gene_205,species_3,t3,0.47103108645134295
gene_206,species_1,t0,1.7812921562738622
gene_206,species_1,t1,0.0
gene_206,species_1,t2,2.515195744459363
gene_206,species_1,t3,0.42946589333604235
gene_206,species_2,t0,0.3351142193137382
gene_206,species_2,t1,0.0
gene_206,species_2,t2,0.4578654061404893
gene_206,species_2,t3,0.15932826654651472
gene_206,species_3,t0,1.2302674267020774
gene_206,species_3,t1,1.6434086724700796
gene_206,species_3,t2,0.0
gene_206,species_3,t3,0.0
gene_207,species_1,t0,0.04038042923771487
gene_207,species_1,t1,0.3894558354048919
gene_207,species_1,t2,0.38179558613792736
gene_207,species_1,t3,0.21980508563889806
gene_207,species_2,t0,0.2811286551239463
gene_207,species_2,t1,0.1773429264867692
gene_207,species_2,t2,0.3180197909456865
gene_207,species_2,t3,0.1643678228876898
gene_207,species_3,t0,0.0
gene_207,species_3,t1,0.0
gene_207,species_3,t2,1.21189069356561
gene_207,species_3,t3,0.5819204675567639
gene_208,species_1,t0,0.47550650517455895
gene_208,species_1,t1,1.1828532034972135
gene_208,species_1,t2,0.0
gene_208,species_1,t3,0.13656951070636472
gene_208,species_2,t0,0.0
gene_208,species_2,t1,0.5682134639023814
gene_208,species_2,t2,0.5184297202765948
gene_208,species_2,t3,0.18972283143089952
gene_208,species_3,t0,0.4531773687569222
gene_208,species_3,t1,0.6578689863276246
gene_208,species_3,t2,2.334133411484158
gene_208,species_3,t3,0.7903504010484912
gene_209,species_1,t0,0.0
gene_209,species_1,t1,2.172330046172413
gene_209,species_1,t2,2.4936242383817593
gene_209,species_1,t3,0.0
gene_209,species_2,t0,0.18425061297389086
gene_209,species_2,t1,0.0
gene_209,species_2,t2,1.0252836151787805
gene_209,species_2,t3,0.7280457327240596
gene_209,species_3,t0,1.001444442354989
gene_209,species_3,t1,0.0
gene_209,species_3,t2,0.5596011611221555
gene_209,species_3,t3,0.20300830005271653
gene_210,species_1,t0,3.301614575645746
gene_210,species_1,t1,6.302057948046095
gene_210,species_1,t2,0.0
gene_210,species_1,t3,0.0
gene_210,species_2,t0,0.0
gene_210,species_2,t1,0.0
gene_210,species_2,t2,0.0
gene_210,species_2,t3,0.3522698280082666
gene_210,species_3,t0,2.6133521376800877
gene_210,species_3,t1,0.0
gene_210,species_3,t2,5.367163467594105
gene_210,species_3,t3,1.3778486950748265
gene_211,species_1,t0,0.0
gene_211,species_1,t1,5.752933440015265
gene_211,species_1,t2,6.308335241297937
gene_211,species_1,t3,1.6328777393082134
gene_211,species_2,t0,0.29983359418131506
gene_211,species_2,t1,1.2365031186236393
gene_211,species_2,t2,0.1465632364125802
gene_211,species_2,t3,0.16620912407340796
gene_211,species_3,t0,2.292966244211052
gene_211,species_3,t1,0.0
gene_211,species_3,t2,0.0
gene_211,species_3,t3,0.9474185384469074
gene_212,species_1,t0,1.28946378517551
gene_212,species_1,t1,0.0
gene_212,species_1,t2,0.0
gene_212,species_1,t3,0.7623844478546018
gene_212,species_2,t0,0.1743623643160113
gene_212,species_2,t1,0.9367680828667995
gene_212,species_2,t2,0.0
gene_212,species_2,t3,1.5388484926396333
gene_212,species_3,t0,1.6151982998001693
gene_212,species_3,t1,1.6967386982981216
gene_212,species_3,t2,0.0
gene_212,species_3,t3,0.0
gene_213,species_1,t0,0.4803965895542499
gene_213,species_1,t1,0.0
gene_213,species_1,t2,0.0
gene_213,species_1,t3,0.2556573585490044
gene_213,species_2,t0,0.27024854559525574
gene_213,species_2,t1,1.5913564033939411
gene_213,species_2,t2,3.034810974433111
gene_213,species_2,t3,0.0
gene_213,species_3,t0,0.5004826058798794
gene_213,species_3,t1,0.9018273761453433
gene_213,species_3,t2,0.3350579564269969
gene_213,species_3,t3,0.0
gene_214,species_1,t0,1.5480082707763847
gene_214,species_1,t1,0.0
gene_214,species_1,t2,0.0
gene_214,species_1,t3,0.1710267326218752
gene_214,species_2,t0,0.551531295563109
gene_214,species_2,t1,0.320272732036471
gene_214,species_2,t2,0.21386417413934183
gene_214,species_2,t3,0.8965451086887366
gene_214,species_3,t0,0.0
gene_214,species_3,t1,0.0
gene_214,species_3,t2,4.026676645606521
gene_214,species_3,t3,1.4936509491913403
gene_215,species_1,t0,0.11724556955795737
gene_215,species_1,t1,0.0
gene_215,species_1,t2,0.1091865167179103
gene_215,species_1,t3,0.20756248876784852
gene_215,species_2,t0,0.5049842111208913
gene_215,species_2,t1,1.0747504512674633
gene_215,species_2,t2,2.309165837706602
gene_215,species_2,t3,1.435943291077446
gene_215,species_3,t0,0.5119180847827176
gene_215,species_3,t1,0.5033134189184187
gene_215,species_3,t2,0.19921186202352809
gene_215,species_3,t3,0.5443187818188231
gene_216,species_1,t0,1.7893456606715619
gene_216,species_1,t1,2.6630931375988265
gene_216,species_1,t2,3.30979661585428
gene_216,species_1,t3,0.0
gene_216,species_2,t0,0.0
gene_216,species_2,t1,0.799652604848078
gene_216,species_2,t2,0.013184336886282816
gene_216,species_2,t3,0.3150017803418702
gene_216,species_3,t0,0.9194533115045639
gene_216,species_3,t1,0.0
gene_216,species_3,t2,0.49371616898796544
gene_216,species_3,t3,0.0
gene_217,species_1,t0,1.2717917928481792
gene_217,species_1,t1,2.8216364732300527
gene_217,species_1,t2,2.608561866474386
gene_217,species_1,t3,1.0465811498248314
gene_217,species_2,t0,0.0
gene_217,species_2,t1,0.3874982715742104
gene_217,species_2,t2,1.7145145408219697
gene_217,species_2,t3,1.1438224048588004
gene_217,species_3,t0,1.4359954622537938
gene_217,species_3,t1,1.6259346008925568
gene_217,species_3,t2,1.9194001132002314
gene_217,species_3,t3,0.13258254731496977
gene_218,species_1,t0,0.6511740457219748
gene_218,species_1,t1,0.0
gene_218,species_1,t2,1.7929715996566273
gene_218,species_1,t3,0.29247207146549786
gene_218,species_2,t0,0.0010362093578680648
gene_218,species_2,t1,1.2806767110715447
gene_218,species_2,t2,0.0
gene_218,species_2,t3,0.46505553986381765
gene_218,species_3,t0,0.07192686479674291
gene_218,species_3,t1,2.2296191241410037
gene_218,species_3,t2,0.9070591354739723
gene_218,species_3,t3,0.0
gene_219,species_1,t0,0.6322774110228263
gene_219,species_1,t1,0.8824293800773872
gene_219,species_1,t2,0.0
gene_219,species_1,t3,0.4910738894874691
gene_219,species_2,t0,0.0
gene_219,species_2,t1,0.9262551537639798
gene_219,species_2,t2,0.904496703008577
gene_219,species_2,t3,0.0
gene_219,species_3,t0,0.10035984468581059
gene_219,species_3,t1,1.6524485316468307
gene_219,species_3,t2,0.4192989094265771
gene_219,species_3,t3,0.24525267996034097
gene_220,species_1,t0,0.30423285889267704
gene_220,species_1,t1,0.5843820845919225
gene_220,species_1,t2,0.5303010542264286
gene_220,species_1,t3,0.44881094254390025
gene_220,species_2,t0,0.728448513309502
gene_220,species_2,t1,0.5331935217912877
gene_220,species_2,t2,1.6219760588466539
gene_220,species_2,t3,1.5964411110663816
gene_220,species_3,t0,0.16530247489230893
gene_220,species_3,t1,0.0
gene_220,species_3,t2,1.4611690230663734
gene_220,species_3,t3,0.9432289922074917
gene_221,species_1,t0,1.2929560391527524
gene_221,species_1,t1,0.0
gene_221,species_1,t2,0.0
gene_221,species_1,t3,0.7122899411573922
gene_221,species_2,t0,0.0
gene_221,species_2,t1,1.4577681916293799
gene_221,species_2,t2,1.8631002153439309
gene_221,species_2,t3,0.8138232999130066
gene_221,species_3,t0,0.25176196719845395
gene_221,species_3,t1,0.0
gene_221,species_3,t2,0.11950332932249047
gene_221,species_3,t3,0.3322269417879592
gene_222,species_1,t0,0.0
gene_222,species_1,t1,2.0609612921485128
gene_222,species_1,t2,1.3168647585153002
gene_222,species_1,t3,0.0
gene_222,species_2,t0,0.12576139079000231
gene_222,species_2,t1,0.3866365087662649
gene_222,species_2,t2,0.9203878018244183
gene_222,species_2,t3,0.1304105375689411
gene_222,species_3,t0,0.8755017514919725
gene_222,species_3,t1,0.7356581744684464
gene_222,species_3,t2,2.159776543925664
gene_222,species_3,t3,0.5776985511319601
gene_223,species_1,t0,2.54704546312723
gene_223,species_1,t1,4.912545116476335
gene_223,species_1,t2,5.2097124713904375
gene_223,species_1,t3,1.7079596269650121
gene_223,species_2,t0,0.03961593041333235
gene_223,species_2,t1,0.0
gene_223,species_2,t2,1.8821175645994472
gene_223,species_2,t3,0.0
gene_223,species_3,t0,2.114880953598295
gene_223,species_3,t1,3.6362996699775105
gene_223,species_3,t2,2.942245498069038
gene_223,species_3,t3,0.43561566240190663
gene_224,species_1,t0,0.0
gene_224,species_1,t1,0.0
gene_224,species_1,t2,0.0
gene_224,species_1,t3,0.0
gene_224,species_2,t0,0.4410818806649475
gene_224,species_2,t1,0.9457441959546539
gene_224,species_2,t2,2.657585050393583
gene_224,species_2,t3,0.6083734634424767
gene_224,species_3,t0,2.1879792575990447
gene_224,species_3,t1,1.1380463400538574
gene_224,species_3,t2,0.0
gene_224,species_3,t3,1.2682530489200965
gene_225,species_1,t0,0.25430296699015686
gene_225,species_1,t1,0.34929154207405766
gene_225,species_1,t2,0.6902296993103324
gene_225,species_1,t3,0.099648722648168
gene_225,species_2,t0,0.04799045073453596
gene_225,species_2,t1,0.0
gene_225,species_2,t2,0.0
gene_225,species_2,t3,0.6130950596709422
gene_225,species_3,t0,0.29974145599119256
gene_225,species_3,t1,1.3966828294819658
gene_225,species_3,t2,1.7076017043866516
gene_225,species_3,t3,0.06263334142929827
gene_226,species_1,t0,0.0
gene_226,species_1,t1,0.0
gene_226,species_1,t2,0.0
gene_226,species_1,t3,0.8107513891513815
gene_226,species_2,t0,0.0
gene_226,species_2,t1,0.0
gene_226,species_2,t2,0.0
gene_226,species_2,t3,1.1677516829531156
gene_226,species_3,t0,1.5242226691737055
gene_226,species_3,t1,4.096545191562076
gene_226,species_3,t2,0.0
gene_226,species_3,t3,0.0
gene_227,species_1,t0,1.4949222831884699
gene_227,species_1,t1,2.3013773541694658
gene_227,species_1,t2,3.007622021221839
gene_227,species_1,t3,0.0
gene_227,species_2,t0,0.006402707922511214
gene_227,species_2,t1,0.9577339844242484
gene_227,species_2,t2,0.0
gene_227,species_2,t3,0.0
gene_227,species_3,t0,0.8482508648513716
gene_227,species_3,t1,3.160141324815446
gene_227,species_3,t2,0.30513669712121977
gene_227,species_3,t3,0.0
gene_228,species_1,t0,0.6707959524562657
gene_228,species_1,t1,1.2353394548416583
gene_228,species_1,t2,0.0
gene_228,species_1,t3,0.04943762692053484
gene_228,species_2,t0,0.06758889330883816
gene_228,species_2,t1,0.2762240386441656
gene_228,species_2,t2,0.6223192177784571
gene_228,species_2,t3,0.056126398712246464
gene_228,species_3,t0,0.39616059146866384
gene_228,species_3,t1,0.10530142213513154
gene_228,species_3,t2,1.5484646205153454
gene_228,species_3,t3,0.0
gene_229,species_1,t0,0.0
gene_229,species_1,t1,0.0
gene_229,species_1,t2,0.6677957534591956
gene_229,species_1,t3,0.23111042542636875
gene_229,species_2,t0,0.15041601218837305
gene_229,species_2,t1,0.4774805906314211
gene_229,species_2,t2,1.3556992628751248
gene_229,species_2,t3,0.5000781303969677
gene_229,species_3,t0,0.8149020071445814
gene_229,species_3,t1,0.0
gene_229,species_3,t2,1.8481109472248944
gene_229,species_3,t3,0.4244775907899943
gene_230,species_1,t0,1.4464521819390126
gene_230,species_1,t1,2.8747477625652365
gene_230,species_1,t2,0.0
gene_230,species_1,t3,0.4092051804276958
gene_230,species_2,t0,0.4471438117256976
gene_230,species_2,t1,0.0
gene_230,species_2,t2,1.4184522875726133
gene_230,species_2,t3,0.08355531110341594
gene_230,species_3,t0,0.0
gene_230,species_3,t1,0.5268980276210642
gene_230,species_3,t2,0.0
gene_230,species_3,t3,0.0
gene_231,species_1,t0,0.0
gene_231,species_1,t1,0.7583058112372368
gene_231,species_1,t2,0.0
gene_231,species_1,t3,0.23779604717947123
gene_231,species_2,t0,0.18395021095582156
gene_231,species_2,t1,0.0
gene_231,species_2,t2,0.0
gene_231,species_2,t3,0.13182352419931728
gene_231,species_3,t0,0.4470179593136233
gene_231,species_3,t1,1.9041865867477756
gene_231,species_3,t2,2.411549206150049
gene_231,species_3,t3,0.0
gene_232,species_1,t0,0.0
gene_232,species_1,t1,3.3784165770395536
gene_232,species_1,t2,0.0
gene_232,species_1,t3,0.37601836293408863
gene_232,species_2,t0,0.6150896673802796
gene_232,species_2,t1,0.8107546519398818
gene_232,species_2,t2,0.0
gene_232,species_2,t3,1.003974262960211
gene_232,species_3,t0,0.0
gene_232,species_3,t1,1.9399279098928734
gene_232,species_3,t2,3.3447452649926093
gene_232,species_3,t3,0.0
gene_233,species_1,t0,0.0
gene_233,species_1,t1,2.030737240404317
gene_233,species_1,t2,0.0
gene_233,species_1,t3,0.6592497919303255
gene_233,species_2,t0,0.2450359320221292
gene_233,species_2,t1,0.0
gene_233,species_2,t2,1.6620731041671382
gene_233,species_2,t3,0.8775506253808913
gene_233,species_3,t0,0.0
gene_233,species_3,t1,3.01210077991496
gene_233,species_3,t2,0.0
gene_233,species_3,t3,0.33657510400608404
gene_234,species_1,t0,0.0
gene_234,species_1,t1,3.256416834579239
gene_234,species_1,t2,0.0
gene_234,species_1,t3,0.5117769524027196
gene_234,species_2,t0,0.2853801570107685
gene_234,species_2,t1,0.4333786221984136
gene_234,species_2,t2,1.3261470480585937
gene_234,species_2,t3,0.24753171801468454
gene_234,species_3,t0,1.4723020196509131
gene_234,species_3,t1,0.0
gene_234,species_3,t2,3.397637422263218
gene_234,species_3,t3,0.9170171756045938
gene_235,species_1,t0,0.4047790525925172
gene_235,species_1,t1,0.0
gene_235,species_1,t2,0.0
gene_235,species_1,t3,0.023980004744834152
gene_235,species_2,t0,0.48080150940086464
gene_235,species_2,t1,1.2129641367862933
gene_235,species_2,t2,1.5262908782554063
gene_235,species_2,t3,0.0033899107968992648
gene_235,species_3,t0,0.681568901491463
gene_235,species_3,t1,1.6568099669123417
gene_235,species_3,t2,3.2784200113816717
gene_235,species_3,t3,1.0978530104117867
gene_236,species_1,t0,0.8595955468988432
gene_236,species_1,t1,0.0
gene_236,species_1,t2,0.4371958484928773
gene_236,species_1,t3,0.0
gene_236,species_2,t0,0.7770527780749417
gene_236,species_2,t1,0.09693291470555718
gene_236,species_2,t2,0.06846978446267937
gene_236,species_2,t3,0.9567296607168855
gene_236,species_3,t0,0.4882704166021481
gene_236,species_3,t1,0.25988514858016315
gene_236,species_3,t2,3.196484256740605
gene_236,species_3,t3,1.1852424367592012
gene_237,species_1,t0,2.0151027869551745
gene_237,species_1,t1,3.841984985370392
gene_237,species_1,t2,2.270140963561642
gene_237,species_1,t3,0.3170392687309223
gene_237,species_2,t0,0.9611059865215092
gene_237,species_2,t1,0.24288918884654148
gene_237,species_2,t2,0.4243698732301458
gene_237,species_2,t3,1.0495389339256522
gene_237,species_3,t0,0.0
gene_237,species_3,t1,0.0
gene_237,species_3,t2,4.354791157682149
gene_237,species_3,t3,0.0
gene_238,species_1,t0,0.327286283440677
gene_238,species_1,t1,0.2895163064601893
gene_238,species_1,t2,0.9752028271233937
gene_238,species_1,t3,0.3591860393555229
gene_238,species_2,t0,0.09297490130166278
gene_238,species_2,t1,0.2932755862674719
gene_238,species_2,t2,0.0
gene_238,species_2,t3,0.499582031262108
gene_238,species_3,t0,0.13271054296252285
gene_238,species_3,t1,1.139222780514596
gene_238,species_3,t2,0.0
gene_238,species_3,t3,0.273170368708003
gene_239,species_1,t0,1.5788618224624567
gene_239,species_1,t1,2.3134262939521797
gene_239,species_1,t2,0.0
gene_239,species_1,t3,0.5909394813002917
gene_239,species_2,t0,0.10719853133406579
gene_239,species_2,t1,0.5944990286456883
gene_239,species_2,t2,0.0
gene_239,species_2,t3,0.08639678102618575
gene_239,species_3,t0,0.0
gene_239,species_3,t1,1.974719611120603
gene_239,species_3,t2,1.5738536746310439
gene_239,species_3,t3,0.5874574746648997
gene_240,species_1,t0,0.06371503242667159
gene_240,species_1,t1,0.0
gene_240,species_1,t2,0.11262817576812026
gene_240,species_1,t3,0.14003235821172952
gene_240,species_2,t0,0.0
gene_240,species_2,t1,0.0
gene_240,species_2,t2,0.0
gene_240,species_2,t3,0.38309048642061927
gene_240,species_3,t0,0.47569981496016706
gene_240,species_3,t1,0.3520047134944405
gene_240,species_3,t2,1.2610695398116214
gene_240,species_3,t3,0.0
gene_241,species_1,t0,1.2025382467341545
gene_241,species_1,t1,2.0558263891608095
gene_241,species_1,t2,2.8077967205156145
gene_241,species_1,t3,0.9376938925612464
gene_241,species_2,t0,0.27019882663038913
gene_241,species_2,t1,0.8985069798818799
gene_241,species_2,t2,0.25770241562773594
gene_241,species_2,t3,0.22389044493217936
gene_241,species_3,t0,0.6968511420195869
gene_241,species_3,t1,2.8196896393167625
gene_241,species_3,t2,0.0
gene_241,species_3,t3,0.0492226063535041
gene_242,species_1,t0,0.0
gene_242,species_1,t1,6.009103208728536
gene_242,species_1,t2,0.0
gene_242,species_1,t3,0.0
gene_242,species_2,t0,0.0
gene_242,species_2,t1,0.26452191730939034
gene_242,species_2,t2,0.0
gene_242,species_2,t3,0.0
gene_242,species_3,t0,2.337734434799088
gene_242,species_3,t1,2.6141588961737763
gene_242,species_3,t2,5.976820188840498
gene_242,species_3,t3,1.6176097335318813
gene_243,species_1,t0,0.29121591862332674
gene_243,species_1,t1,0.6610561324152043
gene_243,species_1,t2,0.0
gene_243,species_1,t3,0.5134492142656452
gene_243,species_2,t0,0.3103241315922425
gene_243,species_2,t1,0.19774962638277335
gene_243,species_2,t2,0.0
gene_243,species_2,t3,0.6263045735362676
gene_243,species_3,t0,0.3653460563751604
gene_243,species_3,t1,1.2158144627104672
gene_243,species_3,t2,0.369709812416308
gene_243,species_3,t3,0.19855086103508904
gene_244,species_1,t0,6.023299378086052
gene_244,species_1,t1,10.570198581520469
gene_244,species_1,t2,10.507760882857253
gene_244,species_1,t3,0.0
gene_244,species_2,t0,0.0
gene_244,species_2,t1,0.0
gene_244,species_2,t2,0.49945776273905407
gene_244,species_2,t3,0.0
gene_244,species_3,t0,4.028635948837535
gene_244,species_3,t1,8.33702402198806
gene_244,species_3,t2,6.845924733850091
gene_244,species_3,t3,1.8784641425580664
gene_245,species_1,t0,0.0
gene_245,species_1,t1,6.924068912573783
gene_245,species_1,t2,6.936427286821115
gene_245,species_1,t3,0.0
gene_245,species_2,t0,0.0
gene_245,species_2,t1,0.9522216675037872
gene_245,species_2,t2,0.32404041513492143
gene_245,species_2,t3,0.2858200766697272
gene_245,species_3,t0,0.0
gene_245,species_3,t1,5.901504996003496
gene_245,species_3,t2,4.406055092234931
gene_245,species_3,t3,0.0
gene_246,species_1,t0,0.0
gene_246,species_1,t1,0.599268757109543
gene_246,species_1,t2,0.39475142937483415
gene_246,species_1,t3,0.0
gene_246,species_2,t0,0.0
gene_246,species_2,t1,0.0
gene_246,species_2,t2,1.6099067409326582
gene_246,species_2,t3,0.4450124524358872
gene_246,species_3,t0,0.5292774902121485
gene_246,species_3,t1,1.06428594936973
gene_246,species_3,t2,0.0
gene_246,species_3,t3,0.0
gene_247,species_1,t0,0.4797674496466797
gene_247,species_1,t1,0.0
gene_247,species_1,t2,0.0
gene_247,species_1,t3,0.0
gene_247,species_2,t0,0.0
gene_247,species_2,t1,0.44652278122392014
gene_247,species_2,t2,0.2185156449479715
gene_247,species_2,t3,0.0
gene_247,species_3,t0,0.0
gene_247,species_3,t1,1.1619692996895026
gene_247,species_3,t2,0.5262990186803955
gene_247,species_3,t3,0.30684433445773396
gene_248,species_1,t0,0.24554220880876249
gene_248,species_1,t1,0.0
gene_248,species_1,t2,0.0
gene_248,species_1,t3,0.0706544868430849
gene_248,species_2,t0,0.0
gene_248,species_2,t1,0.0
gene_248,species_2,t2,0.036381391570791205
gene_248,species_2,t3,0.17071885242665058
gene_248,species_3,t0,0.32851344631721735
gene_248,species_3,t1,0.5040562531952344
gene_248,species_3,t2,0.0
gene_248,species_3,t3,0.0
gene_249,species_1,t0,1.4279418380176818
gene_249,species_1,t1,0.0
gene_249,species_1,t2,0.0
gene_249,species_1,t3,0.0
gene_249,species_2,t0,0.0
gene_249,species_2,t1,0.21572246781156845
gene_249,species_2,t2,1.5901040166282314
gene_249,species_2,t3,0.0
gene_249,species_3,t0,1.4374216755891294
gene_249,species_3,t1,0.0
gene_249,species_3,t2,0.0
gene_249,species_3,t3,0.0
gene_250,species_1,t0,2.368839998946685
gene_250,species_1,t1,3.599466720438409
gene_250,species_1,t2,0.0
gene_250,species_1,t3,0.0
gene_250,species_2,t0,0.3441565421992094
gene_250,species_2,t1,1.3178559806552685
gene_250,species_2,t2,1.193877945266803
gene_250,species_2,t3,0.757987915015533
gene_250,species_3,t0,0.0
gene_250,species_3,t1,0.0
gene_250,species_3,t2,1.587090335448592
gene_250,species_3,t3,0.0
gene_251,species_1,t0,2.459783889820436
gene_251,species_1,t1,0.0
gene_251,species_1,t2,4.859739694085553
gene_251,species_1,t3,1.003596360277169
gene_251,species_2,t0,0.0
gene_251,species_2,t1,0.0
gene_251,species_2,t2,0.0
gene_251,species_2,t3,0.0
gene_251,species_3,t0,0.0
gene_251,species_3,t1,4.6506467252743
gene_251,species_3,t2,1.5830486154609578
gene_251,species_3,t3,0.5748691893869333
gene_252,species_1,t0,1.9156871826146662
gene_252,species_1,t1,3.8021719497723208
gene_252,species_1,t2,2.3690625325075683
gene_252,species_1,t3,0.26812716043242746
gene_252,species_2,t0,0.6430651753493244
gene_252,species_2,t1,0.3176195941551763
gene_252,species_2,t2,0.34550410599929077
gene_252,species_2,t3,1.0967895548226914
gene_252,species_3,t0,1.0574322439200523
gene_252,species_3,t1,1.1010394497345528
gene_252,species_3,t2,0.0
gene_252,species_3,t3,1.6463731607671614
gene_253,species_1,t0,0.0
gene_253,species_1,t1,2.2624317120789823
gene_253,species_1,t2,1.910694034292762
gene_253,species_1,t3,0.0
gene_253,species_2,t0,0.5196930372396502
gene_253,species_2,t1,0.6565303730207209
gene_253,species_2,t2,0.6241994847434253
gene_253,species_2,t3,0.7614356608793839
gene_253,species_3,t0,0.0
gene_253,species_3,t1,1.7676104322286832
gene_253,species_3,t2,1.9284106750811665
gene_253,species_3,t3,0.0
gene_254,species_1,t0,2.4438450894318335
gene_254,species_1,t1,3.8778653636156752
gene_254,species_1,t2,4.34411945729277
gene_254,species_1,t3,0.814966875980692
gene_254,species_2,t0,0.5529662598203884
gene_254,species_2,t1,1.8261326260916053
gene_254,species_2,t2,1.8359381015418215
gene_254,species_2,t3,0.0
gene_254,species_3,t0,0.0
gene_254,species_3,t1,0.0
gene_254,species_3,t2,1.5300385760658126
gene_254,species_3,t3,0.8909064145817324
gene_255,species_1,t0,0.0
gene_255,species_1,t1,0.0
gene_255,species_1,t2,9.426367634989608
gene_255,species_1,t3,2.68013255240791
gene_255,species_2,t0,0.31871207668836943
gene_255,species_2,t1,0.0
gene_255,species_2,t2,0.7431956490325186
gene_255,species_2,t3,1.285714473792757
gene_255,species_3,t0,3.367735963645152
gene_255,species_3,t1,0.0
gene_255,species_3,t2,2.4354176322534378
gene_255,species_3,t3,0.0
gene_256,species_1,t0,0.0
gene_256,species_1,t1,0.5159300600795997
gene_256,species_1,t2,1.2773432903221638
gene_256,species_1,t3,0.765151013528335
gene_256,species_2,t0,0.9233426373336866
gene_256,species_2,t1,0.0
gene_256,species_2,t2,0.0
gene_256,species_2,t3,0.0
gene_256,species_3,t0,0.0
gene_256,species_3,t1,1.6022616958015738
gene_256,species_3,t2,2.837785568191347
gene_256,species_3,t3,1.2113637352892808
gene_257,species_1,t0,3.619282347576256
gene_257,species_1,t1,8.170389942237033
gene_257,species_1,t2,0.0
gene_257,species_1,t3,0.0
gene_257,species_2,t0,1.161183176437406
gene_257,species_2,t1,0.0
gene_257,species_2,t2,0.0
gene_257,species_2,t3,0.06403330824256168
gene_257,species_3,t0,3.3334011966400707
gene_257,species_3,t1,0.0
gene_257,species_3,t2,9.31667440168813
gene_257,species_3,t3,0.0
gene_258,species_1,t0,0.0
gene_258,species_1,t1,5.09622953629433
gene_258,species_1,t2,4.457201117837934
gene_258,species_1,t3,1.1536761988456647
gene_258,species_2,t0,0.2525368900412503
gene_258,species_2,t1,0.0
gene_258,species_2,t2,0.7915020727560427
gene_258,species_2,t3,0.0
gene_258,species_3,t0,0.0
gene_258,species_3,t1,3.007958949824432
gene_258,species_3,t2,0.0
gene_258,species_3,t3,1.010894972052496
gene_259,species_1,t0,2.7206213261206313
gene_259,species_1,t1,0.0
gene_259,species_1,t2,4.598438408619273
gene_259,species_1,t3,1.1580143479241023
gene_259,species_2,t0,0.0
gene_259,species_2,t1,0.6269150968647992
gene_259,species_2,t2,0.0
gene_259,species_2,t3,0.18041920989410798
gene_259,species_3,t0,1.9484985874035727
gene_259,species_3,t1,4.019887688842915
gene_259,species_3,t2,2.9585607317907097
gene_259,species_3,t3,0.7377157054985218
gene_260,species_1,t0,0.7071698676146895
gene_260,species_1,t1,1.1635380448518762
gene_260,species_1,t2,0.47890702211893893
gene_260,species_1,t3,0.1753094765977833
gene_260,species_2,t0,0.0
gene_260,species_2,t1,0.37464220015726335
gene_260,species_2,t2,0.0
gene_260,species_2,t3,0.0
gene_260,species_3,t0,0.17398418597874943
gene_260,species_3,t1,0.5271456798121246
gene_260,species_3,t2,1.4413557288058387
gene_260,species_3,t3,0.6616801801841363
gene_261,species_1,t0,2.1217788843029437
gene_261,species_1,t1,0.0
gene_261,species_1,t2,0.0
gene_261,species_1,t3,0.0
gene_261,species_2,t0,0.0
gene_261,species_2,t1,0.0
gene_261,species_2,t2,0.0
gene_261,species_2,t3,1.5795535455129608
gene_261,species_3,t0,2.2160631942529254
gene_261,species_3,t1,3.637251579818184
gene_261,species_3,t2,0.0
gene_261,species_3,t3,0.10560578364603887
gene_262,species_1,t0,0.0
gene_262,species_1,t1,3.1170102081415725
gene_262,species_1,t2,2.306215431791632
gene_262,species_1,t3,0.8464159034138075
gene_262,species_2,t0,0.18983838211359827
gene_262,species_2,t1,0.0
gene_262,species_2,t2,2.0697211181916315
gene_262,species_2,t3,0.0
gene_262,species_3,t0,0.0
gene_262,species_3,t1,0.0
gene_262,species_3,t2,0.0
gene_262,species_3,t3,0.5256621827567027
gene_263,species_1,t0,1.91934391796036
gene_263,species_1,t1,3.207598114133958
gene_263,species_1,t2,3.5408476115955474
gene_263,species_1,t3,0.770645964533385
gene_263,species_2,t0,0.0
gene_263,species_2,t1,0.0
gene_263,species_2,t2,0.0
gene_263,species_2,t3,0.07314893319275072
gene_263,species_3,t0,0.0
gene_263,species_3,t1,3.427922824666446
gene_263,species_3,t2,1.2799205235522952
gene_263,species_3,t3,0.0
gene_264,species_1,t0,1.3397387080319356
gene_264,species_1,t1,2.6563411626340976
gene_264,species_1,t2,1.9451490182306383
gene_264,species_1,t3,0.1748006759311026
gene_264,species_2,t0,0.4781850192633688
gene_264,species_2,t1,0.8968765040984867
gene_264,species_2,t2,0.8398846217313467
gene_264,species_2,t3,0.9523941062623483
gene_264,species_3,t0,0.7761237017813368
gene_264,species_3,t1,1.6721865602539434
gene_264,species_3,t2,2.079302047609873
gene_264,species_3,t3,1.0801983883480872
gene_265,species_1,t0,0.0
gene_265,species_1,t1,0.1980512774741408
gene_265,species_1,t2,0.2525026896457372
gene_265,species_1,t3,0.0
gene_265,species_2,t0,0.22258147394578415
gene_265,species_2,t1,1.3165723298440255
gene_265,species_2,t2,2.1165034140018055
gene_265,species_2,t3,0.0
gene_265,species_3,t0,0.5751133963065974
gene_265,species_3,t1,1.1678857376722562
gene_265,species_3,t2,0.8419219728941189
gene_265,species_3,t3,0.12152645224767125
gene_266,species_1,t0,0.0
gene_266,species_1,t1,3.8048245112928343
gene_266,species_1,t2,4.205969359455711
gene_266,species_1,t3,0.0
gene_266,species_2,t0,0.0
gene_266,species_2,t1,0.0
gene_266,species_2,t2,1.342404356815445
gene_266,species_2,t3,0.0
gene_266,species_3,t0,1.3304887783159174
gene_266,species_3,t1,0.0
gene_266,species_3,t2,2.061694237937064
gene_266,species_3,t3,0.9311032183969598
gene_267,species_1,t0,0.2649725896084223
gene_267,species_1,t1,0.026597531254444667
gene_267,species_1,t2,0.4562988550917368
gene_267,species_1,t3,0.3009618756692055
gene_267,species_2,t0,0.0
gene_267,species_2,t1,0.436277534921323
gene_267,species_2,t2,0.0
gene_267,species_2,t3,0.1255531676562988
gene_267,species_3,t0,0.05458132161011048
gene_267,species_3,t1,0.991334527444535
gene_267,species_3,t2,0.6484906166318202
gene_267,species_3,t3,0.0
gene_268,species_1,t0,0.07428961388858464
gene_268,species_1,t1,0.0
gene_268,species_1,t2,0.947273309785935
gene_268,species_1,t3,0.0
gene_268,species_2,t0,0.6333678876914439
gene_268,species_2,t1,1.4167352721330089
gene_268,species_2,t2,0.0
gene_268,species_2,t3,0.0
gene_268,species_3,t0,0.5654211745587979
gene_268,species_3,t1,2.2538623343237734
gene_268,species_3,t2,4.014004803015812
gene_268,species_3,t3,1.1605159719993998
gene_269,species_1,t0,0.0
gene_269,species_1,t1,0.0
gene_269,species_1,t2,1.1612840099252342
gene_269,species_1,t3,0.5043809105167677
gene_269,species_2,t0,0.0
gene_269,species_2,t1,0.0
gene_269,species_2,t2,2.670098663421675
gene_269,species_2,t3,1.2885848714895674
gene_269,species_3,t0,1.1114732755161778
gene_269,species_3,t1,0.0
gene_269,species_3,t2,2.6479264497426236
gene_269,species_3,t3,0.0
gene_270,species_1,t0,0.0
gene_270,species_1,t1,0.0
gene_270,species_1,t2,5.000982275455796
gene_270,species_1,t3,1.221593621378364
gene_270,species_2,t0,0.0
gene_270,species_2,t1,0.2695520666616389
gene_270,species_2,t2,0.0
gene_270,species_2,t3,0.0
gene_270,species_3,t0,2.3394172103920887
gene_270,species_3,t1,3.3451130507993154
gene_270,species_3,t2,4.709245133019822
gene_270,species_3,t3,1.2413691449211668
gene_271,species_1,t0,2.3037858961269335
gene_271,species_1,t1,4.748283135565156
gene_271,species_1,t2,0.0
gene_271,species_1,t3,0.874364741560256
gene_271,species_2,t0,0.5768899131319284
gene_271,species_2,t1,0.11134132038058403
gene_271,species_2,t2,1.2221336458315968
gene_271,species_2,t3,0.21171249385920748
gene_271,species_3,t0,0.0
gene_271,species_3,t1,1.9744943858715363
gene_271,species_3,t2,0.0
gene_271,species_3,t3,1.3827075495008017
gene_272,species_1,t0,0.24732781949813465
gene_272,species_1,t1,1.2768269203612927
gene_272,species_1,t2,0.6914868701315002
gene_272,species_1,t3,0.38098406792620776
gene_272,species_2,t0,0.0
gene_272,species_2,t1,1.001369507684399
gene_272,species_2,t2,1.1802419067711485
gene_272,species_2,t3,0.0
gene_272,species_3,t0,0.3629584061797147
gene_272,species_3,t1,1.8295884633363138
gene_272,species_3,t2,3.483184500176965
gene_272,species_3,t3,1.2315917971464907
gene_273,species_1,t0,1.9300600399908363
gene_273,species_1,t1,0.0
gene_273,species_1,t2,3.8381396973614543
gene_273,species_1,t3,1.0118496336975473
gene_273,species_2,t0,0.07629822551155732
gene_273,species_2,t1,0.0
gene_273,species_2,t2,0.20014293997522684
gene_273,species_2,t3,0.028955073808994217
gene_273,species_3,t0,1.4840831450335257
gene_273,species_3,t1,0.0
gene_273,species_3,t2,1.6189212246646367
gene_273,species_3,t3,0.43179029714237616
gene_274,species_1,t0,0.0
gene_274,species_1,t1,5.293539607193791
gene_274,species_1,t2,5.248166324588098
gene_274,species_1,t3,1.1866079707511819
gene_274,species_2,t0,0.3982530711414843
gene_274,species_2,t1,0.0
gene_274,species_2,t2,0.5441069018174474
gene_274,species_2,t3,0.5374412084538849
gene_274,species_3,t0,1.8965157957491945
gene_274,species_3,t1,4.480872541086536
gene_274,species_3,t2,3.5172039399690718
gene_274,species_3,t3,1.0938853712046812
gene_275,species_1,t0,0.0
gene_275,species_1,t1,0.0
gene_275,species_1,t2,0.029547848122753628
gene_275,species_1,t3,0.08910109340643188
gene_275,species_2,t0,0.0
gene_275,species_2,t1,0.26173455793046885
gene_275,species_2,t2,0.291851830351903
gene_275,species_2,t3,0.37198792317731977
gene_275,species_3,t0,0.2082127770400428
gene_275,species_3,t1,0.0
gene_275,species_3,t2,0.7490280763682565
gene_275,species_3,t3,0.0470902546946564
gene_276,species_1,t0,0.0
gene_276,species_1,t1,4.033187433219403
gene_276,species_1,t2,1.9057033066766234
gene_276,species_1,t3,0.0
gene_276,species_2,t0,0.0
gene_276,species_2,t1,0.2850664097079178
gene_276,species_2,t2,0.7117908651140138
gene_276,species_2,t3,0.0
gene_276,species_3,t0,1.3684792037476556
gene_276,species_3,t1,0.6473526287443508
gene_276,species_3,t2,4.802513599330768
gene_276,species_3,t3,0.0
gene_277,species_1,t0,0.8929224991162856
gene_277,species_1,t1,0.984804237167155
gene_277,species_1,t2,1.7510051464971519
gene_277,species_1,t3,0.5446913039700345
gene_277,species_2,t0,0.0
gene_277,species_2,t1,1.4700993211712523
gene_277,species_2,t2,0.0
gene_277,species_2,t3,1.1979902231647936
gene_277,species_3,t0,0.0
gene_277,species_3,t1,2.3792936322765024
gene_277,species_3,t2,0.37261669720598756
gene_277,species_3,t3,0.4064491664887485
gene_278,species_1,t0,1.8236409018177584
gene_278,species_1,t1,0.0
gene_278,species_1,t2,0.0
gene_278,species_1,t3,0.8345100960309204
gene_278,species_2,t0,0.40539085376233863
gene_278,species_2,t1,0.8085669874174131
gene_278,species_2,t2,1.8883930223411793
gene_278,species_2,t3,0.7296558548582718
gene_278,species_3,t0,1.8668519100877858
gene_278,species_3,t1,1.3615543684062494
gene_278,species_3,t2,0.0
gene_278,species_3,t3,0.0
gene_279,species_1,t0,2.4925658481869046
gene_279,species_1,t1,3.9747396746544386
gene_279,species_1,t2,0.0
gene_279,species_1,t3,0.0
gene_279,species_2,t0,0.0
gene_279,species_2,t1,1.0620290273737334
gene_279,species_2,t2,0.0
gene_279,species_2,t3,0.17213495035443024
gene_279,species_3,t0,0.0
gene_279,species_3,t1,4.452337807629342
gene_279,species_3,t2,0.0
gene_279,species_3,t3,0.0
gene_280,species_1,t0,0.0
gene_280,species_1,t1,1.68081971276977
gene_280,species_1,t2,0.8635259565714974
gene_280,species_1,t3,0.2071591949010131
gene_280,species_2,t0,0.0
gene_280,species_2,t1,0.8285636336547271
gene_280,species_2,t2,0.0
gene_280,species_2,t3,0.4310477431478749
gene_280,species_3,t0,0.0
gene_280,species_3,t1,0.1416913126276233
gene_280,species_3,t2,0.0
gene_280,species_3,t3,0.5625702063349756
gene_281,species_1,t0,1.5805226214181105
gene_281,species_1,t1,2.710370414779684
gene_281,species_1,t2,0.0
gene_281,species_1,t3,0.0
gene_281,species_2,t0,0.3592296209406638
gene_281,species_2,t1,0.0
gene_281,species_2,t2,0.23276913073758218
gene_281,species_2,t3,0.0
gene_281,species_3,t0,0.9653561534614924
gene_281,species_3,t1,1.899023208028037
gene_281,species_3,t2,2.089497058657316
gene_281,species_3,t3,0.44783822510017324
gene_282,species_1,t0,0.5860815021088651
gene_282,species_1,t1,1.659706782828757
gene_282,species_1,t2,0.0
gene_282,species_1,t3,0.31060690493173426
gene_282,species_2,t0,0.0
gene_282,species_2,t1,0.0
gene_282,species_2,t2,1.5401986313592901
gene_282,species_2,t3,0.5541695057758761
gene_282,species_3,t0,0.0
gene_282,species_3,t1,0.0122725759441224
gene_282,species_3,t2,2.0197738553754934
gene_282,species_3,t3,0.3720432759920045
gene_283,species_1,t0,1.235279418164092
gene_283,species_1,t1,0.0
gene_283,species_1,t2,2.0599852147602506
gene_283,species_1,t3,0.0
gene_283,species_2,t0,0.10912777538009191
gene_283,species_2,t1,0.6316622265260698
gene_283,species_2,t2,0.5948374814550162
gene_283,species_2,t3,0.35387684184942364
gene_283,species_3,t0,0.5992646250400359
gene_283,species_3,t1,0.0
gene_283,species_3,t2,0.6209796577943386
gene_283,species_3,t3,0.0
gene_284,species_1,t0,0.21280156397279473
gene_284,species_1,t1,0.4833830205419161
gene_284,species_1,t2,0.5465061200823123
gene_284,species_1,t3,0.6302926213603518
gene_284,species_2,t0,0.8632418290390494
gene_284,species_2,t1,0.9249518654673288
gene_284,species_2,t2,2.0845645534819135
gene_284,species_2,t3,1.9818245353999318
gene_284,species_3,t0,0.19251394147800635
gene_284,species_3,t1,0.6461413443733873
gene_284,species_3,t2,1.658116302065143
gene_284,species_3,t3,0.0
gene_285,species_1,t0,0.17662593135632157
gene_285,species_1,t1,0.6323373276772668
gene_285,species_1,t2,0.4605184908704368
gene_285,species_1,t3,0.0
gene_285,species_2,t0,0.6284377016715584
gene_285,species_2,t1,0.18906348609403453
gene_285,species_2,t2,1.0006054689209631
gene_285,species_2,t3,1.1292988867730709
gene_285,species_3,t0,0.0
gene_285,species_3,t1,0.753444961322249
gene_285,species_3,t2,1.6456332905840063
gene_285,species_3,t3,0.8226199937889694
gene_286,species_1,t0,0.27785347697302987
gene_286,species_1,t1,0.0
gene_286,species_1,t2,0.13999088391165404
gene_286,species_1,t3,0.0
gene_286,species_2,t0,0.3743474816644895
gene_286,species_2,t1,0.8768555609960905
gene_286,species_2,t2,0.977113452210689
gene_286,species_2,t3,0.017850730481264867
gene_286,species_3,t0,0.6442621973338398
gene_286,species_3,t1,1.0241653823881252
gene_286,species_3,t2,2.2471562997118824
gene_286,species_3,t3,0.6204627817054035
gene_287,species_1,t0,0.2016795506023037
gene_287,species_1,t1,1.5903493055125582
gene_287,species_1,t2,0.0
gene_287,species_1,t3,0.0
gene_287,species_2,t0,0.3632328626625474
gene_287,species_2,t1,1.3070796015806214
gene_287,species_2,t2,0.0
gene_287,species_2,t3,0.6812757982449128
gene_287,species_3,t0,0.8029661103836908
gene_287,species_3,t1,1.6264979424006085
gene_287,species_3,t2,3.3952246905071077
gene_287,species_3,t3,0.0
gene_288,species_1,t0,3.151821130575937
gene_288,species_1,t1,4.95540824944116
gene_288,species_1,t2,0.0
gene_288,species_1,t3,1.6424247517112116
gene_288,species_2,t0,0.0
gene_288,species_2,t1,1.5268925772158093
gene_288,species_2,t2,0.5480544132758871
gene_288,species_2,t3,0.0
gene_288,species_3,t0,0.0
gene_288,species_3,t1,5.835764571610147
gene_288,species_3,t2,1.62055421732869
gene_288,species_3,t3,0.3055442669436442
gene_289,species_1,t0,0.17126759366952504
gene_289,species_1,t1,1.306295105210697
gene_289,species_1,t2,0.24816532852035225
gene_289,species_1,t3,0.19484520350237944
gene_289,species_2,t0,0.0
gene_289,species_2,t1,1.3003022157197308
gene_289,species_2,t2,1.586838926387414
gene_289,species_2,t3,0.21766875671845706
gene_289,species_3,t0,0.0
gene_289,species_3,t1,1.710350805066735
gene_289,species_3,t2,3.320440004982823
gene_289,species_3,t3,0.8635203300813185
gene_290,species_1,t0,0.41372528372401274
gene_290,species_1,t1,0.4903133809595045
gene_290,species_1,t2,0.053511992087645406
gene_290,species_1,t3,0.0
gene_290,species_2,t0,0.3694019074223942
gene_290,species_2,t1,0.5116922162351443
gene_290,species_2,t2,1.2030695966319607
gene_290,species_2,t3,0.9465272476511529
gene_290,species_3,t0,0.3930315844869481
gene_290,species_3,t1,0.27535793587923063
gene_290,species_3,t2,0.6142333004915322
gene_290,species_3,t3,0.0
gene_291,species_1,t0,0.7179491141887404
gene_291,species_1,t1,0.0
gene_291,species_1,t2,0.40056505739310877
gene_291,species_1,t3,0.0
gene_291,species_2,t0,0.5158426742561423
gene_291,species_2,t1,0.4984407432084125
gene_291,species_2,t2,0.8774984380065404
gene_291,species_2,t3,1.0066046150621057
gene_291,species_3,t0,0.3806897131840503
gene_291,species_3,t1,0.2171764201019726
gene_291,species_3,t2,2.0668708473373267
gene_291,species_3,t3,1.2416134353074395
gene_292,species_1,t0,2.31363728991587
gene_292,species_1,t1,4.82082341034201
gene_292,species_1,t2,0.0
gene_292,species_1,t3,0.7494418380710174
gene_292,species_2,t0,0.0
gene_292,species_2,t1,0.1797270709632184
gene_292,species_2,t2,1.0743074776991097
gene_292,species_2,t3,0.11917122945069525
gene_292,species_3,t0,0.0
gene_292,species_3,t1,1.6435159594558089
gene_292,species_3,t2,5.248467682663947
gene_292,species_3,t3,1.3439189954861535
gene_293,species_1,t0,1.6779628944762845
gene_293,species_1,t1,2.9414398461016455
gene_293,species_1,t2,2.5270743081430975
gene_293,species_1,t3,0.6474388884861165
gene_293,species_2,t0,0.30424569210276975
gene_293,species_2,t1,0.7118263131898482
gene_293,species_2,t2,0.2304680102249624
gene_293,species_2,t3,0.371655035673518
gene_293,species_3,t0,1.1746138877149603
gene_293,species_3,t1,0.0
gene_293,species_3,t2,0.0
gene_293,species_3,t3,0.810475537481345
gene_294,species_1,t0,1.453956030838881
gene_294,species_1,t1,3.2569491834038544
gene_294,species_1,t2,2.3563150651749907
gene_294,species_1,t3,0.5698395069384086
gene_294,species_2,t0,0.17423320664653325
gene_294,species_2,t1,0.5312126112259867
gene_294,species_2,t2,0.0
gene_294,species_2,t3,0.0
gene_294,species_3,t0,0.0
gene_294,species_3,t1,1.116456062378618
gene_294,species_3,t2,3.5000680054977105
gene_294,species_3,t3,0.5395637516190684
gene_295,species_1,t0,0.27856519672281455
gene_295,species_1,t1,0.014086507327845998
gene_295,species_1,t2,2.1180212006284664
gene_295,species_1,t3,0.6685566720120997
gene_295,species_2,t0,0.6721523169806136
gene_295,species_2,t1,0.0
gene_295,species_2,t2,0.0853265976558353
gene_295,species_2,t3,0.7641094258122365
gene_295,species_3,t0,0.0
gene_295,species_3,t1,2.834384197836346
gene_295,species_3,t2,0.0
gene_295,species_3,t3,1.2099037609699934
gene_296,species_1,t0,0.10825280066975712
gene_296,species_1,t1,0.0
gene_296,species_1,t2,0.004916777683635909
gene_296,species_1,t3,0.0
gene_296,species_2,t0,0.0
gene_296,species_2,t1,0.0
gene_296,species_2,t2,2.660337875304988
gene_296,species_2,t3,1.5189651712140397
gene_296,species_3,t0,0.0
gene_296,species_3,t1,0.6618961157031324
gene_296,species_3,t2,0.5783165315229567
gene_296,species_3,t3,0.0
gene_297,species_1,t0,0.0
gene_297,species_1,t1,1.342452940282047
gene_297,species_1,t2,0.24991487645832797
gene_297,species_1,t3,0.183593011852523
gene_297,species_2,t0,0.08664436954700205
gene_297,species_2,t1,2.0978540877403873
gene_297,species_2,t2,3.21394105012599
gene_297,species_2,t3,1.6485527188199678
gene_297,species_3,t0,0.0
gene_297,species_3,t1,0.0
gene_297,species_3,t2,2.7224044208941667
gene_297,species_3,t3,0.03715451885827538
gene_298,species_1,t0,0.5287239626202705
gene_298,species_1,t1,0.5926107239310417
gene_298,species_1,t2,1.4272559053338951
gene_298,species_1,t3,0.0
gene_298,species_2,t0,0.16788260073617756
gene_298,species_2,t1,0.0
gene_298,species_2,t2,0.0894375367609464
gene_298,species_2,t3,0.22909162753254717
gene_298,species_3,t0,0.35747327286229513
gene_298,species_3,t1,1.589458020141149
gene_298,species_3,t2,0.919416658734284
gene_298,species_3,t3,0.0
gene_299,species_1,t0,1.6941197577944556
gene_299,species_1,t1,3.5843818876509435
gene_299,species_1,t2,2.9904442963039126
gene_299,species_1,t3,0.0
gene_299,species_2,t0,0.2889040573847859
gene_299,species_2,t1,0.0
gene_299,species_2,t2,0.7033622280887326
gene_299,species_2,t3,0.18873252655497694
gene_299,species_3,t0,1.2799118932579527
gene_299,species_3,t1,1.92877024745011
gene_299,species_3,t2,3.3688905751191154
gene_299,species_3,t3,0.0
gene_300,species_1,t0,0.28063272910366377
gene_300,species_1,t1,0.9905365250612214
gene_300,species_1,t2,0.06531461705699143
gene_300,species_1,t3,0.0
gene_300,species_2,t0,0.40985439516029043
gene_300,species_2,t1,0.14276770977973424
gene_300,species_2,t2,0.44226302041950905
gene_300,species_2,t3,0.0
gene_300,species_3,t0,0.0
gene_300,species_3,t1,0.0
gene_300,species_3,t2,1.4441026825054126
gene_300,species_3,t3,0.6877846382183932
gene_301,species_1,t0,2.9561884813226955
gene_301,species_1,t1,0.0
gene_301,species_1,t2,5.393555681430316
gene_301,species_1,t3,1.4569489958002457
gene_301,species_2,t0,0.04356076707586423
gene_301,species_2,t1,0.0
gene_301,species_2,t2,0.4784775943372488
gene_301,species_2,t3,0.37741873960648387
gene_301,species_3,t0,0.0
gene_301,species_3,t1,4.935579436344655
gene_301,species_3,t2,2.870440442509037
gene_301,species_3,t3,0.587139665599392
gene_302,species_1,t0,0.0
gene_302,species_1,t1,0.26444822489025505
gene_302,species_1,t2,0.0
gene_302,species_1,t3,0.2030776895728278
gene_302,species_2,t0,0.0
gene_302,species_2,t1,0.0
gene_302,species_2,t2,0.14156990729687896
gene_302,species_2,t3,0.06074994974036299
gene_302,species_3,t0,0.0
gene_302,species_3,t1,0.6032678984540841
gene_302,species_3,t2,0.15813480494848914
gene_302,species_3,t3,0.32330093413307515
gene_303,species_1,t0,0.7830472063612477
gene_303,species_1,t1,0.0
gene_303,species_1,t2,2.307201911839357
gene_303,species_1,t3,0.0
gene_303,species_2,t0,0.0
gene_303,species_2,t1,0.37839750113647747
gene_303,species_2,t2,1.9886790254215474
gene_303,species_2,t3,1.8018647794133258
gene_303,species_3,t0,0.0
gene_303,species_3,t1,2.078016257232313
gene_303,species_3,t2,0.0
gene_303,species_3,t3,0.6473477992492823
gene_304,species_1,t0,1.2365041369269945
gene_304,species_1,t1,2.592901219116504
gene_304,species_1,t2,2.009439295119637
gene_304,species_1,t3,0.0
gene_304,species_2,t0,0.0
gene_304,species_2,t1,0.23420872452586397
gene_304,species_2,t2,0.5008392125074695
gene_304,species_2,t3,0.3795113437537495
gene_304,species_3,t0,1.1470396122866626
gene_304,species_3,t1,1.5701447844484417
gene_304,species_3,t2,2.028753866988492
gene_304,species_3,t3,0.44971422098625397
gene_305,species_1,t0,1.231825054651617
gene_305,species_1,t1,2.0691893384484827
gene_305,species_1,t2,2.8229592668302277
gene_305,species_1,t3,0.85817340462197
gene_305,species_2,t0,0.12271287224128374
gene_305,species_2,t1,0.7821902803238682
gene_305,species_2,t2,0.31430485173768474
gene_305,species_2,t3,0.1713540990504858
gene_305,species_3,t0,0.0
gene_305,species_3,t1,2.7398704969425265
gene_305,species_3,t2,0.48637167357622535
gene_305,species_3,t3,0.0
gene_306,species_1,t0,0.0
gene_306,species_1,t1,3.2155594194101913
gene_306,species_1,t2,2.116073985793943
gene_306,species_1,t3,0.5706838805804151
gene_306,species_2,t0,0.3901227579776102
gene_306,species_2,t1,0.20959912694872387
gene_306,species_2,t2,0.0
gene_306,species_2,t3,0.14405949702758306
gene_306,species_3,t0,1.221470285717846
gene_306,species_3,t1,1.434639703600445
gene_306,species_3,t2,0.0
gene_306,species_3,t3,0.9253311687690637
gene_307,species_1,t0,0.7752254577330955
gene_307,species_1,t1,0.0
gene_307,species_1,t2,0.0
gene_307,species_1,t3,0.6317316276221633
gene_307,species_2,t0,0.0
gene_307,species_2,t1,0.0
gene_307,species_2,t2,0.41628322491832775
gene_307,species_2,t3,0.5305858868791309
gene_307,species_3,t0,0.0
gene_307,species_3,t1,2.6841625063299386
gene_307,species_3,t2,0.0
gene_307,species_3,t3,0.0
gene_308,species_1,t0,0.6946390503694531
gene_308,species_1,t1,0.0
gene_308,species_1,t2,1.0005851600713385
gene_308,species_1,t3,0.0
gene_308,species_2,t0,0.0
gene_308,species_2,t1,0.0
gene_308,species_2,t2,1.49845984221121
gene_308,species_2,t3,0.0
gene_308,species_3,t0,0.05539534446526681
gene_308,species_3,t1,1.382915143015855
gene_308,species_3,t2,0.027635945239845566
gene_308,species_3,t3,0.2921296645693596
gene_309,species_1,t0,0.0
gene_309,species_1,t1,0.10402986994765033
gene_309,species_1,t2,0.5382669324760121
gene_309,species_1,t3,0.0
gene_309,species_2,t0,0.3009207585777628
gene_309,species_2,t1,0.4891054083059282
gene_309,species_2,t2,1.1035390402206477
gene_309,species_2,t3,1.0494297607790541
gene_309,species_3,t0,0.26582695888699476
gene_309,species_3,t1,0.45482622484197344
gene_309,species_3,t2,0.5360545296559179
gene_309,species_3,t3,0.0
gene_310,species_1,t0,0.0
gene_310,species_1,t1,1.3603210678502642
gene_310,species_1,t2,1.2133913771349345
gene_310,species_1,t3,0.0
gene_310,species_2,t0,0.41086335085771475
gene_310,species_2,t1,0.0
gene_310,species_2,t2,0.0
gene_310,species_2,t3,1.0122421456770565
gene_310,species_3,t0,0.3035344735237399
gene_310,species_3,t1,1.1455525929924761
gene_310,species_3,t2,1.473310795211924
gene_310,species_3,t3,0.0
gene_311,species_1,t0,0.0
gene_311,species_1,t1,0.0
gene_311,species_1,t2,0.0
gene_311,species_1,t3,0.0
gene_311,species_2,t0,0.042743770126501685
gene_311,species_2,t1,0.9869754796747664
gene_311,species_2,t2,1.9406755984513109
gene_311,species_2,t3,0.8612010203313248
gene_311,species_3,t0,0.2923278129136541
gene_311,species_3,t1,0.0
gene_311,species_3,t2,0.6562779528266361
gene_311,species_3,t3,0.27146968214012257
gene_312,species_1,t0,0.26426037695198373
gene_312,species_1,t1,0.39517958488277927
gene_312,species_1,t2,2.03206256632102
gene_312,species_1,t3,0.6351645676138287
gene_312,species_2,t0,0.42306375872796986
gene_312,species_2,t1,1.888150494903198
gene_312,species_2,t2,1.9990173652864769
gene_312,species_2,t3,0.31806838269181636
gene_312,species_3,t0,0.3432085379982814
gene_312,species_3,t1,3.0867279046554317
gene_312,species_3,t2,0.0
gene_312,species_3,t3,0.0
gene_313,species_1,t0,0.5243437209078556
gene_313,species_1,t1,1.2377237657350775
gene_313,species_1,t2,0.496756582910251
gene_313,species_1,t3,0.06642612678727758
gene_313,species_2,t0,0.3095324600115773
gene_313,species_2,t1,0.02336195659663705
gene_313,species_2,t2,0.0
gene_313,species_2,t3,0.0
gene_313,species_3,t0,0.22268863415806753
gene_313,species_3,t1,0.1304335515222089
gene_313,species_3,t2,0.0
gene_313,species_3,t3,0.8150833138533489
gene_314,species_1,t0,0.6678295550567807
gene_314,species_1,t1,2.323756489288955
gene_314,species_1,t2,2.4269194056948042
gene_314,species_1,t3,1.1125568421560574
gene_314,species_2,t0,0.0
gene_314,species_2,t1,1.6467313078005863
gene_314,species_2,t2,0.0
gene_314,species_2,t3,2.5887537128838334
gene_314,species_3,t0,1.510944887035709
gene_314,species_3,t1,0.9715654481583395
gene_314,species_3,t2,1.5580249419782624
gene_314,species_3,t3,0.0
gene_315,species_1,t0,1.682312158108622
gene_315,species_1,t1,3.4334635065550585
gene_315,species_1,t2,1.837265794011755
gene_315,species_1,t3,0.0
gene_315,species_2,t0,0.5655018426160769
gene_315,species_2,t1,0.2924873303726089
gene_315,species_2,t2,0.0
gene_315,species_2,t3,0.610036747496977
gene_315,species_3,t0,0.0
gene_315,species_3,t1,0.5177009465130615
gene_315,species_3,t2,4.58035814029708
gene_315,species_3,t3,1.5442437567424223
gene_316,species_1,t0,0.0
gene_316,species_1,t1,3.345018597392618
gene_316,species_1,t2,3.563549837265667
gene_316,species_1,t3,0.8390045003126663
gene_316,species_2,t0,0.2958083171048973
gene_316,species_2,t1,1.3023084277947523
gene_316,species_2,t2,1.2139668670835273
gene_316,species_2,t3,0.0
gene_316,species_3,t0,1.1199103941245452
gene_316,species_3,t1,3.360332419397067
gene_316,species_3,t2,0.0
gene_316,species_3,t3,0.6626345932891416
gene_317,species_1,t0,1.1209963952537754
gene_317,species_1,t1,2.0330271049180535
gene_317,species_1,t2,1.950274547573156
gene_317,species_1,t3,0.5879635400332515
gene_317,species_2,t0,0.18386765836352492
gene_317,species_2,t1,0.01838269349975289
gene_317,species_2,t2,0.0
gene_317,species_2,t3,0.21930735445660274
gene_317,species_3,t0,0.9380904370925781
gene_317,species_3,t1,1.5072837909003989
gene_317,species_3,t2,1.3255961081927374
gene_317,species_3,t3,0.2806936656758778
gene_318,species_1,t0,0.9578746968366643
gene_318,species_1,t1,0.0
gene_318,species_1,t2,1.566695505925858
gene_318,species_1,t3,0.0
gene_318,species_2,t0,0.0
gene_318,species_2,t1,0.5839724596997198
gene_318,species_2,t2,1.5736558692635254
gene_318,species_2,t3,0.5369189018790185
gene_318,species_3,t0,1.1361897395977536
gene_318,species_3,t1,0.5689714728913567
gene_318,species_3,t2,2.480686564815342
gene_318,species_3,t3,0.6654815232019444
gene_319,species_1,t0,0.7169149675536736
gene_319,species_1,t1,0.9370385858156245
gene_319,species_1,t2,0.0
gene_319,species_1,t3,0.2909399303625632
gene_319,species_2,t0,0.531917409673206
gene_319,species_2,t1,0.0
gene_319,species_2,t2,1.8554245275632046
gene_319,species_2,t3,0.0
gene_319,species_3,t0,0.06264408032840003
gene_319,species_3,t1,0.0
gene_319,species_3,t2,1.1848758846609235
gene_319,species_3,t3,0.8784164973138469
gene_320,species_1,t0,0.0
gene_320,species_1,t1,0.071026511165615
gene_320,species_1,t2,0.0
gene_320,species_1,t3,0.0
gene_320,species_2,t0,0.1505918388068822
gene_320,species_2,t1,0.8042743634653313
gene_320,species_2,t2,1.1035020194756193
gene_320,species_2,t3,0.0
gene_320,species_3,t0,0.07682861240942288
gene_320,species_3,t1,0.0
gene_320,species_3,t2,0.0
gene_320,species_3,t3,0.09490401929271325
gene_321,species_1,t0,0.0
gene_321,species_1,t1,0.0
gene_321,species_1,t2,2.176231400384268
gene_321,species_1,t3,0.780828827449946
gene_321,species_2,t0,0.541013002795951
gene_321,species_2,t1,1.142311015486018
gene_321,species_2,t2,0.0
gene_321,species_2,t3,0.6078431655124699
gene_321,species_3,t0,0.07803532296930511
gene_321,species_3,t1,0.0
gene_321,species_3,t2,2.892345815196859
gene_321,species_3,t3,0.971406548360705
gene_322,species_1,t0,1.9420966199878655
gene_322,species_1,t1,3.5604088148187367
gene_322,species_1,t2,3.3956302254396658
gene_322,species_1,t3,0.7338312428355317
gene_322,species_2,t0,0.12243493608034886
gene_322,species_2,t1,0.7229247608245463
gene_322,species_2,t2,0.10798555702503379
gene_322,species_2,t3,0.44908883193133653
gene_322,species_3,t0,1.3101650901084878
gene_322,species_3,t1,0.0
gene_322,species_3,t2,0.0
gene_322,species_3,t3,0.6298829493528336
gene_323,species_1,t0,0.0
gene_323,species_1,t1,1.6626595811207967
gene_323,species_1,t2,1.1544938496163872
gene_323,species_1,t3,0.25837522179808425
gene_323,species_2,t0,0.2666017652253075
gene_323,species_2,t1,0.13855295502333936
gene_323,species_2,t2,0.2361347058757896
gene_323,species_2,t3,0.0
gene_323,species_3,t0,0.5049896466463413
gene_323,species_3,t1,0.6775654766249769
gene_323,species_3,t2,0.0
gene_323,species_3,t3,0.5780166620729587
gene_324,species_1,t0,2.679057957830305
gene_324,species_1,t1,5.511941145178787
gene_324,species_1,t2,0.0
gene_324,species_1,t3,0.0
gene_324,species_2,t0,1.052501262430703
gene_324,species_2,t1,0.0
gene_324,species_2,t2,0.730297844399733
gene_324,species_2,t3,0.0
gene_324,species_3,t0,1.9356390722184995
gene_324,species_3,t1,0.0
gene_324,species_3,t2,6.491588615565186
gene_324,species_3,t3,2.3282161660177243
gene_325,species_1,t0,0.0
gene_325,species_1,t1,0.0
gene_325,species_1,t2,0.5894157624610373
gene_325,species_1,t3,0.0
gene_325,species_2,t0,0.3337898978676684
gene_325,species_2,t1,0.0
gene_325,species_2,t2,0.9263685271223829
gene_325,species_2,t3,0.7928783034108025
gene_325,species_3,t0,0.40803416809351706
gene_325,species_3,t1,0.42879946761700055
gene_325,species_3,t2,0.546383436035823
gene_325,species_3,t3,0.0
gene_326,species_1,t0,0.0
gene_326,species_1,t1,0.3493450454405646
gene_326,species_1,t2,0.008206486841374316
gene_326,species_1,t3,0.11003279806103929
gene_326,species_2,t0,0.13895964621293255
gene_326,species_2,t1,0.0
gene_326,species_2,t2,0.33089155447621316
gene_326,species_2,t3,0.0
gene_326,species_3,t0,0.06642908438939864
gene_326,species_3,t1,0.373208559333449
gene_326,species_3,t2,0.6326131711427467
gene_326,species_3,t3,0.18460648631798246
gene_327,species_1,t0,0.4600188564484183
gene_327,species_1,t1,1.5390130103371353
gene_327,species_1,t2,0.15489155227693735
gene_327,species_1,t3,0.3235939035508617
gene_327,species_2,t0,0.5759559241988966
gene_327,species_2,t1,0.8548637173016673
gene_327,species_2,t2,1.1411633419577114
gene_327,species_2,t3,0.12932633032874308
gene_327,species_3,t0,0.0
gene_327,species_3,t1,1.4282215850487967
gene_327,species_3,t2,3.2765917476235864
gene_327,species_3,t3,0.0
gene_328,species_1,t0,0.0
gene_328,species_1,t1,1.6279723803167765
gene_328,species_1,t2,1.836824272746655
gene_328,species_1,t3,0.618088250072611
gene_328,species_2,t0,0.0
gene_328,species_2,t1,0.11681799666585206
gene_328,species_2,t2,1.069638371953967
gene_328,species_2,t3,0.7084580461432551
gene_328,species_3,t0,0.7303778185820102
gene_328,species_3,t1,0.0
gene_328,species_3,t2,0.674572151241078
gene_328,species_3,t3,0.17409196638138205
gene_329,species_1,t0,1.8531969664880708
gene_329,species_1,t1,3.1225490052999163
gene_329,species_1,t2,4.077926539480867
gene_329,species_1,t3,1.4838587129367606
gene_329,species_2,t0,0.49112799523135564
gene_329,species_2,t1,0.0
gene_329,species_2,t2,1.3677315108680828
gene_329,species_2,t3,1.4177924248435074
gene_329,species_3,t0,1.5467863413295815
gene_329,species_3,t1,3.4164992146379976
gene_329,species_3,t2,0.0
gene_329,species_3,t3,0.2974123083996128
gene_330,species_1,t0,0.027551052541901197
gene_330,species_1,t1,0.5083961670166188
gene_330,species_1,t2,0.81930454582592
gene_330,species_1,t3,0.4952149212295978
gene_330,species_2,t0,0.41100289327204337
gene_330,species_2,t1,0.6567135405391081
gene_330,species_2,t2,1.685288831194104
gene_330,species_2,t3,1.3820460401233279
gene_330,species_3,t0,0.35924959998981043
gene_330,species_3,t1,0.3896791028411698
gene_330,species_3,t2,0.5099024634429501
gene_330,species_3,t3,0.7803941111092451
gene_331,species_1,t0,2.3837151594003805
gene_331,species_1,t1,3.8403798373533418
gene_331,species_1,t2,3.6149936929655375
gene_331,species_1,t3,0.0
gene_331,species_2,t0,0.5269563861176314
gene_331,species_2,t1,1.0705680641266007
gene_331,species_2,t2,0.0
gene_331,species_2,t3,0.0
gene_331,species_3,t0,0.0
gene_331,species_3,t1,3.1790960795283754
gene_331,species_3,t2,2.767482321740153
gene_331,species_3,t3,1.0257088809350015
gene_332,species_1,t0,0.0
gene_332,species_1,t1,2.7781461075159397
gene_332,species_1,t2,0.642484465920623
gene_332,species_1,t3,0.0
gene_332,species_2,t0,0.0
gene_332,species_2,t1,1.326028065921658
gene_332,species_2,t2,1.815934952475091
gene_332,species_2,t3,0.0
gene_332,species_3,t0,0.0
gene_332,species_3,t1,1.2219267164559668
gene_332,species_3,t2,0.0
gene_332,species_3,t3,1.0502713695382555
gene_333,species_1,t0,0.9712168696885276
gene_333,species_1,t1,1.0810634020227525
gene_333,species_1,t2,0.0
gene_333,species_1,t3,0.2003860813409381
gene_333,species_2,t0,0.19126453200344626
gene_333,species_2,t1,0.0
gene_333,species_2,t2,1.8112827757859986
gene_333,species_2,t3,0.9194858513747243
gene_333,species_3,t0,0.0
gene_333,species_3,t1,2.2921502799150884
gene_333,species_3,t2,0.26659129934018116
gene_333,species_3,t3,0.5181929592870147
gene_334,species_1,t0,1.0057541006111692
gene_334,species_1,t1,2.2131704734049786
gene_334,species_1,t2,0.0
gene_334,species_1,t3,0.0
gene_334,species_2,t0,0.0
gene_334,species_2,t1,0.6091159689827351
gene_334,species_2,t2,0.8228434701428812
gene_334,species_2,t3,0.0
gene_334,species_3,t0,0.7939659385831976
gene_334,species_3,t1,0.0
gene_334,species_3,t2,3.368275587528833
gene_334,species_3,t3,1.1720787031272895
gene_335,species_1,t0,0.7760323518771759
gene_335,species_1,t1,0.0
gene_335,species_1,t2,1.4198514039885506
gene_335,species_1,t3,0.0
gene_335,species_2,t0,0.07664020753314549
gene_335,species_2,t1,1.0768006913900283
gene_335,species_2,t2,1.5909010500287255
gene_335,species_2,t3,0.0
gene_335,species_3,t0,0.21133242803825272
gene_335,species_3,t1,1.9033396622644851
gene_335,species_3,t2,0.0
gene_335,species_3,t3,0.48382412357436927
gene_336,species_1,t0,1.969010657565277
gene_336,species_1,t1,2.7426070341802395
gene_336,species_1,t2,4.50117619155616
gene_336,species_1,t3,0.0
gene_336,species_2,t0,0.22662132950799205
gene_336,species_2,t1,1.92030121949316
gene_336,species_2,t2,1.5195014739213082
gene_336,species_2,t3,0.0
gene_336,species_3,t0,0.9481146338173158
gene_336,species_3,t1,0.0
gene_336,species_3,t2,0.0
gene_336,species_3,t3,0.0
gene_337,species_1,t0,0.0
gene_337,species_1,t1,0.0
gene_337,species_1,t2,0.9476052873798095
gene_337,species_1,t3,0.0
gene_337,species_2,t0,0.4847424930384024
gene_337,species_2,t1,0.08026951421492268
gene_337,species_2,t2,0.0
gene_337,species_2,t3,0.645806710734154
gene_337,species_3,t0,0.6184122464524268
gene_337,species_3,t1,0.012618960360105342
gene_337,species_3,t2,2.916683462182026
gene_337,species_3,t3,1.2097526828659142
gene_338,species_1,t0,0.6614142165596171
gene_338,species_1,t1,0.7597397458747749
gene_338,species_1,t2,1.2058494830920663
gene_338,species_1,t3,0.0
gene_338,species_2,t0,0.0
gene_338,species_2,t1,0.0
gene_338,species_2,t2,1.077713543123254
gene_338,species_2,t3,0.0
gene_338,species_3,t0,0.07752729578705392
gene_338,species_3,t1,0.0
gene_338,species_3,t2,0.17824997231682038
gene_338,species_3,t3,0.0
gene_339,species_1,t0,3.6410179344397684
gene_339,species_1,t1,6.323730219344295
gene_339,species_1,t2,0.0
gene_339,species_1,t3,1.6199056713930413
gene_339,species_2,t0,0.39863842990092513
gene_339,species_2,t1,0.0
gene_339,species_2,t2,0.33951407801760136
gene_339,species_2,t3,0.0
gene_339,species_3,t0,0.0
gene_339,species_3,t1,5.103693491199414
gene_339,species_3,t2,0.0
gene_339,species_3,t3,1.0865086036306832
gene_340,species_1,t0,0.7607790597052373
gene_340,species_1,t1,0.6751777538117754
gene_340,species_1,t2,1.7554009401614201
gene_340,species_1,t3,0.10893652617488353
gene_340,species_2,t0,0.15976977712791218
gene_340,species_2,t1,0.931802170870675
gene_340,species_2,t2,0.780435580938001
gene_340,species_2,t3,0.06295855982732501
gene_340,species_3,t0,0.23811640502257336
gene_340,species_3,t1,1.7946726188316224
gene_340,species_3,t2,0.5109130529216005
gene_340,species_3,t3,0.0
gene_341,species_1,t0,0.6246227180187637
gene_341,species_1,t1,0.728743944107339
gene_341,species_1,t2,1.1209042732896803
gene_341,species_1,t3,0.0
gene_341,species_2,t0,0.0
gene_341,species_2,t1,0.4821103793313197
gene_341,species_2,t2,0.5862767922854456
gene_341,species_2,t3,0.1714879357835433
gene_341,species_3,t0,0.1038285732253885
gene_341,species_3,t1,1.050859241907451
gene_341,species_3,t2,0.0
gene_341,species_3,t3,0.19489987277128057
gene_342,species_1,t0,1.7090810360239583
gene_342,species_1,t1,3.805176677356959
gene_342,species_1,t2,0.0
gene_342,species_1,t3,0.9174332944899524
gene_342,species_2,t0,0.0
gene_342,species_2,t1,0.0
gene_342,species_2,t2,1.3854111335735404
gene_342,species_2,t3,0.3631730207911651
gene_342,species_3,t0,1.4549715373554335
gene_342,species_3,t1,1.44502143829376
gene_342,species_3,t2,3.736618842657857
gene_342,species_3,t3,0.0
gene_343,species_1,t0,1.0634995866105328
gene_343,species_1,t1,2.4793737035981547
gene_343,species_1,t2,0.0
gene_343,species_1,t3,0.4057468178823305
gene_343,species_2,t0,0.5208175474321346
gene_343,species_2,t1,0.513423998128061
gene_343,species_2,t2,1.0028372478183525
gene_343,species_2,t3,0.0
gene_343,species_3,t0,1.073502609559597
gene_343,species_3,t1,0.0
gene_343,species_3,t2,3.1798241013651634
gene_343,species_3,t3,0.9696095351994333
gene_344,species_1,t0,1.9810532648243098
gene_344,species_1,t1,3.103564384484316
gene_344,species_1,t2,3.7679273156319897
gene_344,species_1,t3,1.1142006608897892
gene_344,species_2,t0,0.0
gene_344,species_2,t1,0.0
gene_344,species_2,t2,0.0
gene_344,species_2,t3,0.8343617681423117
gene_344,species_3,t0,0.0
gene_344,species_3,t1,3.2685392638690884
gene_344,species_3,t2,0.0
gene_344,species_3,t3,0.0
gene_345,species_1,t0,0.08031049881467989
gene_345,species_1,t1,0.859677489522152
gene_345,species_1,t2,0.0
gene_345,species_1,t3,0.21132474789693045
gene_345,species_2,t0,0.0
gene_345,species_2,t1,0.2122514560837501
gene_345,species_2,t2,0.0
gene_345,species_2,t3,0.4055593068673212
gene_345,species_3,t0,0.0
gene_345,species_3,t1,0.08635651750687559
gene_345,species_3,t2,0.8066982788291908
gene_345,species_3,t3,0.0
gene_346,species_1,t0,0.0
gene_346,species_1,t1,5.7533732921026655
gene_346,species_1,t2,0.0
gene_346,species_1,t3,1.0407593105719288
gene_346,species_2,t0,0.6021758704995513
gene_346,species_2,t1,0.0712155031912226
gene_346,species_2,t2,0.9372724604181442
gene_346,species_2,t3,0.06423530436337363
gene_346,species_3,t0,0.0
gene_346,species_3,t1,2.687594706146714
gene_346,species_3,t2,5.274406148442542
gene_346,species_3,t3,1.4962438664562938
gene_347,species_1,t0,1.5002458864630275
gene_347,species_1,t1,0.0
gene_347,species_1,t2,1.6986636228703633
gene_347,species_1,t3,0.0
gene_347,species_2,t0,0.5810397558561856
gene_347,species_2,t1,0.0
gene_347,species_2,t2,0.0
gene_347,species_2,t3,0.0
gene_347,species_3,t0,1.0850882263484711
gene_347,species_3,t1,1.074177177641226
gene_347,species_3,t2,3.3490426266284374
gene_347,species_3,t3,0.0
gene_348,species_1,t0,1.1062612089052806
gene_348,species_1,t1,0.0
gene_348,species_1,t2,2.5757519293556816
gene_348,species_1,t3,0.0
gene_348,species_2,t0,0.0
gene_348,species_2,t1,0.4992081089671796
gene_348,species_2,t2,0.030516217770390187
gene_348,species_2,t3,0.4642078362839198
gene_348,species_3,t0,0.7604930479308158
gene_348,species_3,t1,2.7230278585793712
gene_348,species_3,t2,0.25260878886674476
gene_348,species_3,t3,0.32958868758305016
gene_349,species_1,t0,1.3216713412026162
gene_349,species_1,t1,1.8325083343471256
gene_349,species_1,t2,2.9377059966078467
gene_349,species_1,t3,0.586361193975053
gene_349,species_2,t0,0.13052051802540918
gene_349,species_2,t1,1.421118935936287
gene_349,species_2,t2,1.402110994371999
gene_349,species_2,t3,0.4826763547860516
gene_349,species_3,t0,0.7821398276198185
gene_349,species_3,t1,0.0
gene_349,species_3,t2,0.5649571414804834
gene_349,species_3,t3,0.0
gene_350,species_1,t0,0.0
gene_350,species_1,t1,0.9296956728330357
gene_350,species_1,t2,0.4355133760353933
gene_350,species_1,t3,0.0
gene_350,species_2,t0,0.0
gene_350,species_2,t1,0.0
gene_350,species_2,t2,0.0
gene_350,species_2,t3,0.0
gene_350,species_3,t0,0.14833918301286125
gene_350,species_3,t1,0.4560181348358191
gene_350,species_3,t2,1.0034609183522147
gene_350,species_3,t3,0.0
gene_351,species_1,t0,0.0
gene_351,species_1,t1,1.38954881425391
gene_351,species_1,t2,0.766761838992349
gene_351,species_1,t3,0.0
gene_351,species_2,t0,0.28295877517555734
gene_351,species_2,t1,0.0
gene_351,species_2,t2,1.4075473512135932
gene_351,species_2,t3,0.0
gene_351,species_3,t0,0.0
gene_351,species_3,t1,0.25062078501561613
gene_351,species_3,t2,0.0
gene_351,species_3,t3,0.0
gene_352,species_1,t0,3.632951038117675
gene_352,species_1,t1,6.9830714176182695
gene_352,species_1,t2,4.836395830535185
gene_352,species_1,t3,1.0693330899653453
gene_352,species_2,t0,0.8798741395281177
gene_352,species_2,t1,0.0
gene_352,species_2,t2,0.0
gene_352,species_2,t3,1.1847213595344561
gene_352,species_3,t0,2.4505194321594934
gene_352,species_3,t1,0.0
gene_352,species_3,t2,0.0
gene_352,species_3,t3,0.0
gene_353,species_1,t0,0.0
gene_353,species_1,t1,5.8000952987939245
gene_353,species_1,t2,5.455594614944937
gene_353,species_1,t3,0.0
gene_353,species_2,t0,0.35894131137747
gene_353,species_2,t1,0.2686339789609402
gene_353,species_2,t2,0.0
gene_353,species_2,t3,0.0
gene_353,species_3,t0,2.5533968993383644
gene_353,species_3,t1,0.0
gene_353,species_3,t2,0.0
gene_353,species_3,t3,0.8281195435493742
gene_354,species_1,t0,0.4753962178343947
gene_354,species_1,t1,0.0
gene_354,species_1,t2,0.0
gene_354,species_1,t3,0.0861646194467849
gene_354,species_2,t0,0.6541810261602206
gene_354,species_2,t1,0.18369400000459207
gene_354,species_2,t2,0.2042431656309152
gene_354,species_2,t3,0.0
gene_354,species_3,t0,0.4142573636033285
gene_354,species_3,t1,0.514925602749982
gene_354,species_3,t2,2.8513859450032726
gene_354,species_3,t3,1.113434359090571
gene_355,species_1,t0,0.9592317759902738
gene_355,species_1,t1,1.0908507551621018
gene_355,species_1,t2,1.3281319117595756
gene_355,species_1,t3,0.2542448391989186
gene_355,species_2,t0,0.0
gene_355,species_2,t1,0.28721771680554886
gene_355,species_2,t2,0.1793553606927359
gene_355,species_2,t3,0.13658370501957837
gene_355,species_3,t0,0.5282796524781225
gene_355,species_3,t1,1.2388508805989933
gene_355,species_3,t2,0.0
gene_355,species_3,t3,0.0
gene_356,species_1,t0,0.6108036564673816
gene_356,species_1,t1,0.0
gene_356,species_1,t2,1.626990324031803
gene_356,species_1,t3,0.4320408846546294
gene_356,species_2,t0,0.3750319949532559
gene_356,species_2,t1,0.7349087622226732
gene_356,species_2,t2,0.6813091156930648
gene_356,species_2,t3,0.0
gene_356,species_3,t0,0.4182439003363186
gene_356,species_3,t1,2.002214597264405
gene_356,species_3,t2,0.839933053047593
gene_356,species_3,t3,0.0
gene_357,species_1,t0,1.5241687320478305
gene_357,species_1,t1,2.149210301078861
gene_357,species_1,t2,0.0
gene_357,species_1,t3,0.827847664861307
gene_357,species_2,t0,0.0
gene_357,species_2,t1,0.0
gene_357,species_2,t2,1.1773751371207493
gene_357,species_2,t3,0.4928881475549041
gene_357,species_3,t0,0.0
gene_357,species_3,t1,0.0
gene_357,species_3,t2,0.12415923186817097
gene_357,species_3,t3,0.23577251598595894
gene_358,species_1,t0,1.0081738419210258
gene_358,species_1,t1,2.291281845861248
gene_358,species_1,t2,0.0
gene_358,species_1,t3,0.8266061714571763
gene_358,species_2,t0,0.0
gene_358,species_2,t1,1.1129826445260877
gene_358,species_2,t2,0.0
gene_358,species_2,t3,0.0
gene_358,species_3,t0,1.5558135332010563
gene_358,species_3,t1,0.0
gene_358,species_3,t2,0.0
gene_358,species_3,t3,0.16639006071875756
gene_359,species_1,t0,0.2350388956848786
gene_359,species_1,t1,0.0
gene_359,species_1,t2,0.0
gene_359,species_1,t3,0.6378733269085595
gene_359,species_2,t0,0.9019870561187303
gene_359,species_2,t1,0.3943723273298045
gene_359,species_2,t2,0.0
gene_359,species_2,t3,1.5667700141658578
gene_359,species_3,t0,0.1893014641678331
gene_359,species_3,t1,0.9880394013744846
gene_359,species_3,t2,0.0
gene_359,species_3,t3,1.3405918113637443
gene_360,species_1,t0,2.239910048740602
gene_360,species_1,t1,4.828234811981677
gene_360,species_1,t2,0.0
gene_360,species_1,t3,0.9151546888137115
gene_360,species_2,t0,0.0
gene_360,species_2,t1,0.5813562077725942
gene_360,species_2,t2,1.9737432630689105
gene_360,species_2,t3,0.0
gene_360,species_3,t0,2.008015993256013
gene_360,species_3,t1,1.8584261316319766
gene_360,species_3,t2,4.724590482980149
gene_360,species_3,t3,0.0
gene_361,species_1,t0,0.0
gene_361,species_1,t1,1.0812616013139773
gene_361,species_1,t2,0.0
gene_361,species_1,t3,0.16861315325042817
gene_361,species_2,t0,0.11971689556481374
gene_361,species_2,t1,0.38369405725814476
gene_361,species_2,t2,0.1238323681407455
gene_361,species_2,t3,0.19837520536765846
gene_361,species_3,t0,0.5019107100007351
gene_361,species_3,t1,0.9502924848364062
gene_361,species_3,t2,0.48842670759607726
gene_361,species_3,t3,0.0
gene_362,species_1,t0,0.6441644147247674
gene_362,species_1,t1,0.83847748662
gene_362,species_1,t2,0.3010882276243556
gene_362,species_1,t3,0.0
gene_362,species_2,t0,0.0
gene_362,species_2,t1,0.0
gene_362,species_2,t2,2.08378892041918
gene_362,species_2,t3,1.8206855346830024
gene_362,species_3,t0,0.1842255215961057
gene_362,species_3,t1,0.43206127216761286
gene_362,species_3,t2,0.0
gene_362,species_3,t3,1.1650457231298028
gene_363,species_1,t0,1.717138084194753
gene_363,species_1,t1,2.8417681363013685
gene_363,species_1,t2,3.088568972390651
gene_363,species_1,t3,0.7403130051600652
gene_363,species_2,t0,0.18314119109566768
gene_363,species_2,t1,0.9027890184787536
gene_363,species_2,t2,0.6737299777677151
gene_363,species_2,t3,0.29066754452027643
gene_363,species_3,t0,1.0037060842724217
gene_363,species_3,t1,2.993024361512648
gene_363,species_3,t2,1.3624019478034726
gene_363,species_3,t3,0.45021257373261525
gene_364,species_1,t0,3.5703851087675673
gene_364,species_1,t1,6.8352201395466015
gene_364,species_1,t2,6.540460548577834
gene_364,species_1,t3,1.7941688432995673
gene_364,species_2,t0,0.0
gene_364,species_2,t1,0.0
gene_364,species_2,t2,1.4180388654876623
gene_364,species_2,t3,0.7584525030541386
gene_364,species_3,t0,2.8308762038460973
gene_364,species_3,t1,5.004391105840414
gene_364,species_3,t2,4.441262180185061
gene_364,species_3,t3,0.918532262691383
gene_365,species_1,t0,0.0
gene_365,species_1,t1,0.8903594521889434
gene_365,species_1,t2,0.0
gene_365,species_1,t3,0.0
gene_365,species_2,t0,0.34900721188585904
gene_365,species_2,t1,0.0
gene_365,species_2,t2,1.7294402597865028
gene_365,species_2,t3,1.4361637835302723
gene_365,species_3,t0,0.0
gene_365,species_3,t1,1.247069600158452
gene_365,species_3,t2,0.5430845495039875
gene_365,species_3,t3,0.6959260421481307
gene_366,species_1,t0,1.8495941154105533
gene_366,species_1,t1,4.547519726762435
gene_366,species_1,t2,0.0
gene_366,species_1,t3,0.0
gene_366,species_2,t0,0.5169357481386706
gene_366,species_2,t1,1.2307983502975575
gene_366,species_2,t2,2.9133095820246835
gene_366,species_2,t3,0.0
gene_366,species_3,t0,0.0
gene_366,species_3,t1,0.0
gene_366,species_3,t2,5.145904758357122
gene_366,species_3,t3,0.9906095789903459
gene_367,species_1,t0,0.0
gene_367,species_1,t1,2.3112719279891807
gene_367,species_1,t2,1.2494596729726986
gene_367,species_1,t3,0.0
gene_367,species_2,t0,0.0
gene_367,species_2,t1,0.36727715939311595
gene_367,species_2,t2,0.7139858862762406
gene_367,species_2,t3,0.0
gene_367,species_3,t0,0.9085444852993775
gene_367,species_3,t1,0.6371441408138596
gene_367,species_3,t2,0.0
gene_367,species_3,t3,0.6808618828853831
gene_368,species_1,t0,0.6216624277189808
gene_368,species_1,t1,0.28236344806605806
gene_368,species_1,t2,2.1180891610582826
gene_368,species_1,t3,0.638691092177545
gene_368,species_2,t0,0.44081774862153644
gene_368,species_2,t1,1.0370557498047634
gene_368,species_2,t2,0.9293985410347513
gene_368,species_2,t3,0.3314696021336574
gene_368,species_3,t0,0.12488286069741619
gene_368,species_3,t1,2.753058380096155
gene_368,species_3,t2,2.2453915831521627
gene_368,species_3,t3,0.8232245333768391
gene_369,species_1,t0,0.8033123341799766
gene_369,species_1,t1,1.3052572892440635
gene_369,species_1,t2,1.3567376293077416
gene_369,species_1,t3,0.0
gene_369,species_2,t0,0.0
gene_369,species_2,t1,0.0712322907160563
gene_369,species_2,t2,0.0
gene_369,species_2,t3,0.09349437603849815
gene_369,species_3,t0,0.46051315966342155
gene_369,species_3,t1,1.3929707347612366
gene_369,species_3,t2,0.4370065118349518
gene_369,species_3,t3,0.0
gene_370,species_1,t0,0.0
gene_370,species_1,t1,0.0
gene_370,species_1,t2,0.7541939831669474
gene_370,species_1,t3,0.3760072793677035
gene_370,species_2,t0,0.18524757234504519
gene_370,species_2,t1,0.8580875538419324
gene_370,species_2,t2,1.9579777584276268
gene_370,species_2,t3,1.261201369652848
gene_370,species_3,t0,0.5489738445326373
gene_370,species_3,t1,0.15503233148565881
gene_370,species_3,t2,0.6542669316585316
gene_370,species_3,t3,0.32300486235792225
gene_371,species_1,t0,0.729968847595265
gene_371,species_1,t1,1.014051349725614
gene_371,species_1,t2,0.0
gene_371,species_1,t3,0.1773563393049561
gene_371,species_2,t0,0.0
gene_371,species_2,t1,0.4531700129983863
gene_371,species_2,t2,0.8954968118720706
gene_371,species_2,t3,0.6401258960657676
gene_371,species_3,t0,0.0
gene_371,species_3,t1,1.6594397634372444
gene_371,species_3,t2,0.08542173843232088
gene_371,species_3,t3,0.16458394274845145
gene_372,species_1,t0,0.18951157708351474
gene_372,species_1,t1,1.060972730471777
gene_372,species_1,t2,0.0
gene_372,species_1,t3,0.42927998491931235
gene_372,species_2,t0,0.0
gene_372,species_2,t1,0.0
gene_372,species_2,t2,0.0
gene_372,species_2,t3,0.3509677324650795
gene_372,species_3,t0,0.3409551785681749
gene_372,species_3,t1,3.1732397276863997
gene_372,species_3,t2,4.2304450739412465
gene_372,species_3,t3,0.0
gene_373,species_1,t0,3.1428167892037973
gene_373,species_1,t1,4.532960744221777
gene_373,species_1,t2,4.813643656851853
gene_373,species_1,t3,0.971208972564569
gene_373,species_2,t0,0.8307335617091536
gene_373,species_2,t1,2.3333913588414505
gene_373,species_2,t2,0.0
gene_373,species_2,t3,2.0021675601908067
gene_373,species_3,t0,0.0
gene_373,species_3,t1,4.735824997374491
gene_373,species_3,t2,2.8520581648989007
gene_373,species_3,t3,1.5884396130521357
gene_374,species_1,t0,0.6773963571688414
gene_374,species_1,t1,1.2158597894025458
gene_374,species_1,t2,1.9921816403648538
gene_374,species_1,t3,0.8540632169824924
gene_374,species_2,t0,0.3626605019788102
gene_374,species_2,t1,0.008480284378337727
gene_374,species_2,t2,0.0
gene_374,species_2,t3,1.190465434661985
gene_374,species_3,t0,0.7624562993271546
gene_374,species_3,t1,1.8583379985202009
gene_374,species_3,t2,0.27408248676023494
gene_374,species_3,t3,0.35017634139260156
gene_375,species_1,t0,0.0
gene_375,species_1,t1,2.0722861468161384
gene_375,species_1,t2,1.6256894731468245
gene_375,species_1,t3,0.0
gene_375,species_2,t0,0.0
gene_375,species_2,t1,0.002703058172866868
gene_375,species_2,t2,0.0
gene_375,species_2,t3,0.0
gene_375,species_3,t0,0.9130599128010639
gene_375,species_3,t1,1.003612406347921
gene_375,species_3,t2,2.3237169802828617
gene_375,species_3,t3,0.0
gene_376,species_1,t0,0.0
gene_376,species_1,t1,2.3561609180563123
gene_376,species_1,t2,1.5282975865895532
gene_376,species_1,t3,0.34999842713139634
gene_376,species_2,t0,0.23491788808843123
gene_376,species_2,t1,0.2606163588350724
gene_376,species_2,t2,1.085193583272533
gene_376,species_2,t3,0.2246195677441327
gene_376,species_3,t0,0.9696442885022963
gene_376,species_3,t1,0.0
gene_376,species_3,t2,2.8588258558887243
gene_376,species_3,t3,0.8417157550873405
gene_377,species_1,t0,0.0
gene_377,species_1,t1,0.8987182182436787
gene_377,species_1,t2,1.0475011806178731
gene_377,species_1,t3,0.2909273013476532
gene_377,species_2,t0,0.0
gene_377,species_2,t1,0.0
gene_377,species_2,t2,0.0
gene_377,species_2,t3,0.0
gene_377,species_3,t0,0.0
gene_377,species_3,t1,0.0
gene_377,species_3,t2,0.0
gene_377,species_3,t3,0.0
gene_378,species_1,t0,1.9097328354950622
gene_378,species_1,t1,4.536961313786409
gene_378,species_1,t2,3.80979087955433
gene_378,species_1,t3,0.0
gene_378,species_2,t0,0.1599282326309649
gene_378,species_2,t1,0.6273573517037916
gene_378,species_2,t2,0.0
gene_378,species_2,t3,1.3094143907335924
gene_378,species_3,t0,0.0
gene_378,species_3,t1,0.0
gene_378,species_3,t2,0.0
gene_378,species_3,t3,0.4636520974066158
gene_379,species_1,t0,0.05120744682324688
gene_379,species_1,t1,0.0
gene_379,species_1,t2,0.8250514565622246
gene_379,species_1,t3,0.27501284720831204
gene_379,species_2,t0,0.033517673424758074
gene_379,species_2,t1,0.26346227232834046
gene_379,species_2,t2,0.0
gene_379,species_2,t3,0.09467025684639743
gene_379,species_3,t0,0.0
gene_379,species_3,t1,0.8409007321302464
gene_379,species_3,t2,0.431693686594797
gene_379,species_3,t3,0.0
gene_380,species_1,t0,0.0
gene_380,species_1,t1,0.0
gene_380,species_1,t2,0.196311273600393
gene_380,species_1,t3,0.0
gene_380,species_2,t0,0.11814000241663881
gene_380,species_2,t1,0.0
gene_380,species_2,t2,1.1044879665365297
gene_380,species_2,t3,0.0
gene_380,species_3,t0,0.4744154840385505
gene_380,species_3,t1,0.5204599870568484
gene_380,species_3,t2,0.5002835537524539
gene_380,species_3,t3,0.0816716099503877
gene_381,species_1,t0,0.0
gene_381,species_1,t1,8.476544789107312
gene_381,species_1,t2,7.550160905214316
gene_381,species_1,t3,1.6554707174005499
gene_381,species_2,t0,0.6382498947178747
gene_381,species_2,t1,1.0090612951762694
gene_381,species_2,t2,0.5691018004792081
gene_381,species_2,t3,0.3405280776830062
gene_381,species_3,t0,3.1545357953913857
gene_381,species_3,t1,5.789308216350715
gene_381,species_3,t2,6.534469344615841
gene_381,species_3,t3,1.9276221788892816
gene_382,species_1,t0,0.0
gene_382,species_1,t1,2.8615243627766493
gene_382,species_1,t2,2.982447059938573
gene_382,species_1,t3,0.0
gene_382,species_2,t0,0.025045518085837562
gene_382,species_2,t1,0.0
gene_382,species_2,t2,0.0
gene_382,species_2,t3,0.4008565231446428
gene_382,species_3,t0,0.0
gene_382,species_3,t1,2.669585459403867
gene_382,species_3,t2,1.3981647949137186
gene_382,species_3,t3,0.0
gene_383,species_1,t0,0.0
gene_383,species_1,t1,0.0
gene_383,species_1,t2,2.8491666578430483
gene_383,species_1,t3,0.6723307407959775
gene_383,species_2,t0,0.5355506828653662
gene_383,species_2,t1,0.08440544739108174
gene_383,species_2,t2,0.5630760548057295
gene_383,species_2,t3,0.0
gene_383,species_3,t0,1.5339303608381063
gene_383,species_3,t1,2.1018097484566582
gene_383,species_3,t2,3.691200537599704
gene_383,species_3,t3,0.9509351664807869
gene_384,species_1,t0,3.787742552756083
gene_384,species_1,t1,8.168575437932557
gene_384,species_1,t2,0.0
gene_384,species_1,t3,2.1698559042500136
gene_384,species_2,t0,0.0
gene_384,species_2,t1,0.9451759726669258
gene_384,species_2,t2,0.0
gene_384,species_2,t3,1.8396032396254023
gene_384,species_3,t0,3.952649786426728
gene_384,species_3,t1,3.8815152515259674
gene_384,species_3,t2,0.0
gene_384,species_3,t3,1.2423322932494159
gene_385,species_1,t0,2.4706603575509307
gene_385,species_1,t1,0.0
gene_385,species_1,t2,3.685044804238648
gene_385,species_1,t3,0.7038174046523019
gene_385,species_2,t0,0.43705049385059747
gene_385,species_2,t1,0.3107195467639542
gene_385,species_2,t2,0.34899928945570685
gene_385,species_2,t3,0.37052913692471373
gene_385,species_3,t0,1.9461668151425644
gene_385,species_3,t1,2.4329088555568035
gene_385,species_3,t2,0.0
gene_385,species_3,t3,1.2616757379390429
gene_386,species_1,t0,0.34567327910852796
gene_386,species_1,t1,1.329612537516531
gene_386,species_1,t2,0.0
gene_386,species_1,t3,0.4268156613362259
gene_386,species_2,t0,0.025777826211537652
gene_386,species_2,t1,0.6892102667490347
gene_386,species_2,t2,0.0
gene_386,species_2,t3,0.9677859755544568
gene_386,species_3,t0,0.0
gene_386,species_3,t1,0.01993680194337158
gene_386,species_3,t2,1.5288803492199277
gene_386,species_3,t3,0.0
gene_387,species_1,t0,0.8011348986506983
gene_387,species_1,t1,1.595904015220382
gene_387,species_1,t2,1.4252024809010226
gene_387,species_1,t3,0.4638380290620957
gene_387,species_2,t0,0.0
gene_387,species_2,t1,0.07108742175358278
gene_387,species_2,t2,0.0
gene_387,species_2,t3,0.0
gene_387,species_3,t0,0.0
gene_387,species_3,t1,0.8662080737907596
gene_387,species_3,t2,1.3385256821648504
gene_387,species_3,t3,0.2767673221501107
gene_388,species_1,t0,0.18738124841316428
gene_388,species_1,t1,0.01158520338351719
gene_388,species_1,t2,0.23521609764632773
gene_388,species_1,t3,0.0
gene_388,species_2,t0,0.15262773793375434
gene_388,species_2,t1,0.3968773180971009
gene_388,species_2,t2,0.37115950653333735
gene_388,species_2,t3,0.0
gene_388,species_3,t0,0.14214521830068363
gene_388,species_3,t1,0.4538434439514087
gene_388,species_3,t2,0.41487062300954114
gene_388,species_3,t3,0.0
gene_389,species_1,t0,2.7244806877483363
gene_389,species_1,t1,5.896826876202585
gene_389,species_1,t2,4.509892359726471
gene_389,species_1,t3,1.0164552160513742
gene_389,species_2,t0,0.4258021983545759
gene_389,species_2,t1,0.2725126244147859
gene_389,species_2,t2,2.062040044689342
gene_389,species_2,t3,0.0
gene_389,species_3,t0,0.0
gene_389,species_3,t1,2.737278598922908
gene_389,species_3,t2,0.0
gene_389,species_3,t3,0.0
gene_390,species_1,t0,1.143663701658256
gene_390,species_1,t1,0.0
gene_390,species_1,t2,2.3121719400473304
gene_390,species_1,t3,0.2658651233325589
gene_390,species_2,t0,0.21991135672657128
gene_390,species_2,t1,2.178199386184547
gene_390,species_2,t2,2.904043011767718
gene_390,species_2,t3,1.4769383082058891
gene_390,species_3,t0,0.0
gene_390,species_3,t1,3.0438582004701935
gene_390,species_3,t2,0.0
gene_390,species_3,t3,0.24943593511258583
gene_391,species_1,t0,0.0
gene_391,species_1,t1,3.111927171907836
gene_391,species_1,t2,2.3874729107372734
gene_391,species_1,t3,0.0
gene_391,species_2,t0,0.03470736041767994
gene_391,species_2,t1,0.26197492236064557
gene_391,species_2,t2,1.3068008356805578
gene_391,species_2,t3,0.42565584464779976
gene_391,species_3,t0,1.3502562563102651
gene_391,species_3,t1,1.3866347378042356
gene_391,species_3,t2,2.909277870589889
gene_391,species_3,t3,0.0
gene_392,species_1,t0,0.44640083201251485
gene_392,species_1,t1,1.6709316034288153
gene_392,species_1,t2,0.2557738872696255
gene_392,species_1,t3,0.0
gene_392,species_2,t0,0.45691326714167707
gene_392,species_2,t1,0.8285792298921854
gene_392,species_2,t2,1.1483157539754567
gene_392,species_2,t3,0.0
gene_392,species_3,t0,0.4983397616427534
gene_392,species_3,t1,0.9466523107656593
gene_392,species_3,t2,2.9718921357859824
gene_392,species_3,t3,0.9315006045741521
gene_393,species_1,t0,1.9002687809330554
gene_393,species_1,t1,3.5443478710276834
gene_393,species_1,t2,0.0
gene_393,species_1,t3,0.0
gene_393,species_2,t0,0.10157925240293587
gene_393,species_2,t1,0.0
gene_393,species_2,t2,0.0
gene_393,species_2,t3,0.5881135652354718
gene_393,species_3,t0,0.0
gene_393,species_3,t1,3.1490315651369944
gene_393,species_3,t2,2.1030787708968446
gene_393,species_3,t3,0.40045698480690783
gene_394,species_1,t0,1.4838233921927144
gene_394,species_1,t1,0.0
gene_394,species_1,t2,0.0
gene_394,species_1,t3,0.22727219492407374
gene_394,species_2,t0,0.0
gene_394,species_2,t1,0.31789568950264885
gene_394,species_2,t2,0.0
gene_394,species_2,t3,0.0
gene_394,species_3,t0,0.9174598421798825
gene_394,species_3,t1,1.4697167498297847
gene_394,species_3,t2,0.0
gene_394,species_3,t3,0.0
gene_395,species_1,t0,0.0
gene_395,species_1,t1,0.0
gene_395,species_1,t2,0.0
gene_395,species_1,t3,0.0
gene_395,species_2,t0,0.0
gene_395,species_2,t1,0.7157500832895509
gene_395,species_2,t2,2.1890708932771608
gene_395,species_2,t3,1.5286796752500234
gene_395,species_3,t0,1.2537672627689278
gene_395,species_3,t1,1.1492017584658987
gene_395,species_3,t2,1.1291717413497162
gene_395,species_3,t3,0.5256560862324862
gene_396,species_1,t0,0.8713562826231497
gene_396,species_1,t1,1.916496935609138
gene_396,species_1,t2,0.0
gene_396,species_1,t3,0.0
gene_396,species_2,t0,0.008428048122597252
gene_396,species_2,t1,0.673914728554523
gene_396,species_2,t2,0.0
gene_396,species_2,t3,0.8182297041850662
gene_396,species_3,t0,1.2013870571725493
gene_396,species_3,t1,0.6026750844532455
gene_396,species_3,t2,0.0
gene_396,species_3,t3,0.0
gene_397,species_1,t0,1.2377916800790338
gene_397,species_1,t1,3.2073917114006854
gene_397,species_1,t2,1.831119846167673
gene_397,species_1,t3,0.6540002619381959
gene_397,species_2,t0,0.1267980090163972
gene_397,species_2,t1,0.0
gene_397,species_2,t2,2.4106812824430834
gene_397,species_2,t3,0.9867870972505899
gene_397,species_3,t0,1.3927866262196784
gene_397,species_3,t1,0.08640253106885981
gene_397,species_3,t2,3.6256126968199167
gene_397,species_3,t3,0.6893482542847602
gene_398,species_1,t0,0.0
gene_398,species_1,t1,1.1089610419262648
gene_398,species_1,t2,0.2061108417271841
gene_398,species_1,t3,0.362281425701625
gene_398,species_2,t0,0.7165617264585502
gene_398,species_2,t1,0.26403428625589875
gene_398,species_2,t2,0.0
gene_398,species_2,t3,0.0
gene_398,species_3,t0,0.0
gene_398,species_3,t1,0.39724808106634046
gene_398,species_3,t2,2.503101429668059
gene_398,species_3,t3,1.0566662314156958
gene_399,species_1,t0,0.5504452168633638
gene_399,species_1,t1,0.44755200003506496
gene_399,species_1,t2,1.76520830651573
gene_399,species_1,t3,0.7055315685334929
gene_399,species_2,t0,0.44115049917967847
gene_399,species_2,t1,0.36721562064801944
gene_399,species_2,t2,0.42349373823709546
gene_399,species_2,t3,0.9505237207025207
gene_399,species_3,t0,0.2750275762992834
gene_399,species_3,t1,1.9574903347220323
gene_399,species_3,t2,1.1914691272152171
gene_399,species_3,t3,0.6452280451432545
gene_400,species_1,t0,2.2038138500403934
gene_400,species_1,t1,4.189259599312095
gene_400,species_1,t2,0.0
gene_400,species_1,t3,0.0
gene_400,species_2,t0,0.0
gene_400,species_2,t1,0.5179579243526109
gene_400,species_2,t2,0.8014356888134463
gene_400,species_2,t3,0.6787136015670121
gene_400,species_3,t0,1.882379516303145
gene_400,species_3,t1,0.0
gene_400,species_3,t2,2.104170328467561
gene_400,species_3,t3,0.0
gene_401,species_1,t0,2.3100872167172506
gene_401,species_1,t1,3.479027655543693
gene_401,species_1,t2,4.390769649749779
gene_401,species_1,t3,1.0171438639825292
gene_401,species_2,t0,0.026315291201946363
gene_401,species_2,t1,1.2224321439308574
gene_401,species_2,t2,0.0
gene_401,species_2,t3,0.0
gene_401,species_3,t0,0.0
gene_401,species_3,t1,4.316089335190306
gene_401,species_3,t2,0.8506123574137987
gene_401,species_3,t3,0.45331462805111394
gene_402,species_1,t0,1.7443675175209343
gene_402,species_1,t1,4.0564017987778325
gene_402,species_1,t2,0.0
gene_402,species_1,t3,0.0
gene_402,species_2,t0,0.34719598755904324
gene_402,species_2,t1,0.5732966712865222
gene_402,species_2,t2,2.0509047779651532
gene_402,species_2,t3,0.6266998473119949
gene_402,species_3,t0,1.7884291028635173
gene_402,species_3,t1,1.4766532167052497
gene_402,species_3,t2,3.8315000496188
gene_402,species_3,t3,0.6184972594123497
gene_403,species_1,t0,0.6107611394356909
gene_403,species_1,t1,1.0632599626021535
gene_403,species_1,t2,0.0
gene_403,species_1,t3,0.2889536303049006
gene_403,species_2,t0,0.0
gene_403,species_2,t1,0.7284074975861453
gene_403,species_2,t2,0.8353271734725951
gene_403,species_2,t3,0.37719930978094685
gene_403,species_3,t0,0.23477926647119338
gene_403,species_3,t1,1.1385863110551173
gene_403,species_3,t2,0.4184286991577863
gene_403,species_3,t3,0.15598206583660765
gene_404,species_1,t0,0.08452439183198521
gene_404,species_1,t1,0.11176609169439225
gene_404,species_1,t2,1.1065127603352098
gene_404,species_1,t3,0.3203089867577693
gene_404,species_2,t0,0.39165634354876716
gene_404,species_2,t1,0.2695693405863065
gene_404,species_2,t2,0.0
gene_404,species_2,t3,0.4248243182788432
gene_404,species_3,t0,0.08763655949448255
gene_404,species_3,t1,0.0
gene_404,species_3,t2,1.2886211351218801
gene_404,species_3,t3,0.6544960383024852
gene_405,species_1,t0,2.072237219784932
gene_405,species_1,t1,3.0013557574143044
gene_405,species_1,t2,3.917102464321916
gene_405,species_1,t3,0.0
gene_405,species_2,t0,0.01643246715110706
gene_405,species_2,t1,0.8765274118786097
gene_405,species_2,t2,0.43177298021313437
gene_405,species_2,t3,0.0
gene_405,species_3,t0,1.221519475986445
gene_405,species_3,t1,3.891057473099268
gene_405,species_3,t2,0.6891953624986664
gene_405,species_3,t3,0.0
gene_406,species_1,t0,0.21251355828737406
gene_406,species_1,t1,0.33436638558409804
gene_406,species_1,t2,1.3486356982167556
gene_406,species_1,t3,0.0
gene_406,species_2,t0,0.0
gene_406,species_2,t1,0.0
gene_406,species_2,t2,0.0
gene_406,species_2,t3,0.5693443049779814
gene_406,species_3,t0,0.0
gene_406,species_3,t1,0.0
gene_406,species_3,t2,2.342544436823635
gene_406,species_3,t3,0.8625775378586433
gene_407,species_1,t0,1.4770015206960396
gene_407,species_1,t1,0.0
gene_407,species_1,t2,1.4354880251399234
gene_407,species_1,t3,0.43881952270127045
gene_407,species_2,t0,0.854080403803966
gene_407,species_2,t1,0.0
gene_407,species_2,t2,2.1386184743046037
gene_407,species_2,t3,0.05212367077425221
gene_407,species_3,t0,0.0
gene_407,species_3,t1,0.5182204009001826
gene_407,species_3,t2,6.1422146834053954
gene_407,species_3,t3,1.6578047095352255
gene_408,species_1,t0,0.0
gene_408,species_1,t1,1.865326242350123
gene_408,species_1,t2,1.638690586926805
gene_408,species_1,t3,0.340735050386901
gene_408,species_2,t0,0.3025252055593309
gene_408,species_2,t1,0.22957372916936672
gene_408,species_2,t2,0.0
gene_408,species_2,t3,0.2961765697784132
gene_408,species_3,t0,0.0
gene_408,species_3,t1,0.0
gene_408,species_3,t2,1.2276436518637568
gene_408,species_3,t3,0.0
gene_409,species_1,t0,0.36300507054872333
gene_409,species_1,t1,0.0
gene_409,species_1,t2,0.671078670948531
gene_409,species_1,t3,0.20606727417675547
gene_409,species_2,t0,0.20693624920038983
gene_409,species_2,t1,0.0
gene_409,species_2,t2,0.0
gene_409,species_2,t3,0.09631771776275388
gene_409,species_3,t0,0.47053380149910945
gene_409,species_3,t1,0.04922800196433336
gene_409,species_3,t2,1.5312755030488978
gene_409,species_3,t3,0.4416752002109561
gene_410,species_1,t0,1.1424631297583154
gene_410,species_1,t1,0.0
gene_410,species_1,t2,0.0
gene_410,species_1,t3,1.0593429946235993
gene_410,species_2,t0,0.0
gene_410,species_2,t1,0.0
gene_410,species_2,t2,3.183761319726351
gene_410,species_2,t3,1.4362404071647985
gene_410,species_3,t0,0.0
gene_410,species_3,t1,1.071417199020825
gene_410,species_3,t2,0.0
gene_410,species_3,t3,0.36833884513880816
gene_411,species_1,t0,1.201752070920085
gene_411,species_1,t1,0.0
gene_411,species_1,t2,2.733597501263436
gene_411,species_1,t3,0.0
gene_411,species_2,t0,0.0
gene_411,species_2,t1,0.7843067421916263
gene_411,species_2,t2,0.040399449938993685
gene_411,species_2,t3,0.31707735829852696
gene_411,species_3,t0,0.9242829435220757
gene_411,species_3,t1,2.7658866641619055
gene_411,species_3,t2,0.43348479027964704
gene_411,species_3,t3,0.0
gene_412,species_1,t0,1.4931034561424097
gene_412,species_1,t1,2.303542464885279
gene_412,species_1,t2,0.0
gene_412,species_1,t3,0.0
gene_412,species_2,t0,0.0
gene_412,species_2,t1,0.35434567065571787
gene_412,species_2,t2,0.6869937706390384
gene_412,species_2,t3,0.8263467312376273
gene_412,species_3,t0,1.1623705562877695
gene_412,species_3,t1,2.9960536605203845
gene_412,species_3,t2,0.0
gene_412,species_3,t3,0.2994961309313311
gene_413,species_1,t0,0.0
gene_413,species_1,t1,0.0
gene_413,species_1,t2,0.7040147829556992
gene_413,species_1,t3,0.32047045715577505
gene_413,species_2,t0,0.2991964945070864
gene_413,species_2,t1,0.6356129608627253
gene_413,species_2,t2,1.0701508462937928
gene_413,species_2,t3,0.11362022122366786
gene_413,species_3,t0,0.0
gene_413,species_3,t1,0.4800743413775706
gene_413,species_3,t2,2.712514034417134
gene_413,species_3,t3,0.8349608840102898
gene_414,species_1,t0,0.0
gene_414,species_1,t1,2.133393718595459
gene_414,species_1,t2,1.4412340146167644
gene_414,species_1,t3,0.12422573713592922
gene_414,species_2,t0,0.6455121327932614
gene_414,species_2,t1,0.4239966744180891
gene_414,species_2,t2,0.5849798531904936
gene_414,species_2,t3,1.0905135357469808
gene_414,species_3,t0,0.0
gene_414,species_3,t1,0.9193018495000589
gene_414,species_3,t2,0.0
gene_414,species_3,t3,0.9937693308199247
gene_415,species_1,t0,0.0
gene_415,species_1,t1,0.8530670992990061
gene_415,species_1,t2,0.9122516389385588
gene_415,species_1,t3,0.0
gene_415,species_2,t0,0.0
gene_415,species_2,t1,0.0
gene_415,species_2,t2,0.4970882592986731
gene_415,species_2,t3,0.3680065108697104
gene_415,species_3,t0,0.03217733160252259
gene_415,species_3,t1,0.0
gene_415,species_3,t2,0.0
gene_415,species_3,t3,0.2272317744311344
gene_416,species_1,t0,1.252090688618606
gene_416,species_1,t1,0.0
gene_416,species_1,t2,2.9781312881862614
gene_416,species_1,t3,0.8667236120065336
gene_416,species_2,t0,0.4204445886044647
gene_416,species_2,t1,1.0363892278714941
gene_416,species_2,t2,0.00983606703098705
gene_416,species_2,t3,0.4637012998274602
gene_416,species_3,t0,0.8197647958019219
gene_416,species_3,t1,0.0
gene_416,species_3,t2,0.6019262800077356
gene_416,species_3,t3,0.4245445781788719
gene_417,species_1,t0,1.478608053978092
gene_417,species_1,t1,0.0
gene_417,species_1,t2,3.6427198344966447
gene_417,species_1,t3,0.0
gene_417,species_2,t0,0.0
gene_417,species_2,t1,0.6615394563976864
gene_417,species_2,t2,2.2917752500135835
gene_417,species_2,t3,1.442383286422362
gene_417,species_3,t0,1.8666555039707209
gene_417,species_3,t1,2.235890956229571
gene_417,species_3,t2,2.5148044412728403
gene_417,species_3,t3,0.0
gene_418,species_1,t0,2.6281141579238327
gene_418,species_1,t1,0.0
gene_418,species_1,t2,4.526556387883873
gene_418,species_1,t3,1.0808891289692135
gene_418,species_2,t0,0.3511002765348259
gene_418,species_2,t1,0.9678861255618578
gene_418,species_2,t2,0.0
gene_418,species_2,t3,0.0
gene_418,species_3,t0,1.8926126137874668
gene_418,species_3,t1,0.0
gene_418,species_3,t2,3.1527022451194195
gene_418,species_3,t3,0.8636187677889946
gene_419,species_1,t0,1.7757660595550708
gene_419,species_1,t1,0.0
gene_419,species_1,t2,3.1066394223921714
gene_419,species_1,t3,0.0
gene_419,species_2,t0,0.3665169557963691
gene_419,species_2,t1,0.18724902382576358
gene_419,species_2,t2,0.0
gene_419,species_2,t3,0.0
gene_419,species_3,t0,0.0
gene_419,species_3,t1,2.249031766885239
gene_419,species_3,t2,2.534723971411381
gene_419,species_3,t3,0.0
gene_420,species_1,t0,0.436628742753455
gene_420,species_1,t1,0.7132165447060619
gene_420,species_1,t2,1.0889860986526378
gene_420,species_1,t3,0.0
gene_420,species_2,t0,0.08411011549049252
gene_420,species_2,t1,0.3556642266775631
gene_420,species_2,t2,0.13417314631500893
gene_420,species_2,t3,0.32019954944596973
gene_420,species_3,t0,0.30141564587397385
gene_420,species_3,t1,1.2250882226112918
gene_420,species_3,t2,0.0
gene_420,species_3,t3,0.0
gene_421,species_1,t0,0.5718547653287933
gene_421,species_1,t1,1.1190242043761292
gene_421,species_1,t2,1.5034505065035773
gene_421,species_1,t3,0.6049869587263529
gene_421,species_2,t0,0.1738191664637479
gene_421,species_2,t1,0.0
gene_421,species_2,t2,1.511104235042583
gene_421,species_2,t3,1.1779101711825264
gene_421,species_3,t0,0.0
gene_421,species_3,t1,0.8903119375567873
gene_421,species_3,t2,0.0
gene_421,species_3,t3,0.21206696428693927
gene_422,species_1,t0,0.0
gene_422,species_1,t1,0.0
gene_422,species_1,t2,0.0
gene_422,species_1,t3,0.7488845258268559
gene_422,species_2,t0,0.3480381226161682
gene_422,species_2,t1,1.0277954274061205
gene_422,species_2,t2,0.0
gene_422,species_2,t3,0.1690136931693558
gene_422,species_3,t0,0.3746276018718424
gene_422,species_3,t1,3.167775681540216
gene_422,species_3,t2,1.9269885457312403
gene_422,species_3,t3,0.5272410775332061
gene_423,species_1,t0,1.4955275095761607
gene_423,species_1,t1,2.7928977222642306
gene_423,species_1,t2,2.63962397631418
gene_423,species_1,t3,0.7098341454806772
gene_423,species_2,t0,0.5373624537837223
gene_423,species_2,t1,0.0
gene_423,species_2,t2,0.3493448125656483
gene_423,species_2,t3,0.37163073145751924
gene_423,species_3,t0,0.8647976706347715
gene_423,species_3,t1,1.7086006949474042
gene_423,species_3,t2,0.0
gene_423,species_3,t3,0.0
gene_424,species_1,t0,0.8421408868923939
gene_424,species_1,t1,2.443058897980545
gene_424,species_1,t2,0.0
gene_424,species_1,t3,0.060655917347997135
gene_424,species_2,t0,0.40363011972853235
gene_424,species_2,t1,0.9505895737273093
gene_424,species_2,t2,0.0
gene_424,species_2,t3,0.07729529898574555
gene_424,species_3,t0,0.9896595132933185
gene_424,species_3,t1,0.9550169281595247
gene_424,species_3,t2,3.860607345383948
gene_424,species_3,t3,0.0
gene_425,species_1,t0,0.4924298541777111
gene_425,species_1,t1,0.0
gene_425,species_1,t2,1.3309044628596587
gene_425,species_1,t3,0.0
gene_425,species_2,t0,0.16846425315880106
gene_425,species_2,t1,0.0
gene_425,species_2,t2,0.830185497044131
gene_425,species_2,t3,0.0
gene_425,species_3,t0,0.5625455080889669
gene_425,species_3,t1,0.9880923008866134
gene_425,species_3,t2,0.10699982252520338
gene_425,species_3,t3,0.0
gene_426,species_1,t0,0.0
gene_426,species_1,t1,0.0
gene_426,species_1,t2,3.4811811043415686
gene_426,species_1,t3,0.0
gene_426,species_2,t0,0.13498418491769162
gene_426,species_2,t1,0.1280673870863968
gene_426,species_2,t2,1.3486413173870397
gene_426,species_2,t3,0.0
gene_426,species_3,t0,1.5163148733273955
gene_426,species_3,t1,0.0
gene_426,species_3,t2,1.7825879628081138
gene_426,species_3,t3,0.0
gene_427,species_1,t0,1.3186319970201945
gene_427,species_1,t1,2.606550468588111
gene_427,species_1,t2,3.1540340539277287
gene_427,species_1,t3,0.0
gene_427,species_2,t0,0.19559341982157583
gene_427,species_2,t1,0.13560686364282803
gene_427,species_2,t2,1.2135880600372326
gene_427,species_2,t3,0.949958981598221
gene_427,species_3,t0,1.289564347729956
gene_427,species_3,t1,2.5003788676721874
gene_427,species_3,t2,0.0
gene_427,species_3,t3,0.0
gene_428,species_1,t0,2.7490781394478594
gene_428,species_1,t1,5.109399418559124
gene_428,species_1,t2,4.48498821469268
gene_428,species_1,t3,0.0
gene_428,species_2,t0,0.5260911578978447
gene_428,species_2,t1,0.0
gene_428,species_2,t2,0.37392463935090275
gene_428,species_2,t3,0.0
gene_428,species_3,t0,1.8830544760074013
gene_428,species_3,t1,3.456622563232289
gene_428,species_3,t2,4.083724918102445
gene_428,species_3,t3,0.0
gene_429,species_1,t0,2.0009129821529457
gene_429,species_1,t1,2.387897068429695
gene_429,species_1,t2,4.056335138229758
gene_429,species_1,t3,1.0036861652329272
gene_429,species_2,t0,0.0
gene_429,species_2,t1,1.876439768757354
gene_429,species_2,t2,0.0
gene_429,species_2,t3,0.3142220586293102
gene_429,species_3,t0,0.8204205119638841
gene_429,species_3,t1,4.442214140812782
gene_429,species_3,t2,0.4671532642679276
gene_429,species_3,t3,0.0
gene_430,species_1,t0,0.0
gene_430,species_1,t1,0.0
gene_430,species_1,t2,0.9177161281866247
gene_430,species_1,t3,0.07503162396810499
gene_430,species_2,t0,0.4750721114286716
gene_430,species_2,t1,0.0
gene_430,species_2,t2,0.08922052093505953
gene_430,species_2,t3,0.0
gene_430,species_3,t0,0.0
gene_430,species_3,t1,0.586167582309773
gene_430,species_3,t2,1.1684022978643729
gene_430,species_3,t3,0.3658924237959477
gene_431,species_1,t0,0.0
gene_431,species_1,t1,0.6794813820054096
gene_431,species_1,t2,0.4209754560065281
gene_431,species_1,t3,0.12560028606028478
gene_431,species_2,t0,0.0
gene_431,species_2,t1,0.48795507054303416
gene_431,species_2,t2,0.0
gene_431,species_2,t3,0.32067633249889027
gene_431,species_3,t0,0.44191070091336604
gene_431,species_3,t1,0.19211355187422177
gene_431,species_3,t2,0.0
gene_431,species_3,t3,0.2941341244872351
gene_432,species_1,t0,0.0
gene_432,species_1,t1,0.663630884627381
gene_432,species_1,t2,0.4626744611102095
gene_432,species_1,t3,0.0
gene_432,species_2,t0,0.0
gene_432,species_2,t1,0.0
gene_432,species_2,t2,1.0788166182397607
gene_432,species_2,t3,0.5850793305773133
gene_432,species_3,t0,0.3056557069653912
gene_432,species_3,t1,0.17045224943016313
gene_432,species_3,t2,0.5874436517178809
gene_432,species_3,t3,0.0
gene_433,species_1,t0,0.9828247127874427
gene_433,species_1,t1,0.7797041847105821
gene_433,species_1,t2,0.0
gene_433,species_1,t3,0.0
gene_433,species_2,t0,0.8215840812339088
gene_433,species_2,t1,1.0601621175507043
gene_433,species_2,t2,0.47651738503259283
gene_433,species_2,t3,0.5730874686909408
gene_433,species_3,t0,0.0
gene_433,species_3,t1,3.2899404907784504
gene_433,species_3,t2,1.9937929036379565
gene_433,species_3,t3,0.9371746686843859
gene_434,species_1,t0,1.394816055858313
gene_434,species_1,t1,0.0
gene_434,species_1,t2,0.0
gene_434,species_1,t3,0.0
gene_434,species_2,t0,1.0886360059428142
gene_434,species_2,t1,0.0
gene_434,species_2,t2,1.4517595133433234
gene_434,species_2,t3,0.5323148041306194
gene_434,species_3,t0,1.5869053211241602
gene_434,species_3,t1,0.6427643339513954
gene_434,species_3,t2,0.0
gene_434,species_3,t3,0.0
gene_435,species_1,t0,1.0882939559384617
gene_435,species_1,t1,1.8454075694680185
gene_435,species_1,t2,0.0
gene_435,species_1,t3,0.3841426460109352
gene_435,species_2,t0,0.25321132363197585
gene_435,species_2,t1,0.5640056802722502
gene_435,species_2,t2,0.4313563842615827
gene_435,species_2,t3,0.0
gene_435,species_3,t0,0.0
gene_435,species_3,t1,2.0165999599157325
gene_435,species_3,t2,0.7493903457770441
gene_435,species_3,t3,0.29305855166961275
gene_436,species_1,t0,2.0625390234957757
gene_436,species_1,t1,0.0
gene_436,species_1,t2,0.0
gene_436,species_1,t3,0.5832640879726625
gene_436,species_2,t0,0.5836459004691871
gene_436,species_2,t1,0.18928361232034466
gene_436,species_2,t2,0.0
gene_436,species_2,t3,0.6029478294705335
gene_436,species_3,t0,1.5219929398065635
gene_436,species_3,t1,1.8684249042689045
gene_436,species_3,t2,3.796637056572289
gene_436,species_3,t3,1.5486223042673721
gene_437,species_1,t0,0.5579016411719466
gene_437,species_1,t1,0.0
gene_437,species_1,t2,0.3051456166880965
gene_437,species_1,t3,0.2985638790469439
gene_437,species_2,t0,0.0
gene_437,species_2,t1,0.1311545140485899
gene_437,species_2,t2,0.3188078092402583
gene_437,species_2,t3,0.9016305040644923
gene_437,species_3,t0,0.08265017560031487
gene_437,species_3,t1,0.0
gene_437,species_3,t2,0.0
gene_437,species_3,t3,0.0
gene_438,species_1,t0,0.6689826814015724
gene_438,species_1,t1,2.199269279867011
gene_438,species_1,t2,0.3975292872105378
gene_438,species_1,t3,0.0
gene_438,species_2,t0,0.4905866384964985
gene_438,species_2,t1,0.0
gene_438,species_2,t2,1.5727364843160778
gene_438,species_2,t3,0.0
gene_438,species_3,t0,0.0
gene_438,species_3,t1,1.0994563934227006
gene_438,species_3,t2,0.0
gene_438,species_3,t3,1.042168391141534
gene_439,species_1,t0,1.9304234054636122
gene_439,species_1,t1,2.878543062733958
gene_439,species_1,t2,4.766272499869643
gene_439,species_1,t3,1.2627527370519012
gene_439,species_2,t0,0.11060985329076986
gene_439,species_2,t1,0.0
gene_439,species_2,t2,1.6281032640855848
gene_439,species_2,t3,0.2706165798341083
gene_439,species_3,t0,0.9081058575563796
gene_439,species_3,t1,5.488915431182485
gene_439,species_3,t2,1.274013194154565
gene_439,species_3,t3,0.0688982028109662
gene_440,species_1,t0,0.0
gene_440,species_1,t1,0.7176157757731291
gene_440,species_1,t2,0.2539837860466273
gene_440,species_1,t3,0.11071423270812086
gene_440,species_2,t0,0.2147178254098746
gene_440,species_2,t1,0.0
gene_440,species_2,t2,0.0609846497194617
gene_440,species_2,t3,0.0
gene_440,species_3,t0,0.031285470136611065
gene_440,species_3,t1,0.1474734800971115
gene_440,species_3,t2,1.1053253215339607
gene_440,species_3,t3,0.28141043014200495
gene_441,species_1,t0,0.3658623448274861
gene_441,species_1,t1,0.0
gene_441,species_1,t2,1.2246409688802034
gene_441,species_1,t3,0.7642581988450046
gene_441,species_2,t0,0.2267935705259605
gene_441,species_2,t1,0.7548093116895541
gene_441,species_2,t2,1.672015853803448
gene_441,species_2,t3,0.8471908699180257
gene_441,species_3,t0,0.5956605614510494
gene_441,species_3,t1,0.6057862816236295
gene_441,species_3,t2,0.84040697212712
gene_441,species_3,t3,0.05914557197754622
gene_442,species_1,t0,0.4009289098920937
gene_442,species_1,t1,1.0758658113692328
gene_442,species_1,t2,0.0
gene_442,species_1,t3,0.0
gene_442,species_2,t0,0.071831092136332
gene_442,species_2,t1,0.0
gene_442,species_2,t2,0.9586918532565792
gene_442,species_2,t3,0.4738215048390957
gene_442,species_3,t0,0.6379127525216148
gene_442,species_3,t1,0.6607241472007449
gene_442,species_3,t2,1.1109072502052448
gene_442,species_3,t3,0.0
gene_443,species_1,t0,2.1779704385965437
gene_443,species_1,t1,2.9999917213719343
gene_443,species_1,t2,0.0
gene_443,species_1,t3,0.0
gene_443,species_2,t0,0.3939498327962039
gene_443,species_2,t1,0.0
gene_443,species_2,t2,0.0
gene_443,species_2,t3,0.5121456707087054
gene_443,species_3,t0,1.0897398483986813
gene_443,species_3,t1,0.0
gene_443,species_3,t2,0.5514585599870282
gene_443,species_3,t3,0.0
gene_444,species_1,t0,0.0
gene_444,species_1,t1,0.0
gene_444,species_1,t2,0.0
gene_444,species_1,t3,0.5110097507624832
gene_444,species_2,t0,0.11819894285867955
gene_444,species_2,t1,0.554382364093162
gene_444,species_2,t2,1.1775221499515518
gene_444,species_2,t3,0.0
gene_444,species_3,t0,0.5465731689600983
gene_444,species_3,t1,0.0
gene_444,species_3,t2,0.0
gene_444,species_3,t3,0.0
gene_445,species_1,t0,2.5903262184493783
gene_445,species_1,t1,4.419325980807737
gene_445,species_1,t2,0.0
gene_445,species_1,t3,1.0571541344316568
gene_445,species_2,t0,0.0
gene_445,species_2,t1,0.0
gene_445,species_2,t2,0.522984826721678
gene_445,species_2,t3,0.4947695149198923
gene_445,species_3,t0,1.5624703216033646
gene_445,species_3,t1,3.7969712777943756
gene_445,species_3,t2,0.0
gene_445,species_3,t3,0.0
gene_446,species_1,t0,0.0
gene_446,species_1,t1,0.46427830679507875
gene_446,species_1,t2,1.2545586846569623
gene_446,species_1,t3,0.3897317757189246
gene_446,species_2,t0,0.19388439040024558
gene_446,species_2,t1,0.0
gene_446,species_2,t2,0.34323506100889717
gene_446,species_2,t3,0.0
gene_446,species_3,t0,0.43768572901531116
gene_446,species_3,t1,0.0
gene_446,species_3,t2,0.4899021066588883
gene_446,species_3,t3,0.45223451655272934
gene_447,species_1,t0,0.31728709550014733
gene_447,species_1,t1,1.0110476928877057
gene_447,species_1,t2,0.25043052007854094
gene_447,species_1,t3,0.0
gene_447,species_2,t0,0.22335409488851646
gene_447,species_2,t1,1.2198465157618998
gene_447,species_2,t2,1.4929507663051036
gene_447,species_2,t3,0.0
gene_447,species_3,t0,0.5935274192571244
gene_447,species_3,t1,1.4415363499584355
gene_447,species_3,t2,2.270281166646573
gene_447,species_3,t3,0.0
gene_448,species_1,t0,0.0
gene_448,species_1,t1,0.0
gene_448,species_1,t2,2.083084997195008
gene_448,species_1,t3,0.7580304626093866
gene_448,species_2,t0,0.24038771921408297
gene_448,species_2,t1,0.0
gene_448,species_2,t2,0.0
gene_448,species_2,t3,0.3172047464662818
gene_448,species_3,t0,0.7552278524535755
gene_448,species_3,t1,0.0
gene_448,species_3,t2,0.24558520171077458
gene_448,species_3,t3,0.03493226360660831
gene_449,species_1,t0,1.071666106154716
gene_449,species_1,t1,2.167594363107584
gene_449,species_1,t2,1.6032032260683702
gene_449,species_1,t3,0.3175492469998279
gene_449,species_2,t0,0.0
gene_449,species_2,t1,0.256791316242693
gene_449,species_2,t2,0.0
gene_449,species_2,t3,0.658573812031297
gene_449,species_3,t0,0.7159563392084941
gene_449,species_3,t1,1.1468316704139574
gene_449,species_3,t2,2.32182641421522
gene_449,species_3,t3,0.0
gene_450,species_1,t0,0.0
gene_450,species_1,t1,0.0
gene_450,species_1,t2,2.3912649905810945
gene_450,species_1,t3,0.9740474725305063
gene_450,species_2,t0,0.2745544818515412
gene_450,species_2,t1,0.0
gene_450,species_2,t2,0.0
gene_450,species_2,t3,0.5492752109043078
gene_450,species_3,t0,0.5520347017536719
gene_450,species_3,t1,2.3949625929730907
gene_450,species_3,t2,0.210304919593714
gene_450,species_3,t3,0.0
gene_451,species_1,t0,1.8543335518405506
gene_451,species_1,t1,3.453548756261642
gene_451,species_1,t2,0.0
gene_451,species_1,t3,1.0619490403162488
gene_451,species_2,t0,0.03326487407516966
gene_451,species_2,t1,0.06747935606663755
gene_451,species_2,t2,0.0
gene_451,species_2,t3,0.6836375779516504
gene_451,species_3,t0,1.470143344726023
gene_451,species_3,t1,2.6082312092903783
gene_451,species_3,t2,2.0245874410725344
gene_451,species_3,t3,0.2543546452937489
gene_452,species_1,t0,0.6384606924281045
gene_452,species_1,t1,1.6307413693000052
gene_452,species_1,t2,0.0
gene_452,species_1,t3,0.3064409108187589
gene_452,species_2,t0,0.2293704552754649
gene_452,species_2,t1,0.3880043714818937
gene_452,species_2,t2,0.7421442622447638
gene_452,species_2,t3,0.10813416032628474
gene_452,species_3,t0,0.6937419793945448
gene_452,species_3,t1,0.13126088648897807
gene_452,species_3,t2,2.0778116770743287
gene_452,species_3,t3,0.5542007984987988
gene_453,species_1,t0,0.47333673946895355
gene_453,species_1,t1,0.6405885827953652
gene_453,species_1,t2,0.3237223350663899
gene_453,species_1,t3,0.0
gene_453,species_2,t0,0.0
gene_453,species_2,t1,0.49141568184724854
gene_453,species_2,t2,0.9537840790651081
gene_453,species_2,t3,0.6185862164466105
gene_453,species_3,t0,0.154048450136612
gene_453,species_3,t1,0.0
gene_453,species_3,t2,1.1863551393354277
gene_453,species_3,t3,0.0
gene_454,species_1,t0,1.067799608894749
gene_454,species_1,t1,0.0
gene_454,species_1,t2,2.4488428025302302
gene_454,species_1,t3,0.4178414086727983
gene_454,species_2,t0,0.13503087188463297
gene_454,species_2,t1,0.0
gene_454,species_2,t2,0.0
gene_454,species_2,t3,0.4629199558989136
gene_454,species_3,t0,1.2045864662703516
gene_454,species_3,t1,1.50933595647371
gene_454,species_3,t2,1.9421479615834372
gene_454,species_3,t3,0.40402623261939863
gene_455,species_1,t0,3.5353052177712616
gene_455,species_1,t1,7.156755270161574
gene_455,species_1,t2,5.752073690824021
gene_455,species_1,t3,1.3492887748975215
gene_455,species_2,t0,0.0
gene_455,species_2,t1,0.0
gene_455,species_2,t2,1.1054674892949068
gene_455,species_2,t3,0.25180455561009407
gene_455,species_3,t0,0.0
gene_455,species_3,t1,3.8798904388128905
gene_455,species_3,t2,6.258943409298802
gene_455,species_3,t3,1.70160866571693
gene_456,species_1,t0,0.0
gene_456,species_1,t1,1.710682705033602
gene_456,species_1,t2,2.539186946264856
gene_456,species_1,t3,0.0
gene_456,species_2,t0,0.11263202874304963
gene_456,species_2,t1,1.2292947307600044
gene_456,species_2,t2,0.9804517416383965
gene_456,species_2,t3,0.34227544421867523
gene_456,species_3,t0,0.0
gene_456,species_3,t1,0.0
gene_456,species_3,t2,0.16549395426383234
gene_456,species_3,t3,0.256175615206242
gene_457,species_1,t0,1.213123689754167
gene_457,species_1,t1,0.0
gene_457,species_1,t2,0.0
gene_457,species_1,t3,0.36477189805929355
gene_457,species_2,t0,0.0
gene_457,species_2,t1,0.15306776921265008
gene_457,species_2,t2,0.39772214731605215
gene_457,species_2,t3,0.2789459699109563
gene_457,species_3,t0,0.94913265761923
gene_457,species_3,t1,1.059353537959444
gene_457,species_3,t2,3.030113958900389
gene_457,species_3,t3,1.0159149195287223
gene_458,species_1,t0,0.7212871881407303
gene_458,species_1,t1,0.0
gene_458,species_1,t2,1.7402146436038441
gene_458,species_1,t3,0.5479174908603867
gene_458,species_2,t0,0.0
gene_458,species_2,t1,0.5204024878782836
gene_458,species_2,t2,0.3692560488498493
gene_458,species_2,t3,0.16942131483955375
gene_458,species_3,t0,0.0
gene_458,species_3,t1,1.4991734794371208
gene_458,species_3,t2,0.45190545827970785
gene_458,species_3,t3,0.3527309445744793
gene_459,species_1,t0,0.0
gene_459,species_1,t1,1.332065642067921
gene_459,species_1,t2,1.8652713347170704
gene_459,species_1,t3,0.0
gene_459,species_2,t0,0.14799831058550272
gene_459,species_2,t1,1.0885354837591164
gene_459,species_2,t2,0.0
gene_459,species_2,t3,1.1238518571838312
gene_459,species_3,t0,0.0
gene_459,species_3,t1,2.0788114769364574
gene_459,species_3,t2,0.0
gene_459,species_3,t3,0.3596118043134976
gene_460,species_1,t0,1.030770084417343
gene_460,species_1,t1,2.3635523575864585
gene_460,species_1,t2,0.0
gene_460,species_1,t3,0.7405524146912774
gene_460,species_2,t0,0.0
gene_460,species_2,t1,0.44705665348428136
gene_460,species_2,t2,1.7467166843566562
gene_460,species_2,t3,0.8783506009580078
gene_460,species_3,t0,0.0
gene_460,species_3,t1,0.7253428158102976
gene_460,species_3,t2,0.0
gene_460,species_3,t3,0.36640009888047037
gene_461,species_1,t0,0.69919932043088
gene_461,species_1,t1,1.616722538730126
gene_461,species_1,t2,0.0
gene_461,species_1,t3,0.5156048366836621
gene_461,species_2,t0,0.1935655947751861
gene_461,species_2,t1,0.0
gene_461,species_2,t2,0.8107929052191883
gene_461,species_2,t3,0.4508287551565434
gene_461,species_3,t0,0.0
gene_461,species_3,t1,0.5547607712473421
gene_461,species_3,t2,1.5902020133965233
gene_461,species_3,t3,0.0
gene_462,species_1,t0,1.1243908158982392
gene_462,species_1,t1,2.03578103965165
gene_462,species_1,t2,1.9900015606947288
gene_462,species_1,t3,0.2945064050704373
gene_462,species_2,t0,0.0
gene_462,species_2,t1,0.8013973974755844
gene_462,species_2,t2,0.0
gene_462,species_2,t3,0.4031256225064005
gene_462,species_3,t0,0.0
gene_462,species_3,t1,0.0
gene_462,species_3,t2,0.0
gene_462,species_3,t3,0.47255029286998707
gene_463,species_1,t0,0.0
gene_463,species_1,t1,1.1454667838085355
gene_463,species_1,t2,0.1338293018186255
gene_463,species_1,t3,0.2727421872221458
gene_463,species_2,t0,0.0
gene_463,species_2,t1,0.0
gene_463,species_2,t2,1.5063035702437872
gene_463,species_2,t3,0.0
gene_463,species_3,t0,0.0
gene_463,species_3,t1,0.40130664422343143
gene_463,species_3,t2,0.0
gene_463,species_3,t3,0.0
gene_464,species_1,t0,0.8260600686860963
gene_464,species_1,t1,0.0
gene_464,species_1,t2,0.6942499875935265
gene_464,species_1,t3,0.0
gene_464,species_2,t0,0.0
gene_464,species_2,t1,0.2802590209693468
gene_464,species_2,t2,0.34834903169362685
gene_464,species_2,t3,0.7726362620662823
gene_464,species_3,t0,0.6226310186771744
gene_464,species_3,t1,0.5275299282113474
gene_464,species_3,t2,3.5494755976246744
gene_464,species_3,t3,1.228560435949823
gene_465,species_1,t0,0.3098609972138644
gene_465,species_1,t1,0.0
gene_465,species_1,t2,0.8749075255912583
gene_465,species_1,t3,0.24986564876449346
gene_465,species_2,t0,0.0
gene_465,species_2,t1,0.1870137244915181
gene_465,species_2,t2,0.0
gene_465,species_2,t3,0.5552111679019861
gene_465,species_3,t0,0.64441306497972
gene_465,species_3,t1,0.0
gene_465,species_3,t2,0.8318661824244848
gene_465,species_3,t3,0.11017848830293926
gene_466,species_1,t0,0.0
gene_466,species_1,t1,1.6881825107672799
gene_466,species_1,t2,0.0
gene_466,species_1,t3,0.3220093386165657
gene_466,species_2,t0,0.44868527848709183
gene_466,species_2,t1,1.9619535481157917
gene_466,species_2,t2,2.7979754567660557
gene_466,species_2,t3,0.511867003363945
gene_466,species_3,t0,0.0
gene_466,species_3,t1,2.3714692295601343
gene_466,species_3,t2,0.0
gene_466,species_3,t3,0.8042723544472696
gene_467,species_1,t0,1.4950699731617956
gene_467,species_1,t1,2.4602254576399467
gene_467,species_1,t2,0.0
gene_467,species_1,t3,0.9789989050772139
gene_467,species_2,t0,0.0
gene_467,species_2,t1,0.0
gene_467,species_2,t2,0.3045695097793494
gene_467,species_2,t3,0.013883149441192951
gene_467,species_3,t0,1.1031170384133926
gene_467,species_3,t1,2.987497495497217
gene_467,species_3,t2,0.9643636466129173
gene_467,species_3,t3,0.0
gene_468,species_1,t0,0.0
gene_468,species_1,t1,0.0
gene_468,species_1,t2,0.0
gene_468,species_1,t3,0.5058053625919035
gene_468,species_2,t0,0.2986479502208695
gene_468,species_2,t1,0.0
gene_468,species_2,t2,0.0
gene_468,species_2,t3,0.5251444250451158
gene_468,species_3,t0,0.5794329339690367
gene_468,species_3,t1,1.5140417961200927
gene_468,species_3,t2,0.2910241274662758
gene_468,species_3,t3,0.29867647736038705
gene_469,species_1,t0,0.0
gene_469,species_1,t1,0.0
gene_469,species_1,t2,0.0
gene_469,species_1,t3,0.25125395666188843
gene_469,species_2,t0,0.001207583865503875
gene_469,species_2,t1,0.7747792268678997
gene_469,species_2,t2,0.0
gene_469,species_2,t3,0.0
gene_469,species_3,t0,0.0
gene_469,species_3,t1,1.1033950659874856
gene_469,species_3,t2,0.444735093541944
gene_469,species_3,t3,0.0
gene_470,species_1,t0,0.0
gene_470,species_1,t1,0.0
gene_470,species_1,t2,0.0
gene_470,species_1,t3,0.0
gene_470,species_2,t0,0.43774726517982915
gene_470,species_2,t1,0.6705195885714995
gene_470,species_2,t2,0.0
gene_470,species_2,t3,0.31105220775686115
gene_470,species_3,t0,1.4402365256295506
gene_470,species_3,t1,0.0
gene_470,species_3,t2,0.0
gene_470,species_3,t3,0.0
gene_471,species_1,t0,1.1724747045632966
gene_471,species_1,t1,0.0
gene_471,species_1,t2,2.941136255051612
gene_471,species_1,t3,0.0
gene_471,species_2,t0,0.3050163599948164
gene_471,species_2,t1,0.41289974177642874
gene_471,species_2,t2,0.0
gene_471,species_2,t3,0.4421838144289486
gene_471,species_3,t0,0.0
gene_471,species_3,t1,2.6361186871078166
gene_471,species_3,t2,0.0
gene_471,species_3,t3,0.25282185308591054
gene_472,species_1,t0,0.0
gene_472,species_1,t1,2.2856555800801046
gene_472,species_1,t2,2.1771304504448246
gene_472,species_1,t3,0.0
gene_472,species_2,t0,0.0
gene_472,species_2,t1,0.4269813345492422
gene_472,species_2,t2,0.27863747959607066
gene_472,species_2,t3,0.0
gene_472,species_3,t0,0.7681764035018859
gene_472,species_3,t1,1.8395097957955562
gene_472,species_3,t2,1.6895877858939012
gene_472,species_3,t3,0.6225151172212938
gene_473,species_1,t0,1.1154426031052123
gene_473,species_1,t1,0.0
gene_473,species_1,t2,1.7312818728134058
gene_473,species_1,t3,0.3637202197477897
gene_473,species_2,t0,0.0
gene_473,species_2,t1,1.1375433429661979
gene_473,species_2,t2,0.0
gene_473,species_2,t3,0.0
gene_473,species_3,t0,0.0
gene_473,species_3,t1,2.3473833943543747
gene_473,species_3,t2,0.2571927975442747
gene_473,species_3,t3,0.0
gene_474,species_1,t0,0.7404800847638167
gene_474,species_1,t1,1.6985941462567216
gene_474,species_1,t2,0.75124219446807
gene_474,species_1,t3,0.0
gene_474,species_2,t0,0.0
gene_474,species_2,t1,0.3177165527342793
gene_474,species_2,t2,0.331259386327534
gene_474,species_2,t3,0.20537712844003952
gene_474,species_3,t0,0.0
gene_474,species_3,t1,0.1662176881509893
gene_474,species_3,t2,0.0
gene_474,species_3,t3,0.0
gene_475,species_1,t0,0.0
gene_475,species_1,t1,2.204469644257548
gene_475,species_1,t2,2.091123277759097
gene_475,species_1,t3,0.3184180762224141
gene_475,species_2,t0,0.48653241710169576
gene_475,species_2,t1,1.6166771104962436
gene_475,species_2,t2,2.1510896791963043
gene_475,species_2,t3,1.5022179775055953
gene_475,species_3,t0,0.3768009109016478
gene_475,species_3,t1,0.0
gene_475,species_3,t2,0.0
gene_475,species_3,t3,1.0378623162380827
gene_476,species_1,t0,0.32159114442463915
gene_476,species_1,t1,0.4946205228202921
gene_476,species_1,t2,0.0
gene_476,species_1,t3,0.0
gene_476,species_2,t0,0.3080849027452258
gene_476,species_2,t1,0.0
gene_476,species_2,t2,0.7390332513712541
gene_476,species_2,t3,0.7741451741748526
gene_476,species_3,t0,0.288324381260723
gene_476,species_3,t1,0.0
gene_476,species_3,t2,0.398025977682038
gene_476,species_3,t3,0.33180641216081436
gene_477,species_1,t0,0.0
gene_477,species_1,t1,0.0
gene_477,species_1,t2,2.570501146454192
gene_477,species_1,t3,0.1897192488278736
gene_477,species_2,t0,0.0
gene_477,species_2,t1,0.0
gene_477,species_2,t2,0.0
gene_477,species_2,t3,0.0
gene_477,species_3,t0,0.0
gene_477,species_3,t1,0.0
gene_477,species_3,t2,0.0
gene_477,species_3,t3,0.18148754497222086
gene_478,species_1,t0,0.0
gene_478,species_1,t1,2.756163539175271
gene_478,species_1,t2,1.7288588803714895
gene_478,species_1,t3,0.29157879816449717
gene_478,species_2,t0,0.2676467601511895
gene_478,species_2,t1,0.0
gene_478,species_2,t2,0.9513794549650006
gene_478,species_2,t3,0.0
gene_478,species_3,t0,0.9592699205429752
gene_478,species_3,t1,0.6379872188579379
gene_478,species_3,t2,3.072087649623771
gene_478,species_3,t3,0.7942079117125124
gene_479,species_1,t0,0.0
gene_479,species_1,t1,1.4460553061324921
gene_479,species_1,t2,0.21772019159782913
gene_479,species_1,t3,0.43470633273387826
gene_479,species_2,t0,0.5617443070795033
gene_479,species_2,t1,0.0
gene_479,species_2,t2,0.0
gene_479,species_2,t3,1.230625593359679
gene_479,species_3,t0,0.11273291018201013
gene_479,species_3,t1,0.4715463096293787
gene_479,species_3,t2,0.0
gene_479,species_3,t3,1.3044237321414451
gene_480,species_1,t0,0.9324776407561355
gene_480,species_1,t1,2.591590774319819
gene_480,species_1,t2,1.1867051560176038
gene_480,species_1,t3,0.411148258375389
gene_480,species_2,t0,0.0
gene_480,species_2,t1,0.8802509297047733
gene_480,species_2,t2,1.9617523690621312
gene_480,species_2,t3,0.0
gene_480,species_3,t0,0.0
gene_480,species_3,t1,0.04855708422873961
gene_480,species_3,t2,3.2628190053496287
gene_480,species_3,t3,0.510437743691876
gene_481,species_1,t0,1.0331632435386486
gene_481,species_1,t1,0.9572429867609734
gene_481,species_1,t2,2.5375450766000647
gene_481,species_1,t3,0.5398856362913893
gene_481,species_2,t0,0.15865561777912474
gene_481,species_2,t1,1.5281261919790226
gene_481,species_2,t2,1.7839796085285422
gene_481,species_2,t3,0.34422668126532896
gene_481,species_3,t0,0.22013506491099663
gene_481,species_3,t1,3.129980321494624
gene_481,species_3,t2,1.3535134643115352
gene_481,species_3,t3,0.0
gene_482,species_1,t0,0.7137612211239333
gene_482,species_1,t1,0.0
gene_482,species_1,t2,0.0
gene_482,species_1,t3,0.0
gene_482,species_2,t0,0.0
gene_482,species_2,t1,0.75433107883873
gene_482,species_2,t2,1.5327785014999458
gene_482,species_2,t3,0.0
gene_482,species_3,t0,1.0231271264073682
gene_482,species_3,t1,0.20748315157388647
gene_482,species_3,t2,2.1198721512926975
gene_482,species_3,t3,0.0
gene_483,species_1,t0,1.8336125558435514
gene_483,species_1,t1,3.4357225441047143
gene_483,species_1,t2,2.4262552338567165
gene_483,species_1,t3,0.3460443614913203
gene_483,species_2,t0,0.7046221138696179
gene_483,species_2,t1,0.7329695065778493
gene_483,species_2,t2,0.7463814209065583
gene_483,species_2,t3,1.1236192961175056
gene_483,species_3,t0,1.1574980047823984
gene_483,species_3,t1,1.5230693653442495
gene_483,species_3,t2,0.0
gene_483,species_3,t3,1.3994022559365236
gene_484,species_1,t0,0.0
gene_484,species_1,t1,1.1321132719884415
gene_484,species_1,t2,0.053050245116086386
gene_484,species_1,t3,0.2027851751554136
gene_484,species_2,t0,0.5955108546734055
gene_484,species_2,t1,0.37095610838268434
gene_484,species_2,t2,0.5591758667626402
gene_484,species_2,t3,0.3686024341103071
gene_484,species_3,t0,0.0
gene_484,species_3,t1,0.0
gene_484,species_3,t2,2.676332447146497
gene_484,species_3,t3,0.7603434816036494
gene_485,species_1,t0,0.0
gene_485,species_1,t1,6.864664653471757
gene_485,species_1,t2,7.081152745151527
gene_485,species_1,t3,1.6800871813418872
gene_485,species_2,t0,0.3554211336717764
gene_485,species_2,t1,0.0
gene_485,species_2,t2,0.14907936553657453
gene_485,species_2,t3,0.0
gene_485,species_3,t0,2.897229402462464
gene_485,species_3,t1,0.0
gene_485,species_3,t2,4.113961443902513
gene_485,species_3,t3,1.2889806778737154
gene_486,species_1,t0,0.0
gene_486,species_1,t1,0.7742065100118621
gene_486,species_1,t2,0.9802909875277983
gene_486,species_1,t3,0.30262843453401617
gene_486,species_2,t0,0.15170197101530078
gene_486,species_2,t1,0.13337361287165864
gene_486,species_2,t2,0.12464990517286824
gene_486,species_2,t3,0.0974183105790267
gene_486,species_3,t0,0.5112439002635139
gene_486,species_3,t1,0.0
gene_486,species_3,t2,0.5870808191788801
gene_486,species_3,t3,0.0
gene_487,species_1,t0,0.0
gene_487,species_1,t1,1.416880656992683
gene_487,species_1,t2,0.0
gene_487,species_1,t3,0.10798504442061779
gene_487,species_2,t0,0.4817753230889611
gene_487,species_2,t1,1.4829880079142972
gene_487,species_2,t2,1.661814093794927
gene_487,species_2,t3,0.313553573940354
gene_487,species_3,t0,0.0
gene_487,species_3,t1,0.0
gene_487,species_3,t2,0.0
gene_487,species_3,t3,0.8172293203362354
gene_488,species_1,t0,0.0
gene_488,species_1,t1,1.187418775370854
gene_488,species_1,t2,0.0
gene_488,species_1,t3,0.20875071518462635
gene_488,species_2,t0,0.0
gene_488,species_2,t1,0.0
gene_488,species_2,t2,1.2561682492599515
gene_488,species_2,t3,0.0
gene_488,species_3,t0,0.5031757172121665
gene_488,species_3,t1,0.0
gene_488,species_3,t2,3.057074984814573
gene_488,species_3,t3,0.0
gene_489,species_1,t0,0.0
gene_489,species_1,t1,1.2555008701309183
gene_489,species_1,t2,0.9760886072758514
gene_489,species_1,t3,0.0749489101287515
gene_489,species_2,t0,0.0
gene_489,species_2,t1,0.32690882165104496
gene_489,species_2,t2,0.073134691025072
gene_489,species_2,t3,0.39448905248096644
gene_489,species_3,t0,0.52129453961487
gene_489,species_3,t1,0.5928153296994916
gene_489,species_3,t2,0.0
gene_489,species_3,t3,0.0
gene_490,species_1,t0,0.7677295619754478
gene_490,species_1,t1,0.0
gene_490,species_1,t2,0.16282468959051616
gene_490,species_1,t3,0.0
gene_490,species_2,t0,0.0
gene_490,species_2,t1,0.2375187972027429
gene_490,species_2,t2,0.44938290856656504
gene_490,species_2,t3,0.8814414818883293
gene_490,species_3,t0,0.45721998500551225
gene_490,species_3,t1,0.4191680802873242
gene_490,species_3,t2,0.0
gene_490,species_3,t3,0.0
gene_491,species_1,t0,0.8202469012280388
gene_491,species_1,t1,0.9362827090667507
gene_491,species_1,t2,2.2628663734849357
gene_491,species_1,t3,0.8652700358266302
gene_491,species_2,t0,0.4382430685668856
gene_491,species_2,t1,0.8703892709347218
gene_491,species_2,t2,0.3319159480750968
gene_491,species_2,t3,0.40081014816817007
gene_491,species_3,t0,0.7396372261760482
gene_491,species_3,t1,2.9006306878729915
gene_491,species_3,t2,1.2885442557569746
gene_491,species_3,t3,0.0
gene_492,species_1,t0,0.2866022725439683
gene_492,species_1,t1,0.8963426656481974
gene_492,species_1,t2,0.4168176104539812
gene_492,species_1,t3,0.10160769921115959
gene_492,species_2,t0,0.1417508007482945
gene_492,species_2,t1,0.0
gene_492,species_2,t2,0.0
gene_492,species_2,t3,0.28007459055745276
gene_492,species_3,t0,0.0
gene_492,species_3,t1,0.37688849584245543
gene_492,species_3,t2,0.8124230367803765
gene_492,species_3,t3,0.0
gene_493,species_1,t0,0.0
gene_493,species_1,t1,2.627717826745304
gene_493,species_1,t2,0.0
gene_493,species_1,t3,0.0
gene_493,species_2,t0,0.11304667794877687
gene_493,species_2,t1,2.3367692947832275
gene_493,species_2,t2,0.0
gene_493,species_2,t3,0.8192120858922122
gene_493,species_3,t0,0.709336904796964
gene_493,species_3,t1,0.0
gene_493,species_3,t2,0.23105736210396635
gene_493,species_3,t3,0.48591033953628215
gene_494,species_1,t0,2.1045690593491098
gene_494,species_1,t1,2.966068773098333
gene_494,species_1,t2,4.1411785443663005
gene_494,species_1,t3,0.9938792206482314
gene_494,species_2,t0,0.0
gene_494,species_2,t1,0.0
gene_494,species_2,t2,1.7143192150603666
gene_494,species_2,t3,0.6080310531259023
gene_494,species_3,t0,0.0
gene_494,species_3,t1,4.472862439914332
gene_494,species_3,t2,0.0
gene_494,species_3,t3,0.0
gene_495,species_1,t0,0.0
gene_495,species_1,t1,0.22192790162343026
gene_495,species_1,t2,0.13542579255746146
gene_495,species_1,t3,0.04656307603882247
gene_495,species_2,t0,0.0
gene_495,species_2,t1,0.0
gene_495,species_2,t2,0.050082964701152394
gene_495,species_2,t3,0.28699192239725546
gene_495,species_3,t0,0.0
gene_495,species_3,t1,0.0
gene_495,species_3,t2,0.0
gene_495,species_3,t3,0.0
gene_496,species_1,t0,2.097760264842905
gene_496,species_1,t1,0.0
gene_496,species_1,t2,3.5233173947856735
gene_496,species_1,t3,1.0661925644280252
gene_496,species_2,t0,0.36802535640221307
gene_496,species_2,t1,0.0
gene_496,species_2,t2,0.0
gene_496,species_2,t3,0.8237105457673113
gene_496,species_3,t0,0.0
gene_496,species_3,t1,1.3911475169282725
gene_496,species_3,t2,0.0
gene_496,species_3,t3,0.9872117363036612
gene_497,species_1,t0,0.2634116417760948
gene_497,species_1,t1,0.0
gene_497,species_1,t2,0.5161958491816384
gene_497,species_1,t3,0.0
gene_497,species_2,t0,0.010491883131061516
gene_497,species_2,t1,0.0
gene_497,species_2,t2,1.5832624666292099
gene_497,species_2,t3,0.7232354738350628
gene_497,species_3,t0,0.0
gene_497,species_3,t1,1.021791236506224
gene_497,species_3,t2,0.3823794575314355
gene_497,species_3,t3,0.23359257949767087
gene_498,species_1,t0,2.4845773945255734
gene_498,species_1,t1,0.0
gene_498,species_1,t2,0.0
gene_498,species_1,t3,1.3227915171082747
gene_498,species_2,t0,0.18346222972143925
gene_498,species_2,t1,0.0
gene_498,species_2,t2,2.523543620666682
gene_498,species_2,t3,0.0
gene_498,species_3,t0,2.4168025522036984
gene_498,species_3,t1,2.553818969514671
gene_498,species_3,t2,4.858805211866951
gene_498,species_3,t3,0.9697873610609237
gene_499,species_1,t0,2.3619589590178505
gene_499,species_1,t1,0.0
gene_499,species_1,t2,4.475709923607343
gene_499,species_1,t3,0.0
gene_499,species_2,t0,0.0
gene_499,species_2,t1,1.2695666164465387
gene_499,species_2,t2,0.5333996704341507
gene_499,species_2,t3,0.0
gene_499,species_3,t0,0.0
gene_499,species_3,t1,3.978592447922491
gene_499,species_3,t2,1.9464248090868064
gene_499,species_3,t3,0.0
gene_500,species_1,t0,0.0
gene_500,species_1,t1,5.187260852151145
gene_500,species_1,t2,4.949784683783736
gene_500,species_1,t3,0.0
gene_500,species_2,t0,0.18714958409126803
gene_500,species_2,t1,0.6273698623162984
gene_500,species_2,t2,0.9571673722194356
gene_500,species_2,t3,0.0
gene_500,species_3,t0,2.0305449733925687
gene_500,species_3,t1,0.0
gene_500,species_3,t2,0.0
gene_500,species_3,t3,0.0
gene_501,species_1,t0,0.7071239204904896
gene_501,species_1,t1,2.5667294963442764
gene_501,species_1,t2,0.23292073377540276
gene_501,species_1,t3,0.0
gene_501,species_2,t0,0.7653058152889223
gene_501,species_2,t1,0.558296278590565
gene_501,species_2,t2,0.38035685019038223
gene_501,species_2,t3,0.8723274995663817
gene_501,species_3,t0,0.0
gene_501,species_3,t1,1.2331201580504612
gene_501,species_3,t2,4.726189457236335
gene_501,species_3,t3,1.3840491943958615
gene_502,species_1,t0,0.8704891120950295
gene_502,species_1,t1,1.848618698681055
gene_502,species_1,t2,2.727466306518337
gene_502,species_1,t3,0.0
gene_502,species_2,t0,0.3736273897674649
gene_502,species_2,t1,0.10905744941668005
gene_502,species_2,t2,1.395702890156682
gene_502,species_2,t3,0.0
gene_502,species_3,t0,0.0
gene_502,species_3,t1,2.2323952631097703
gene_502,species_3,t2,0.0
gene_502,species_3,t3,0.23977157502121782
gene_503,species_1,t0,1.372670229752432
gene_503,species_1,t1,1.4824623211641808
gene_503,species_1,t2,2.8357513671362544
gene_503,species_1,t3,0.0
gene_503,species_2,t0,0.0
gene_503,species_2,t1,1.7222462827232148
gene_503,species_2,t2,1.9473299917556623
gene_503,species_2,t3,0.43285029973711164
gene_503,species_3,t0,0.3952039894565618
gene_503,species_3,t1,3.294258771777333
gene_503,species_3,t2,0.7645248549742286
gene_503,species_3,t3,0.21975068873795567
gene_504,species_1,t0,0.0
gene_504,species_1,t1,3.081271364217094
gene_504,species_1,t2,3.84335422488828
gene_504,species_1,t3,1.1463835487798923
gene_504,species_2,t0,0.0
gene_504,species_2,t1,1.2786624196697567
gene_504,species_2,t2,0.48007730003015775
gene_504,species_2,t3,0.24811378676628665
gene_504,species_3,t0,1.2038121609833388
gene_504,species_3,t1,3.926501581301751
gene_504,species_3,t2,0.0
gene_504,species_3,t3,0.1627444358622253
gene_505,species_1,t0,0.0
gene_505,species_1,t1,1.0605681261056608
gene_505,species_1,t2,0.6388358480515317
gene_505,species_1,t3,0.0
gene_505,species_2,t0,0.0
gene_505,species_2,t1,0.0
gene_505,species_2,t2,0.101152935797238
gene_505,species_2,t3,0.02305365086106617
gene_505,species_3,t0,0.0
gene_505,species_3,t1,0.0
gene_505,species_3,t2,1.203666339249293
gene_505,species_3,t3,0.4931302365124239
gene_506,species_1,t0,0.799044684917443
gene_506,species_1,t1,2.0369933314495112
gene_506,species_1,t2,0.7268677318201059
gene_506,species_1,t3,0.0
gene_506,species_2,t0,0.0
gene_506,species_2,t1,0.0
gene_506,species_2,t2,0.11039777203812284
gene_506,species_2,t3,0.7641530194290579
gene_506,species_3,t0,0.5540441331359559
gene_506,species_3,t1,0.0
gene_506,species_3,t2,3.21575569895224
gene_506,species_3,t3,1.0699838460763913
gene_507,species_1,t0,0.0
gene_507,species_1,t1,1.0853136320661414
gene_507,species_1,t2,0.6246891842944702
gene_507,species_1,t3,0.031797533049068745
gene_507,species_2,t0,0.0
gene_507,species_2,t1,0.1646316800055804
gene_507,species_2,t2,0.0
gene_507,species_2,t3,0.46144205382156045
gene_507,species_3,t0,0.44464576434415204
gene_507,species_3,t1,0.3224693456456552
gene_507,species_3,t2,1.1013412953680835
gene_507,species_3,t3,0.5131629959674702
gene_508,species_1,t0,1.1918568225948798
gene_508,species_1,t1,1.8739435849339596
gene_508,species_1,t2,0.0
gene_508,species_1,t3,0.0
gene_508,species_2,t0,0.5039034089808151
gene_508,species_2,t1,0.8810978607473725
gene_508,species_2,t2,1.3307707684835643
gene_508,species_2,t3,0.9587534086876731
gene_508,species_3,t0,0.4321067689256853
gene_508,species_3,t1,0.0
gene_508,species_3,t2,0.0
gene_508,species_3,t3,0.7254166459378624
gene_509,species_1,t0,0.4256080814216829
gene_509,species_1,t1,0.9894225868356162
gene_509,species_1,t2,0.9410745983992532
gene_509,species_1,t3,0.5816878124720367
gene_509,species_2,t0,0.0
gene_509,species_2,t1,0.0
gene_509,species_2,t2,0.0
gene_509,species_2,t3,0.8022006943275302
gene_509,species_3,t0,0.0
gene_509,species_3,t1,0.4723961068465057
gene_509,species_3,t2,0.7100846207320334
gene_509,species_3,t3,0.0
gene_510,species_1,t0,0.0
gene_510,species_1,t1,0.9706573102564493
gene_510,species_1,t2,3.3601368813440438
gene_510,species_1,t3,1.1685186924344113
gene_510,species_2,t0,0.7218801895589019
gene_510,species_2,t1,0.0
gene_510,species_2,t2,0.5879376232352097
gene_510,species_2,t3,0.7746418908168107
gene_510,species_3,t0,0.415676266377825
gene_510,species_3,t1,4.289333640892023
gene_510,species_3,t2,2.8206437642540814
gene_510,species_3,t3,1.3268014408909319
gene_511,species_1,t0,0.917972104003586
gene_511,species_1,t1,0.9084299617073582
gene_511,species_1,t2,2.2862395384452423
gene_511,species_1,t3,0.6926137751235835
gene_511,species_2,t0,0.38605754896672895
gene_511,species_2,t1,0.9241712954722804
gene_511,species_2,t2,0.0
gene_511,species_2,t3,0.35594753635689835
gene_511,species_3,t0,0.49438599811160633
gene_511,species_3,t1,2.5193077644332114
gene_511,species_3,t2,0.0
gene_511,species_3,t3,0.33417617248433273
gene_512,species_1,t0,1.2223829080149007
gene_512,species_1,t1,0.0
gene_512,species_1,t2,1.7511460851212042
gene_512,species_1,t3,0.0
gene_512,species_2,t0,0.17721344063174205
gene_512,species_2,t1,0.9930193982174109
gene_512,species_2,t2,1.3726803712874702
gene_512,species_2,t3,1.0423302122518998
gene_512,species_3,t0,0.5012828286858908
gene_512,species_3,t1,1.9509465910378962
gene_512,species_3,t2,0.5851062497443384
gene_512,species_3,t3,0.4959383869949056
gene_513,species_1,t0,1.0174191664419614
gene_513,species_1,t1,0.0
gene_513,species_1,t2,0.0
gene_513,species_1,t3,0.09433678055072353
gene_513,species_2,t0,0.1318344700603974
gene_513,species_2,t1,0.0
gene_513,species_2,t2,1.5633716310255392
gene_513,species_2,t3,0.9385721340259642
gene_513,species_3,t0,0.1046826402417405
gene_513,species_3,t1,2.073768354418924
gene_513,species_3,t2,0.0
gene_513,species_3,t3,0.18354396504300294
gene_514,species_1,t0,0.0
gene_514,species_1,t1,0.0
gene_514,species_1,t2,4.283768101198813
gene_514,species_1,t3,1.46590741792919
gene_514,species_2,t0,0.2367654662471109
gene_514,species_2,t1,0.0
gene_514,species_2,t2,2.36690121953757
gene_514,species_2,t3,1.6056581828825414
gene_514,species_3,t0,0.0
gene_514,species_3,t1,2.877908746855336
gene_514,species_3,t2,2.115386658621041
gene_514,species_3,t3,0.0
gene_515,species_1,t0,1.6575213636069217
gene_515,species_1,t1,4.409988622507563
gene_515,species_1,t2,0.0
gene_515,species_1,t3,0.5828095921886314
gene_515,species_2,t0,0.6897698076520848
gene_515,species_2,t1,0.18868640287966015
gene_515,species_2,t2,0.92891738124296
gene_515,species_2,t3,0.18637490611918492
gene_515,species_3,t0,1.5935480477395612
gene_515,species_3,t1,1.202911489880171
gene_515,species_3,t2,4.613667623670233
gene_515,species_3,t3,0.0
gene_516,species_1,t0,0.0
gene_516,species_1,t1,0.5290582511040207
gene_516,species_1,t2,0.5053034620174992
gene_516,species_1,t3,0.026531602208769024
gene_516,species_2,t0,0.12856654044984767
gene_516,species_2,t1,1.3657223377900487
gene_516,species_2,t2,2.2919802226798556
gene_516,species_2,t3,1.3527423953156703
gene_516,species_3,t0,0.4169265998299003
gene_516,species_3,t1,1.4658896268316577
gene_516,species_3,t2,1.4414581571242642
gene_516,species_3,t3,0.0
gene_517,species_1,t0,1.898328648206819
gene_517,species_1,t1,3.6020908161752607
gene_517,species_1,t2,2.690721927650044
gene_517,species_1,t3,0.6480284780179023
gene_517,species_2,t0,0.0
gene_517,species_2,t1,0.0
gene_517,species_2,t2,0.0
gene_517,species_2,t3,0.0
gene_517,species_3,t0,1.3457507244115348
gene_517,species_3,t1,0.0
gene_517,species_3,t2,3.8373981942501
gene_517,species_3,t3,0.0
gene_518,species_1,t0,2.608079093188877
gene_518,species_1,t1,3.831752218362464
gene_518,species_1,t2,5.1558020252147045
gene_518,species_1,t3,1.4516027258015776
gene_518,species_2,t0,0.022635145089336714
gene_518,species_2,t1,1.9120104803509161
gene_518,species_2,t2,1.1754395298962992
gene_518,species_2,t3,0.24419546708642498
gene_518,species_3,t0,0.0
gene_518,species_3,t1,5.586642699641233
gene_518,species_3,t2,0.0
gene_518,species_3,t3,0.0
gene_519,species_1,t0,0.0
gene_519,species_1,t1,0.36222461366823033
gene_519,species_1,t2,0.0
gene_519,species_1,t3,0.1269524907549549
gene_519,species_2,t0,0.0
gene_519,species_2,t1,0.35387723432461704
gene_519,species_2,t2,0.4547206075035752
gene_519,species_2,t3,0.28377828827406626
gene_519,species_3,t0,0.3345867392744555
gene_519,species_3,t1,0.04147675166545759
gene_519,species_3,t2,0.6288068066474325
gene_519,species_3,t3,0.17134989937282846
gene_520,species_1,t0,0.9702414070711651
gene_520,species_1,t1,2.4411714505237776
gene_520,species_1,t2,1.4231033397289723
gene_520,species_1,t3,0.0
gene_520,species_2,t0,0.0
gene_520,species_2,t1,0.7719692816629654
gene_520,species_2,t2,0.0
gene_520,species_2,t3,0.0
gene_520,species_3,t0,1.1542642041730073
gene_520,species_3,t1,0.0
gene_520,species_3,t2,3.243218456825502
gene_520,species_3,t3,0.0
gene_521,species_1,t0,0.0
gene_521,species_1,t1,0.0
gene_521,species_1,t2,0.46270665178644727
gene_521,species_1,t3,0.0
gene_521,species_2,t0,0.0
gene_521,species_2,t1,0.48319372465982857
gene_521,species_2,t2,1.2229988831820127
gene_521,species_2,t3,0.0
gene_521,species_3,t0,0.4573089104505513
gene_521,species_3,t1,0.16174732238877776
gene_521,species_3,t2,0.0
gene_521,species_3,t3,0.0
gene_522,species_1,t0,0.1856155472711149
gene_522,species_1,t1,0.0
gene_522,species_1,t2,0.7767078714472695
gene_522,species_1,t3,0.2032099336996821
gene_522,species_2,t0,0.0
gene_522,species_2,t1,0.8620258972309527
gene_522,species_2,t2,0.9806035822069287
gene_522,species_2,t3,0.21987415215462436
gene_522,species_3,t0,0.0
gene_522,species_3,t1,1.8290169113730874
gene_522,species_3,t2,3.2874248424312107
gene_522,species_3,t3,1.024531569407951
gene_523,species_1,t0,0.0
gene_523,species_1,t1,0.0
gene_523,species_1,t2,0.0
gene_523,species_1,t3,0.0
gene_523,species_2,t0,0.12738697943275717
gene_523,species_2,t1,0.9121746240929945
gene_523,species_2,t2,1.0636409188901093
gene_523,species_2,t3,0.28514491286730725
gene_523,species_3,t0,0.05238325929323952
gene_523,species_3,t1,0.0
gene_523,species_3,t2,0.6475306160998436
gene_523,species_3,t3,0.25175835660613477
gene_524,species_1,t0,0.7318632506297107
gene_524,species_1,t1,2.387106666499144
gene_524,species_1,t2,0.0
gene_524,species_1,t3,0.0
gene_524,species_2,t0,0.0
gene_524,species_2,t1,0.0
gene_524,species_2,t2,2.0751718842091718
gene_524,species_2,t3,0.5633480585177958
gene_524,species_3,t0,0.0
gene_524,species_3,t1,0.6719225429071785
gene_524,species_3,t2,3.7066188388891343
gene_524,species_3,t3,0.8350912101013926
gene_525,species_1,t0,0.03792808020372903
gene_525,species_1,t1,0.49133574195947316
gene_525,species_1,t2,0.30984957683508857
gene_525,species_1,t3,0.08127682218782442
gene_525,species_2,t0,0.02749924340753092
gene_525,species_2,t1,0.0
gene_525,species_2,t2,1.379998282774675
gene_525,species_2,t3,0.5979563124392221
gene_525,species_3,t0,0.0
gene_525,species_3,t1,1.0401384397877014
gene_525,species_3,t2,1.4267559545981963
gene_525,species_3,t3,0.2753576752429
gene_526,species_1,t0,2.109221874745258
gene_526,species_1,t1,5.063802475447352
gene_526,species_1,t2,3.885469592160467
gene_526,species_1,t3,0.0
gene_526,species_2,t0,0.0
gene_526,species_2,t1,1.3164409339185852
gene_526,species_2,t2,0.0
gene_526,species_2,t3,1.9165178613320035
gene_526,species_3,t0,2.5361873370108965
gene_526,species_3,t1,0.0
gene_526,species_3,t2,4.531529004472953
gene_526,species_3,t3,0.554069595639356
gene_527,species_1,t0,4.745293126120004
gene_527,species_1,t1,0.0
gene_527,species_1,t2,0.0
gene_527,species_1,t3,2.220577154647501
gene_527,species_2,t0,0.5039652599875842
gene_527,species_2,t1,1.0541762918267683
gene_527,species_2,t2,1.0225473838324506
gene_527,species_2,t3,0.37331181098572996
gene_527,species_3,t0,0.0
gene_527,species_3,t1,0.0
gene_527,species_3,t2,6.2593077756922995
gene_527,species_3,t3,1.5991667685046296
gene_528,species_1,t0,0.0
gene_528,species_1,t1,0.0
gene_528,species_1,t2,2.9351725477717054
gene_528,species_1,t3,0.9542400939925658
gene_528,species_2,t0,0.07522994064477252
gene_528,species_2,t1,0.8428045156139432
gene_528,species_2,t2,0.0
gene_528,species_2,t3,0.0
gene_528,species_3,t0,0.8022232351765408
gene_528,species_3,t1,0.0
gene_528,species_3,t2,0.0
gene_528,species_3,t3,0.0
gene_529,species_1,t0,2.048567921559481
gene_529,species_1,t1,3.421783518110164
gene_529,species_1,t2,3.8540276331893075
gene_529,species_1,t3,1.1913995649217013
gene_529,species_2,t0,0.16507461544300037
gene_529,species_2,t1,0.6661565404917618
gene_529,species_2,t2,0.34311919709575384
gene_529,species_2,t3,0.0
gene_529,species_3,t0,1.39136692648086
gene_529,species_3,t1,3.506948766108267
gene_529,species_3,t2,0.0
gene_529,species_3,t3,0.34893335789501
gene_530,species_1,t0,0.0
gene_530,species_1,t1,0.0
gene_530,species_1,t2,4.166968743834708
gene_530,species_1,t3,1.1284677526104752
gene_530,species_2,t0,0.14356549900973972
gene_530,species_2,t1,0.5147671964791124
gene_530,species_2,t2,0.0
gene_530,species_2,t3,0.9228379807338214
gene_530,species_3,t0,0.0
gene_530,species_3,t1,3.8097466327271006
gene_530,species_3,t2,0.3689873993386146
gene_530,species_3,t3,0.0
gene_531,species_1,t0,1.693394996250585
gene_531,species_1,t1,3.1785955296806243
gene_531,species_1,t2,3.083322718636977
gene_531,species_1,t3,0.7550746887670053
gene_531,species_2,t0,0.0
gene_531,species_2,t1,0.20120804866940767
gene_531,species_2,t2,0.0
gene_531,species_2,t3,0.3279714474508678
gene_531,species_3,t0,0.0
gene_531,species_3,t1,2.161889266293238
gene_531,species_3,t2,2.317489161238865
gene_531,species_3,t3,0.5278391867997227
gene_532,species_1,t0,0.5792979953395363
gene_532,species_1,t1,0.0
gene_532,species_1,t2,0.0
gene_532,species_1,t3,0.041842762649580534
gene_532,species_2,t0,0.0
gene_532,species_2,t1,0.7734786036098759
gene_532,species_2,t2,1.0602324897566473
gene_532,species_2,t3,0.5042056531743396
gene_532,species_3,t0,0.14735186523063235
gene_532,species_3,t1,1.3938239716454375
gene_532,species_3,t2,0.22803461939862008
gene_532,species_3,t3,0.0
gene_533,species_1,t0,0.0
gene_533,species_1,t1,0.0
gene_533,species_1,t2,0.37677664063118876
gene_533,species_1,t3,0.16984888065203732
gene_533,species_2,t0,0.6730678656744514
gene_533,species_2,t1,0.0
gene_533,species_2,t2,0.938097092192398
gene_533,species_2,t3,0.46980098848536245
gene_533,species_3,t0,0.0
gene_533,species_3,t1,0.9850332106209486
gene_533,species_3,t2,4.46926049633628
gene_533,species_3,t3,1.6039143211729194
gene_534,species_1,t0,1.6570486965036177
gene_534,species_1,t1,0.0
gene_534,species_1,t2,2.2509708834503717
gene_534,species_1,t3,0.6630282939484629
gene_534,species_2,t0,0.0
gene_534,species_2,t1,0.4022913919553408
gene_534,species_2,t2,0.0
gene_534,species_2,t3,0.0
gene_534,species_3,t0,0.0
gene_534,species_3,t1,0.0
gene_534,species_3,t2,0.0
gene_534,species_3,t3,1.2658393599654214
gene_535,species_1,t0,0.9420727239354163
gene_535,species_1,t1,0.0
gene_535,species_1,t2,1.875894327119879
gene_535,species_1,t3,0.0
gene_535,species_2,t0,0.05476406997316616
gene_535,species_2,t1,0.7564698666185379
gene_535,species_2,t2,0.782709667385433
gene_535,species_2,t3,0.0
gene_535,species_3,t0,0.0
gene_535,species_3,t1,0.0
gene_535,species_3,t2,0.6571134084999268
gene_535,species_3,t3,0.0
gene_536,species_1,t0,1.4710266111613521
gene_536,species_1,t1,2.6607297942548596
gene_536,species_1,t2,3.3116753813908457
gene_536,species_1,t3,0.7339026444565413
gene_536,species_2,t0,0.0
gene_536,species_2,t1,0.44487881409719165
gene_536,species_2,t2,0.3345168993656626
gene_536,species_2,t3,0.4737600284673189
gene_536,species_3,t0,1.2451286959211998
gene_536,species_3,t1,0.0
gene_536,species_3,t2,1.4233243222504686
gene_536,species_3,t3,0.2883196084258373
gene_537,species_1,t0,0.8883981295491343
gene_537,species_1,t1,2.175041279154005
gene_537,species_1,t2,0.28747855424035096
gene_537,species_1,t3,0.15990365804873263
gene_537,species_2,t0,0.0
gene_537,species_2,t1,0.4886240239632319
gene_537,species_2,t2,0.0
gene_537,species_2,t3,0.0
gene_537,species_3,t0,0.7700628958018271
gene_537,species_3,t1,0.8879322885462809
gene_537,species_3,t2,0.0
gene_537,species_3,t3,1.3794818996308043
gene_538,species_1,t0,0.3640174368849385
gene_538,species_1,t1,0.0
gene_538,species_1,t2,0.0
gene_538,species_1,t3,0.4588574987849205
gene_538,species_2,t0,0.0
gene_538,species_2,t1,0.0
gene_538,species_2,t2,0.8530857284406339
gene_538,species_2,t3,0.6533214898057979
gene_538,species_3,t0,0.5959941560841466
gene_538,species_3,t1,1.0133786156284603
gene_538,species_3,t2,0.3622886850261308
gene_538,species_3,t3,0.483887997096983
gene_539,species_1,t0,0.6344702424844093
gene_539,species_1,t1,1.7282141679090461
gene_539,species_1,t2,1.6263904714004156
gene_539,species_1,t3,0.4563523814023901
gene_539,species_2,t0,0.06916809202008489
gene_539,species_2,t1,0.0
gene_539,species_2,t2,0.48482109394904044
gene_539,species_2,t3,0.0
gene_539,species_3,t0,0.5546655909523173
gene_539,species_3,t1,1.0512950822067952
gene_539,species_3,t2,0.8085717043617511
gene_539,species_3,t3,0.0
gene_540,species_1,t0,0.7951394755895054
gene_540,species_1,t1,0.6918298927670035
gene_540,species_1,t2,2.003335663460229
gene_540,species_1,t3,0.4789895796835554
gene_540,species_2,t0,0.0
gene_540,species_2,t1,0.0
gene_540,species_2,t2,0.2681223535691348
gene_540,species_2,t3,0.41399874788233054
gene_540,species_3,t0,0.0
gene_540,species_3,t1,0.0
gene_540,species_3,t2,1.2096323085345622
gene_540,species_3,t3,0.6789166608373185
gene_541,species_1,t0,0.0
gene_541,species_1,t1,0.5007337903092058
gene_541,species_1,t2,0.0
gene_541,species_1,t3,0.0
gene_541,species_2,t0,0.15146305060595022
gene_541,species_2,t1,0.0
gene_541,species_2,t2,1.378758397141202
gene_541,species_2,t3,0.4256140855943901
gene_541,species_3,t0,0.0
gene_541,species_3,t1,2.3122498712839064
gene_541,species_3,t2,0.9590696641230161
gene_541,species_3,t3,0.12322786068092567
gene_542,species_1,t0,0.6839393971832731
gene_542,species_1,t1,2.048172688664685
gene_542,species_1,t2,1.318725373788129
gene_542,species_1,t3,0.8410026106226851
gene_542,species_2,t0,0.3388590717647455
gene_542,species_2,t1,0.0
gene_542,species_2,t2,0.0
gene_542,species_2,t3,1.928091164025373
gene_542,species_3,t0,1.2072936693007519
gene_542,species_3,t1,0.0
gene_542,species_3,t2,2.3054058209567576
gene_542,species_3,t3,0.0
gene_543,species_1,t0,1.6849981867087933
gene_543,species_1,t1,3.07886192689991
gene_543,species_1,t2,2.1562091205762175
gene_543,species_1,t3,0.83316086371608
gene_543,species_2,t0,0.0
gene_543,species_2,t1,0.05594087508683543
gene_543,species_2,t2,0.0
gene_543,species_2,t3,0.0
gene_543,species_3,t0,1.240868159569761
gene_543,species_3,t1,0.0
gene_543,species_3,t2,3.221154882110441
gene_543,species_3,t3,0.9948063259480144
gene_544,species_1,t0,1.1664320902925553
gene_544,species_1,t1,3.5773437250039
gene_544,species_1,t2,1.1432484232543003
gene_544,species_1,t3,0.176209634682855
gene_544,species_2,t0,0.7210877930343504
gene_544,species_2,t1,1.6590823407267468
gene_544,species_2,t2,0.0
gene_544,species_2,t3,0.0
gene_544,species_3,t0,1.6952450877311809
gene_544,species_3,t1,1.10754893880827
gene_544,species_3,t2,0.0
gene_544,species_3,t3,1.238255031059896
gene_545,species_1,t0,0.7423406806428426
gene_545,species_1,t1,2.3944707624847403
gene_545,species_1,t2,0.0
gene_545,species_1,t3,0.0
gene_545,species_2,t0,0.07274729989149961
gene_545,species_2,t1,0.756045230781425
gene_545,species_2,t2,0.0
gene_545,species_2,t3,0.7977081425447964
gene_545,species_3,t0,1.084727085201818
gene_545,species_3,t1,0.448200063521911
gene_545,species_3,t2,2.620240099638924
gene_545,species_3,t3,0.19960289855915408
gene_546,species_1,t0,0.0
gene_546,species_1,t1,0.0
gene_546,species_1,t2,0.5528117276703516
gene_546,species_1,t3,0.059219882654683906
gene_546,species_2,t0,0.054776793483145465
gene_546,species_2,t1,0.0
gene_546,species_2,t2,0.2957673740330948
gene_546,species_2,t3,0.0963614643744955
gene_546,species_3,t0,0.048930602174589236
gene_546,species_3,t1,0.6782309078694346
gene_546,species_3,t2,0.3607817066831144
gene_546,species_3,t3,0.1723041079718212
gene_547,species_1,t0,1.5713401513995489
gene_547,species_1,t1,0.9394718821785965
gene_547,species_1,t2,4.865503672266419
gene_547,species_1,t3,1.450356209433368
gene_547,species_2,t0,0.0
gene_547,species_2,t1,3.009742001179474
gene_547,species_2,t2,2.834879133175241
gene_547,species_2,t3,0.0
gene_547,species_3,t0,0.32329622439787353
gene_547,species_3,t1,6.861415020038049
gene_547,species_3,t2,0.0
gene_547,species_3,t3,1.3672159617853783
gene_548,species_1,t0,0.0
gene_548,species_1,t1,0.0
gene_548,species_1,t2,0.0
gene_548,species_1,t3,0.0
gene_548,species_2,t0,0.0
gene_548,species_2,t1,0.0
gene_548,species_2,t2,2.120533268125789
gene_548,species_2,t3,0.0
gene_548,species_3,t0,1.6675984094529777
gene_548,species_3,t1,1.9354737974329135
gene_548,species_3,t2,2.7297535029049476
gene_548,species_3,t3,0.2738952545234977
gene_549,species_1,t0,1.026448415292705
gene_549,species_1,t1,0.0
gene_549,species_1,t2,0.0
gene_549,species_1,t3,0.30511993260871906
gene_549,species_2,t0,0.5862761886753001
gene_549,species_2,t1,0.40266506895488957
gene_549,species_2,t2,0.7146775092534241
gene_549,species_2,t3,0.0
gene_549,species_3,t0,0.5529224862902068
gene_549,species_3,t1,1.0085067639085652
gene_549,species_3,t2,2.1024716285248535
gene_549,species_3,t3,0.7813169551626892
gene_550,species_1,t0,1.196430665106404
gene_550,species_1,t1,0.0
gene_550,species_1,t2,1.428952223769894
gene_550,species_1,t3,0.01339512057799419
gene_550,species_2,t0,0.0
gene_550,species_2,t1,0.0
gene_550,species_2,t2,1.8591702496858173
gene_550,species_2,t3,1.5197488062908031
gene_550,species_3,t0,0.31633921870043963
gene_550,species_3,t1,0.0
gene_550,species_3,t2,1.4956827556195287
gene_550,species_3,t3,1.097308685754454
gene_551,species_1,t0,1.1236810319971384
gene_551,species_1,t1,0.0
gene_551,species_1,t2,1.8245952843914366
gene_551,species_1,t3,0.4835597435032893
gene_551,species_2,t0,0.0
gene_551,species_2,t1,0.9492670684653474
gene_551,species_2,t2,1.1331680260814188
gene_551,species_2,t3,0.6170906686470478
gene_551,species_3,t0,0.0
gene_551,species_3,t1,0.0
gene_551,species_3,t2,0.8315735154144483
gene_551,species_3,t3,0.4412917572311247
gene_552,species_1,t0,0.46097309782858764
gene_552,species_1,t1,0.0
gene_552,species_1,t2,0.0354070886240192
gene_552,species_1,t3,0.14740790098123394
gene_552,species_2,t0,0.0
gene_552,species_2,t1,0.8569333848916044
gene_552,species_2,t2,0.0
gene_552,species_2,t3,0.0
gene_552,species_3,t0,0.6276464135893686
gene_552,species_3,t1,1.1227560439005153
gene_552,species_3,t2,3.2660435902769875
gene_552,species_3,t3,0.9171013857636714
gene_553,species_1,t0,0.5061210455636607
gene_553,species_1,t1,0.0
gene_553,species_1,t2,2.052694155022104
gene_553,species_1,t3,0.8868707640820439
gene_553,species_2,t0,0.6574656456734519
gene_553,species_2,t1,0.0
gene_553,species_2,t2,2.8333762048080313
gene_553,species_2,t3,2.2061402697261676
gene_553,species_3,t0,0.0
gene_553,species_3,t1,1.4378827153864422
gene_553,species_3,t2,0.04456587096987277
gene_553,species_3,t3,0.9650834641222993
gene_554,species_1,t0,1.7095751442281413
gene_554,species_1,t1,3.149893954821147
gene_554,species_1,t2,3.178699964841998
gene_554,species_1,t3,0.0
gene_554,species_2,t0,0.2155829833038924
gene_554,species_2,t1,0.5346978348458606
gene_554,species_2,t2,0.06861283505561816
gene_554,species_2,t3,0.0
gene_554,species_3,t0,1.2369847358708694
gene_554,species_3,t1,0.0
gene_554,species_3,t2,1.9680998376142178
gene_554,species_3,t3,0.6360994052196116
gene_555,species_1,t0,4.642300040217452
gene_555,species_1,t1,7.86514238645035
gene_555,species_1,t2,8.85917889220679
gene_555,species_1,t3,2.2149198413571964
gene_555,species_2,t0,0.0
gene_555,species_2,t1,2.089901098125808
gene_555,species_2,t2,0.624942347587044
gene_555,species_2,t3,0.0
gene_555,species_3,t0,2.9718661702429507
gene_555,species_3,t1,8.278649897116972
gene_555,species_3,t2,3.1222220963557437
gene_555,species_3,t3,0.7534650352338521
gene_556,species_1,t0,2.0806498616072124
gene_556,species_1,t1,4.267517745835448
gene_556,species_1,t2,4.032028714278372
gene_556,species_1,t3,1.187540005688671
gene_556,species_2,t0,0.0
gene_556,species_2,t1,0.3032271500014946
gene_556,species_2,t2,1.8607940943732864
gene_556,species_2,t3,0.0
gene_556,species_3,t0,1.89303163062074
gene_556,species_3,t1,2.5783816737911427
gene_556,species_3,t2,0.0
gene_556,species_3,t3,0.5303493782128642
gene_557,species_1,t0,2.779052711520383
gene_557,species_1,t1,0.0
gene_557,species_1,t2,4.527793109456515
gene_557,species_1,t3,0.0
gene_557,species_2,t0,0.8311609815646979
gene_557,species_2,t1,0.29295943301856886
gene_557,species_2,t2,0.7036844676297652
gene_557,species_2,t3,0.25054916753833373
gene_557,species_3,t0,2.0396624042527005
gene_557,species_3,t1,0.0
gene_557,species_3,t2,0.0
gene_557,species_3,t3,1.2732567371409322
gene_558,species_1,t0,1.0669473091370152
gene_558,species_1,t1,1.3765785722872055
gene_558,species_1,t2,0.0
gene_558,species_1,t3,0.23991333191998282
gene_558,species_2,t0,0.2883185871716254
gene_558,species_2,t1,1.2603157965598457
gene_558,species_2,t2,1.8017594814404463
gene_558,species_2,t3,1.1852980763013878
gene_558,species_3,t0,0.0
gene_558,species_3,t1,0.0
gene_558,species_3,t2,0.7345521746316825
gene_558,species_3,t3,0.0
gene_559,species_1,t0,1.467250249263568
gene_559,species_1,t1,2.6239707914830035
gene_559,species_1,t2,0.0
gene_559,species_1,t3,0.9793388533293111
gene_559,species_2,t0,0.0
gene_559,species_2,t1,0.24704830279291973
gene_559,species_2,t2,0.7071228242220113
gene_559,species_2,t3,0.706457904224664
gene_559,species_3,t0,0.0
gene_559,species_3,t1,0.0
gene_559,species_3,t2,1.343679092948583
gene_559,species_3,t3,0.0
gene_560,species_1,t0,0.0
gene_560,species_1,t1,0.0
gene_560,species_1,t2,2.4390633361968708
gene_560,species_1,t3,0.39672461140319565
gene_560,species_2,t0,0.3511997234934916
gene_560,species_2,t1,0.2261906121323452
gene_560,species_2,t2,0.1696238884125075
gene_560,species_2,t3,0.0
gene_560,species_3,t0,1.220964491180492
gene_560,species_3,t1,1.4920284381490185
gene_560,species_3,t2,3.181152934545692
gene_560,species_3,t3,0.8291055172433403
gene_561,species_1,t0,2.342959874651227
gene_561,species_1,t1,4.23665039241336
gene_561,species_1,t2,3.4095846225627935
gene_561,species_1,t3,0.0
gene_561,species_2,t0,0.0
gene_561,species_2,t1,0.0
gene_561,species_2,t2,0.0
gene_561,species_2,t3,0.0
gene_561,species_3,t0,1.5499925385386013
gene_561,species_3,t1,0.0
gene_561,species_3,t2,3.5762669686638464
gene_561,species_3,t3,0.0
gene_562,species_1,t0,3.21402259660936
gene_562,species_1,t1,4.922398310088002
gene_562,species_1,t2,5.9168288147596675
gene_562,species_1,t3,0.0
gene_562,species_2,t0,0.0729020930288147
gene_562,species_2,t1,1.589469902537377
gene_562,species_2,t2,0.675710215091706
gene_562,species_2,t3,0.0
gene_562,species_3,t0,0.0
gene_562,species_3,t1,5.838660948306136
gene_562,species_3,t2,1.9308059599930834
gene_562,species_3,t3,0.6446898668143847
gene_563,species_1,t0,2.1881694727355856
gene_563,species_1,t1,3.9740221360996286
gene_563,species_1,t2,3.243925300279325
gene_563,species_1,t3,0.4700555390743626
gene_563,species_2,t0,0.8756724063952477
gene_563,species_2,t1,0.7992108009466552
gene_563,species_2,t2,0.879438763824876
gene_563,species_2,t3,0.0
gene_563,species_3,t0,1.3656955118977683
gene_563,species_3,t1,2.528253804380551
gene_563,species_3,t2,3.5064944142382273
gene_563,species_3,t3,0.0
gene_564,species_1,t0,0.34840619225025227
gene_564,species_1,t1,0.0
gene_564,species_1,t2,0.0
gene_564,species_1,t3,0.4062061591850635
gene_564,species_2,t0,0.6228726784777839
gene_564,species_2,t1,0.0
gene_564,species_2,t2,1.5727468753884137
gene_564,species_2,t3,0.0
gene_564,species_3,t0,0.10042965173492599
gene_564,species_3,t1,0.26280040301277824
gene_564,species_3,t2,0.0
gene_564,species_3,t3,0.0
gene_565,species_1,t0,5.95329413694316
gene_565,species_1,t1,10.900988944221606
gene_565,species_1,t2,9.870099615183848
gene_565,species_1,t3,0.0
gene_565,species_2,t0,0.0
gene_565,species_2,t1,1.5508853577988944
gene_565,species_2,t2,0.0
gene_565,species_2,t3,0.46052459308472565
gene_565,species_3,t0,0.0
gene_565,species_3,t1,0.0
gene_565,species_3,t2,8.521231112773984
gene_565,species_3,t3,2.5545685745232007
gene_566,species_1,t0,0.0
gene_566,species_1,t1,5.656203769221457
gene_566,species_1,t2,6.148013366064485
gene_566,species_1,t3,1.5183376987489576
gene_566,species_2,t0,0.3178958837294681
gene_566,species_2,t1,1.7006712063721878
gene_566,species_2,t2,0.0
gene_566,species_2,t3,0.5686181077401434
gene_566,species_3,t0,0.0
gene_566,species_3,t1,5.66040833048373
gene_566,species_3,t2,2.5223448404237745
gene_566,species_3,t3,1.023357965920742
gene_567,species_1,t0,0.37255352146797494
gene_567,species_1,t1,1.9595226434970818
gene_567,species_1,t2,0.0
gene_567,species_1,t3,0.08756927340696266
gene_567,species_2,t0,0.12271869271722106
gene_567,species_2,t1,0.0
gene_567,species_2,t2,2.373632204421327
gene_567,species_2,t3,0.940435275705959
gene_567,species_3,t0,1.143116035578795
gene_567,species_3,t1,0.0
gene_567,species_3,t2,0.0
gene_567,species_3,t3,0.6863067429944638
gene_568,species_1,t0,0.7516381235993054
gene_568,species_1,t1,0.0
gene_568,species_1,t2,0.0
gene_568,species_1,t3,0.656110073520946
gene_568,species_2,t0,0.31027368179134546
gene_568,species_2,t1,0.2934472570642234
gene_568,species_2,t2,0.39532367893871473
gene_568,species_2,t3,0.0
gene_568,species_3,t0,0.6169926701198752
gene_568,species_3,t1,1.653699437622027
gene_568,species_3,t2,0.0
gene_568,species_3,t3,0.105800865633223
gene_569,species_1,t0,0.0
gene_569,species_1,t1,3.1690129997168843
gene_569,species_1,t2,2.151805442249832
gene_569,species_1,t3,0.3896034501031052
gene_569,species_2,t0,0.5647276773572951
gene_569,species_2,t1,0.3371124410727322
gene_569,species_2,t2,0.0
gene_569,species_2,t3,0.7089523282725554
gene_569,species_3,t0,1.0817304834745065
gene_569,species_3,t1,0.0
gene_569,species_3,t2,0.0
gene_569,species_3,t3,0.0
gene_570,species_1,t0,0.0
gene_570,species_1,t1,4.8828656437116065
gene_570,species_1,t2,5.4628268493536964
gene_570,species_1,t3,1.0826480674220393
gene_570,species_2,t0,0.0
gene_570,species_2,t1,1.7046688698889343
gene_570,species_2,t2,0.0
gene_570,species_2,t3,0.7513775802019128
gene_570,species_3,t0,1.7775850837097402
gene_570,species_3,t1,5.0165567656655865
gene_570,species_3,t2,0.0
gene_570,species_3,t3,1.0331127572153476
gene_571,species_1,t0,0.0
gene_571,species_1,t1,0.10882870567588068
gene_571,species_1,t2,0.12642645282960296
gene_571,species_1,t3,0.0
gene_571,species_2,t0,0.12610277319717278
gene_571,species_2,t1,0.0
gene_571,species_2,t2,0.22991051750768537
gene_571,species_2,t3,0.2014585621779651
gene_571,species_3,t0,0.0
gene_571,species_3,t1,0.0
gene_571,species_3,t2,0.36552749617213415
gene_571,species_3,t3,0.2525843095834509
gene_572,species_1,t0,0.596801349190771
gene_572,species_1,t1,1.8865366250097466
gene_572,species_1,t2,1.0504273060574514
gene_572,species_1,t3,0.0
gene_572,species_2,t0,0.18504344639666181
gene_572,species_2,t1,0.7043400731296346
gene_572,species_2,t2,1.2897681189510586
gene_572,species_2,t3,0.2566282047204752
gene_572,species_3,t0,0.0
gene_572,species_3,t1,0.23837245095708373
gene_572,species_3,t2,2.566506005554116
gene_572,species_3,t3,0.0
gene_573,species_1,t0,2.0487952331210972
gene_573,species_1,t1,3.541888685190337
gene_573,species_1,t2,3.400234064142258
gene_573,species_1,t3,0.0
gene_573,species_2,t0,0.39662965516508164
gene_573,species_2,t1,0.9305148388796702
gene_573,species_2,t2,0.0
gene_573,species_2,t3,0.0
gene_573,species_3,t0,0.0
gene_573,species_3,t1,0.0
gene_573,species_3,t2,2.800203008616381
gene_573,species_3,t3,0.0
gene_574,species_1,t0,0.0
gene_574,species_1,t1,6.6744427065215195
gene_574,species_1,t2,0.0
gene_574,species_1,t3,0.8297722434893126
gene_574,species_2,t0,0.8910194116192743
gene_574,species_2,t1,0.0
gene_574,species_2,t2,0.0
gene_574,species_2,t3,0.0
gene_574,species_3,t0,2.5513826276778757
gene_574,species_3,t1,2.865321109150466
gene_574,species_3,t2,0.0
gene_574,species_3,t3,2.3498797443857797
gene_575,species_1,t0,0.0
gene_575,species_1,t1,1.7666843367114948
gene_575,species_1,t2,3.2253927550558736
gene_575,species_1,t3,1.3735108441402801
gene_575,species_2,t0,0.5840212466236429
gene_575,species_2,t1,0.5430567666061942
gene_575,species_2,t2,0.5980262092566595
gene_575,species_2,t3,0.0
gene_575,species_3,t0,0.9916691018160239
gene_575,species_3,t1,0.0
gene_575,species_3,t2,1.172667803422817
gene_575,species_3,t3,0.8441570523076248
gene_576,species_1,t0,0.9114473053148493
gene_576,species_1,t1,1.41315129821164
gene_576,species_1,t2,1.1777563744041066
gene_576,species_1,t3,0.026791847594082013
gene_576,species_2,t0,0.7400751030875476
gene_576,species_2,t1,1.2872120724693352
gene_576,species_2,t2,0.0
gene_576,species_2,t3,1.100343235459224
gene_576,species_3,t0,0.1276845740013729
gene_576,species_3,t1,1.5050295764292312
gene_576,species_3,t2,0.0
gene_576,species_3,t3,0.6266370446521904
gene_577,species_1,t0,0.0
gene_577,species_1,t1,0.0
gene_577,species_1,t2,0.1543016213345877
gene_577,species_1,t3,0.2770446180031881
gene_577,species_2,t0,0.0
gene_577,species_2,t1,0.0
gene_577,species_2,t2,1.6011226829796203
gene_577,species_2,t3,1.4930867372940688
gene_577,species_3,t0,0.0
gene_577,species_3,t1,0.46040341205598073
gene_577,species_3,t2,0.8432265793732929
gene_577,species_3,t3,0.0
gene_578,species_1,t0,1.4954034964878362
gene_578,species_1,t1,0.0
gene_578,species_1,t2,3.188494194780112
gene_578,species_1,t3,0.7847121760144627
gene_578,species_2,t0,0.40558124683289254
gene_578,species_2,t1,1.5046150022968927
gene_578,species_2,t2,1.3356091363478244
gene_578,species_2,t3,0.15178599034189558
gene_578,species_3,t0,0.6520919404454363
gene_578,species_3,t1,3.7270015211773244
gene_578,species_3,t2,1.2119129669106712
gene_578,species_3,t3,0.3438704272171472
gene_579,species_1,t0,2.1399440285659868
gene_579,species_1,t1,4.236097093983322
gene_579,species_1,t2,3.561555477397324
gene_579,species_1,t3,0.9036468838549698
gene_579,species_2,t0,0.0
gene_579,species_2,t1,0.4797623046083661
gene_579,species_2,t2,0.027623191826853265
gene_579,species_2,t3,0.0
gene_579,species_3,t0,1.5250139651968084
gene_579,species_3,t1,2.7605240783591345
gene_579,species_3,t2,3.310946309059572
gene_579,species_3,t3,0.9733353826263129
gene_580,species_1,t0,1.0738767237001634
gene_580,species_1,t1,2.476492800344876
gene_580,species_1,t2,1.3706380244941871
gene_580,species_1,t3,0.0
gene_580,species_2,t0,0.2384372282749445
gene_580,species_2,t1,0.8365208006170942
gene_580,species_2,t2,0.0
gene_580,species_2,t3,0.0
gene_580,species_3,t0,0.0
gene_580,species_3,t1,0.0
gene_580,species_3,t2,3.2635043615559347
gene_580,species_3,t3,0.0
gene_581,species_1,t0,0.0
gene_581,species_1,t1,5.095030586337262
gene_581,species_1,t2,3.7124638512329735
gene_581,species_1,t3,0.0
gene_581,species_2,t0,0.23533141248047384
gene_581,species_2,t1,0.7048288715157035
gene_581,species_2,t2,2.4237180609388123
gene_581,species_2,t3,0.8734304495485071
gene_581,species_3,t0,2.1998068314175563
gene_581,species_3,t1,1.5396691868757757
gene_581,species_3,t2,5.062612444636701
gene_581,species_3,t3,1.2114148627627128
gene_582,species_1,t0,1.6004027819192956
gene_582,species_1,t1,2.8341841880118332
gene_582,species_1,t2,2.677211257367741
gene_582,species_1,t3,0.0
gene_582,species_2,t0,0.0
gene_582,species_2,t1,0.0
gene_582,species_2,t2,1.2695121490634589
gene_582,species_2,t3,0.0
gene_582,species_3,t0,0.0
gene_582,species_3,t1,1.8920572176511699
gene_582,species_3,t2,0.0
gene_582,species_3,t3,0.0
gene_583,species_1,t0,1.1234313331683796
gene_583,species_1,t1,0.0
gene_583,species_1,t2,0.9969811956388177
gene_583,species_1,t3,0.0
gene_583,species_2,t0,0.0
gene_583,species_2,t1,0.0
gene_583,species_2,t2,1.3532681930917028
gene_583,species_2,t3,0.0
gene_583,species_3,t0,0.9753295742845839
gene_583,species_3,t1,0.22493368673646058
gene_583,species_3,t2,0.0
gene_583,species_3,t3,1.0048296909685845
gene_584,species_1,t0,0.08362868887820682
gene_584,species_1,t1,0.0
gene_584,species_1,t2,0.45501824601325697
gene_584,species_1,t3,0.20916862418229556
gene_584,species_2,t0,0.0
gene_584,species_2,t1,0.0
gene_584,species_2,t2,0.0
gene_584,species_2,t3,0.18519804304215487
gene_584,species_3,t0,0.05390384083534863
gene_584,species_3,t1,0.0
gene_584,species_3,t2,0.6146687451510492
gene_584,species_3,t3,0.10299749001153533
gene_585,species_1,t0,1.3913326219445497
gene_585,species_1,t1,2.572521473115628
gene_585,species_1,t2,3.5685161895678954
gene_585,species_1,t3,1.4525771647588053
gene_585,species_2,t0,0.0
gene_585,species_2,t1,0.11608952351081603
gene_585,species_2,t2,1.440570225631412
gene_585,species_2,t3,1.3667799026877159
gene_585,species_3,t0,1.370133668946189
gene_585,species_3,t1,3.160772271417226
gene_585,species_3,t2,0.0
gene_585,species_3,t3,0.37361865686300744
gene_586,species_1,t0,1.93650209494547
gene_586,species_1,t1,3.21468145835659
gene_586,species_1,t2,3.52000270639279
gene_586,species_1,t3,0.9155488566451628
gene_586,species_2,t0,0.05665442822064978
gene_586,species_2,t1,0.9821949521662371
gene_586,species_2,t2,0.13278735687688079
gene_586,species_2,t3,0.0
gene_586,species_3,t0,0.0
gene_586,species_3,t1,2.876542991668752
gene_586,species_3,t2,1.4709619615629244
gene_586,species_3,t3,0.5578358790106404
gene_587,species_1,t0,1.183982071730177
gene_587,species_1,t1,2.3665040385123675
gene_587,species_1,t2,2.0469521336181336
gene_587,species_1,t3,0.599903013433487
gene_587,species_2,t0,0.0
gene_587,species_2,t1,0.0
gene_587,species_2,t2,0.0
gene_587,species_2,t3,0.28052100592362783
gene_587,species_3,t0,0.0
gene_587,species_3,t1,1.623383075816042
gene_587,species_3,t2,0.0
gene_587,species_3,t3,0.1888431011790656
gene_588,species_1,t0,0.0
gene_588,species_1,t1,1.8254457214574948
gene_588,species_1,t2,0.7468675597850302
gene_588,species_1,t3,0.17879531259548886
gene_588,species_2,t0,0.0
gene_588,species_2,t1,1.140841490574775
gene_588,species_2,t2,1.918706793085517
gene_588,species_2,t3,0.5662293852880732
gene_588,species_3,t0,0.0
gene_588,species_3,t1,0.0
gene_588,species_3,t2,2.69236578066929
gene_588,species_3,t3,0.0
gene_589,species_1,t0,1.0909330383785543
gene_589,species_1,t1,1.519924233871467
gene_589,species_1,t2,2.346927113413805
gene_589,species_1,t3,0.0
gene_589,species_2,t0,0.19396480545386524
gene_589,species_2,t1,0.930932341010472
gene_589,species_2,t2,0.0
gene_589,species_2,t3,0.0
gene_589,species_3,t0,0.0
gene_589,species_3,t1,2.4553660393750003
gene_589,species_3,t2,0.31114181850144385
gene_589,species_3,t3,0.0
gene_590,species_1,t0,0.4536813863557631
gene_590,species_1,t1,0.0
gene_590,species_1,t2,0.8490762978785711
gene_590,species_1,t3,0.5744800048014489
gene_590,species_2,t0,0.26117666799917527
gene_590,species_2,t1,0.7842241102804658
gene_590,species_2,t2,0.0
gene_590,species_2,t3,1.5340064080924563
gene_590,species_3,t0,0.8962141479314999
gene_590,species_3,t1,0.6163839282901417
gene_590,species_3,t2,0.2521432613950395
gene_590,species_3,t3,0.4269412858528469
gene_591,species_1,t0,0.0
gene_591,species_1,t1,0.5009818884336159
gene_591,species_1,t2,0.6088270139380125
gene_591,species_1,t3,0.09395542810310849
gene_591,species_2,t0,0.11312414141698048
gene_591,species_2,t1,1.6135899972056857
gene_591,species_2,t2,2.620839647576582
gene_591,species_2,t3,1.4336371956990777
gene_591,species_3,t0,0.0
gene_591,species_3,t1,1.6208255823144875
gene_591,species_3,t2,1.5992682032059102
gene_591,species_3,t3,0.1357136629717357
gene_592,species_1,t0,0.16370322493478445
gene_592,species_1,t1,0.5368379837801234
gene_592,species_1,t2,0.09601928988537695
gene_592,species_1,t3,0.20182358608012457
gene_592,species_2,t0,0.0
gene_592,species_2,t1,1.3292764130888923
gene_592,species_2,t2,2.1984733603588116
gene_592,species_2,t3,1.224192806305708
gene_592,species_3,t0,0.0
gene_592,species_3,t1,1.2347908654891917
gene_592,species_3,t2,1.54121022190452
gene_592,species_3,t3,0.0
gene_593,species_1,t0,0.41838806034476334
gene_593,species_1,t1,0.31120100885759094
gene_593,species_1,t2,0.6281643399783009
gene_593,species_1,t3,0.19804555209579336
gene_593,species_2,t0,0.147315926875447
gene_593,species_2,t1,0.3012405291118545
gene_593,species_2,t2,0.43761312250933454
gene_593,species_2,t3,0.3682218931433838
gene_593,species_3,t0,0.13196057790602814
gene_593,species_3,t1,0.8046514343902935
gene_593,species_3,t2,0.0
gene_593,species_3,t3,0.0
gene_594,species_1,t0,3.9772252375105026
gene_594,species_1,t1,8.344208782957109
gene_594,species_1,t2,0.0
gene_594,species_1,t3,0.0
gene_594,species_2,t0,0.0
gene_594,species_2,t1,0.6477538731579215
gene_594,species_2,t2,3.367976280197099
gene_594,species_2,t3,0.0
gene_594,species_3,t0,0.0
gene_594,species_3,t1,4.262074050569412
gene_594,species_3,t2,7.456711726157267
gene_594,species_3,t3,1.576568773329699
gene_595,species_1,t0,2.1435774166626436
gene_595,species_1,t1,2.7787561563649716
gene_595,species_1,t2,0.0
gene_595,species_1,t3,0.8516155794714685
gene_595,species_2,t0,0.0
gene_595,species_2,t1,0.0
gene_595,species_2,t2,2.2649415981744907
gene_595,species_2,t3,0.9110295727719753
gene_595,species_3,t0,0.0
gene_595,species_3,t1,4.224860715835595
gene_595,species_3,t2,0.0
gene_595,species_3,t3,0.5933299867274673
gene_596,species_1,t0,0.0
gene_596,species_1,t1,1.0252897663593996
gene_596,species_1,t2,1.4321794539736155
gene_596,species_1,t3,0.0
gene_596,species_2,t0,0.0920820435413062
gene_596,species_2,t1,0.0
gene_596,species_2,t2,0.6978029744032646
gene_596,species_2,t3,0.0
gene_596,species_3,t0,0.25897069424933516
gene_596,species_3,t1,1.4336234049669465
gene_596,species_3,t2,0.0
gene_596,species_3,t3,0.08065996960291698
gene_597,species_1,t0,0.0
gene_597,species_1,t1,2.3107062282077417
gene_597,species_1,t2,1.075843490000681
gene_597,species_1,t3,0.4778200922946405
gene_597,species_2,t0,0.0
gene_597,species_2,t1,0.5133033872066659
gene_597,species_2,t2,0.0
gene_597,species_2,t3,0.4298735713397434
gene_597,species_3,t0,0.0
gene_597,species_3,t1,0.012047231609096765
gene_597,species_3,t2,3.0915843659831186
gene_597,species_3,t3,0.6565720529258985
gene_598,species_1,t0,0.28010375994784187
gene_598,species_1,t1,1.26741506355274
gene_598,species_1,t2,0.5469411776152271
gene_598,species_1,t3,0.09649206818489461
gene_598,species_2,t0,0.27714841869052914
gene_598,species_2,t1,0.0
gene_598,species_2,t2,0.623594672608948
gene_598,species_2,t3,0.11274730283101207
gene_598,species_3,t0,0.5755670073769105
gene_598,species_3,t1,0.32823349173524546
gene_598,species_3,t2,0.0
gene_598,species_3,t3,0.0
gene_599,species_1,t0,0.4894147708025422
gene_599,species_1,t1,1.897160862207957
gene_599,species_1,t2,0.3179324534359279
gene_599,species_1,t3,0.014038874017370029
gene_599,species_2,t0,0.4085461792428171
gene_599,species_2,t1,0.0
gene_599,species_2,t2,1.551852370554692
gene_599,species_2,t3,0.0
gene_599,species_3,t0,0.0
gene_599,species_3,t1,0.5761419612709564
gene_599,species_3,t2,0.0
gene_599,species_3,t3,0.6336608074863611
gene_600,species_1,t0,0.0
gene_600,species_1,t1,1.990301522256589
gene_600,species_1,t2,1.5147780827450068
gene_600,species_1,t3,0.1588358372473783
gene_600,species_2,t0,0.44256316941303486
gene_600,species_2,t1,0.7081418990197466
gene_600,species_2,t2,0.0
gene_600,species_2,t3,0.5848615545998586
gene_600,species_3,t0,0.0
gene_600,species_3,t1,0.0
gene_600,species_3,t2,1.7186965317390002
gene_600,species_3,t3,0.9447674907210882
gene_601,species_1,t0,0.18060527460685288
gene_601,species_1,t1,0.3264611233936876
gene_601,species_1,t2,1.0593916951743123
gene_601,species_1,t3,0.0
gene_601,species_2,t0,0.12877190910629316
gene_601,species_2,t1,0.0
gene_601,species_2,t2,0.0
gene_601,species_2,t3,0.4350543178797878
gene_601,species_3,t0,0.39353752880099374
gene_601,species_3,t1,0.9038171172206058
gene_601,species_3,t2,0.41048507736127376
gene_601,species_3,t3,0.3105257109243972
gene_602,species_1,t0,3.5205530608796627
gene_602,species_1,t1,6.645453500329845
gene_602,species_1,t2,5.740457692560476
gene_602,species_1,t3,0.0
gene_602,species_2,t0,0.8056642092164354
gene_602,species_2,t1,1.0549130779151317
gene_602,species_2,t2,0.0
gene_602,species_2,t3,0.5170779534842184
gene_602,species_3,t0,2.367548065600932
gene_602,species_3,t1,0.0
gene_602,species_3,t2,0.0
gene_602,species_3,t3,1.7077513056577986
gene_603,species_1,t0,1.3563901695715963
gene_603,species_1,t1,1.5170973051573375
gene_603,species_1,t2,1.5554016623038949
gene_603,species_1,t3,0.0
gene_603,species_2,t0,0.34088455057647926
gene_603,species_2,t1,0.9154391862585571
gene_603,species_2,t2,1.114875877833458
gene_603,species_2,t3,0.0
gene_603,species_3,t0,0.49013503535379777
gene_603,species_3,t1,2.069428009799273
gene_603,species_3,t2,0.0
gene_603,species_3,t3,0.3904728539351351
gene_604,species_1,t0,0.21316121202492538
gene_604,species_1,t1,0.04122179785831656
gene_604,species_1,t2,1.3830693411683472
gene_604,species_1,t3,0.3846189658787808
gene_604,species_2,t0,0.0
gene_604,species_2,t1,0.9003941067356876
gene_604,species_2,t2,0.42835702807400805
gene_604,species_2,t3,0.38221072161499914
gene_604,species_3,t0,0.0
gene_604,species_3,t1,1.9921612372167403
gene_604,species_3,t2,2.0642800537984862
gene_604,species_3,t3,0.7631099479910222
gene_605,species_1,t0,0.064086444005771
gene_605,species_1,t1,0.0
gene_605,species_1,t2,0.0
gene_605,species_1,t3,0.23343881975172395
gene_605,species_2,t0,0.24887790045715844
gene_605,species_2,t1,1.114109002576816
gene_605,species_2,t2,1.8105431727914119
gene_605,species_2,t3,0.0
gene_605,species_3,t0,0.0
gene_605,species_3,t1,0.6849368501186852
gene_605,species_3,t2,0.0
gene_605,species_3,t3,0.07058885505574625
gene_606,species_1,t0,0.5209033540194586
gene_606,species_1,t1,0.0
gene_606,species_1,t2,0.0
gene_606,species_1,t3,0.23025882591180893
gene_606,species_2,t0,0.11585478928090548
gene_606,species_2,t1,1.7550434930971341
gene_606,species_2,t2,2.380527834930851
gene_606,species_2,t3,0.8660769822073466
gene_606,species_3,t0,0.24490399662109222
gene_606,species_3,t1,2.088643106848724
gene_606,species_3,t2,0.0
gene_606,species_3,t3,0.1907179650730519
gene_607,species_1,t0,0.5848248587247498
gene_607,species_1,t1,0.0
gene_607,species_1,t2,0.7873893174497405
gene_607,species_1,t3,0.18254407186931715
gene_607,species_2,t0,0.19188574341928924
gene_607,species_2,t1,0.29568588744456115
gene_607,species_2,t2,0.0
gene_607,species_2,t3,0.0833580900035548
gene_607,species_3,t0,0.0
gene_607,species_3,t1,0.3148286720420332
gene_607,species_3,t2,1.4725578633374046
gene_607,species_3,t3,0.0
gene_608,species_1,t0,0.0
gene_608,species_1,t1,0.0
gene_608,species_1,t2,0.0
gene_608,species_1,t3,0.5226888749842658
gene_608,species_2,t0,0.10243800314559184
gene_608,species_2,t1,0.0
gene_608,species_2,t2,0.0
gene_608,species_2,t3,0.08521820242443728
gene_608,species_3,t0,0.4919447571322045
gene_608,species_3,t1,0.0
gene_608,species_3,t2,0.0
gene_608,species_3,t3,0.07809027750837938
gene_609,species_1,t0,0.0
gene_609,species_1,t1,2.013319557501216
gene_609,species_1,t2,0.09791133633775961
gene_609,species_1,t3,0.1235478302469726
gene_609,species_2,t0,0.0
gene_609,species_2,t1,1.5071642009495714
gene_609,species_2,t2,0.0
gene_609,species_2,t3,0.6178375004996494
gene_609,species_3,t0,0.9310863367597078
gene_609,species_3,t1,0.0
gene_609,species_3,t2,3.8976610088985026
gene_609,species_3,t3,0.0
gene_610,species_1,t0,0.0
gene_610,species_1,t1,0.0
gene_610,species_1,t2,0.0
gene_610,species_1,t3,0.8890066369852515
gene_610,species_2,t0,0.4206323409808601
gene_610,species_2,t1,0.7531854484957462
gene_610,species_2,t2,2.0039957205018886
gene_610,species_2,t3,0.35187854290666165
gene_610,species_3,t0,2.075261672301152
gene_610,species_3,t1,1.3577648615930809
gene_610,species_3,t2,5.146525388057975
gene_610,species_3,t3,0.0
gene_611,species_1,t0,0.24507250940005146
gene_611,species_1,t1,0.2772166090220256
gene_611,species_1,t2,0.6094127278127297
gene_611,species_1,t3,0.18168559552427638
gene_611,species_2,t0,0.0
gene_611,species_2,t1,0.8414014159270443
gene_611,species_2,t2,1.1775825237067634
gene_611,species_2,t3,0.6400676849867991
gene_611,species_3,t0,0.0
gene_611,species_3,t1,1.1519884763621053
gene_611,species_3,t2,1.010483092077948
gene_611,species_3,t3,0.0
gene_612,species_1,t0,0.0
gene_612,species_1,t1,0.0
gene_612,species_1,t2,0.0
gene_612,species_1,t3,1.337291468692095
gene_612,species_2,t0,0.5917887424193702
gene_612,species_2,t1,0.0
gene_612,species_2,t2,0.0
gene_612,species_2,t3,0.0
gene_612,species_3,t0,2.051645262959631
gene_612,species_3,t1,4.3267401330282045
gene_612,species_3,t2,3.6872507850927687
gene_612,species_3,t3,1.137102458961199
gene_613,species_1,t0,0.0
gene_613,species_1,t1,0.0
gene_613,species_1,t2,3.2553898916762987
gene_613,species_1,t3,0.7022653806230941
gene_613,species_2,t0,0.0
gene_613,species_2,t1,2.2306080920145233
gene_613,species_2,t2,2.42417837543516
gene_613,species_2,t3,0.8543113751394537
gene_613,species_3,t0,0.47140261436626235
gene_613,species_3,t1,3.91442801817003
gene_613,species_3,t2,0.0
gene_613,species_3,t3,0.3865731542394721
gene_614,species_1,t0,1.17680498752741
gene_614,species_1,t1,2.597722710398297
gene_614,species_1,t2,0.0
gene_614,species_1,t3,0.6413484212154115
gene_614,species_2,t0,0.0
gene_614,species_2,t1,0.16367682987908552
gene_614,species_2,t2,0.4675700688005082
gene_614,species_2,t3,0.18132878093184587
gene_614,species_3,t0,1.1462286779074928
gene_614,species_3,t1,1.513787635623469
gene_614,species_3,t2,2.3735768655812604
gene_614,species_3,t3,0.5123707522606846
gene_615,species_1,t0,0.0
gene_615,species_1,t1,5.320190460351689
gene_615,species_1,t2,0.0
gene_615,species_1,t3,0.3343999341673319
gene_615,species_2,t0,0.8976516130817388
gene_615,species_2,t1,0.39678909097742676
gene_615,species_2,t2,1.4375625439728335
gene_615,species_2,t3,0.4508363735837633
gene_615,species_3,t0,0.0
gene_615,species_3,t1,1.0965504746571813
gene_615,species_3,t2,6.2285985910697805
gene_615,species_3,t3,0.0
gene_616,species_1,t0,0.8672234108910336
gene_616,species_1,t1,2.4651121534336635
gene_616,species_1,t2,0.7772905454307324
gene_616,species_1,t3,0.3087614261600749
gene_616,species_2,t0,0.0
gene_616,species_2,t1,0.0
gene_616,species_2,t2,0.0
gene_616,species_2,t3,0.0
gene_616,species_3,t0,1.0502015583047946
gene_616,species_3,t1,0.3887855041575391
gene_616,species_3,t2,3.4963376041076213
gene_616,species_3,t3,0.722998647518307
gene_617,species_1,t0,0.4360099230571107
gene_617,species_1,t1,0.0
gene_617,species_1,t2,0.9733055257294293
gene_617,species_1,t3,0.3484202951496099
gene_617,species_2,t0,0.12584533453734134
gene_617,species_2,t1,0.8797570067558131
gene_617,species_2,t2,1.916065782514322
gene_617,species_2,t3,1.0078543504830235
gene_617,species_3,t0,0.9585480643586983
gene_617,species_3,t1,0.04631730677160578
gene_617,species_3,t2,0.0
gene_617,species_3,t3,0.329642232358104
gene_618,species_1,t0,0.6543523391935205
gene_618,species_1,t1,0.6175389258312421
gene_618,species_1,t2,1.8713255272013856
gene_618,species_1,t3,0.7242977520543312
gene_618,species_2,t0,0.4387156403788155
gene_618,species_2,t1,0.4773737526929175
gene_618,species_2,t2,0.08320338537740772
gene_618,species_2,t3,0.0
gene_618,species_3,t0,0.39748154959901455
gene_618,species_3,t1,2.1000299646419416
gene_618,species_3,t2,0.8908118247390939
gene_618,species_3,t3,0.3996073730419725
gene_619,species_1,t0,0.0
gene_619,species_1,t1,1.1667461256824951
gene_619,species_1,t2,0.0
gene_619,species_1,t3,0.32150217380059753
gene_619,species_2,t0,0.0
gene_619,species_2,t1,0.6118297963092945
gene_619,species_2,t2,0.9904030738930854
gene_619,species_2,t3,0.6038384101672377
gene_619,species_3,t0,0.8294110193306208
gene_619,species_3,t1,0.0
gene_619,species_3,t2,1.5738100524916125
gene_619,species_3,t3,0.10146309819625601
gene_620,species_1,t0,2.039513088366639
gene_620,species_1,t1,0.0
gene_620,species_1,t2,0.0
gene_620,species_1,t3,1.3753387673683592
gene_620,species_2,t0,0.40974408247933813
gene_620,species_2,t1,0.40726606523558223
gene_620,species_2,t2,1.0713039271469302
gene_620,species_2,t3,1.0476507467018228
gene_620,species_3,t0,1.8638090647514722
gene_620,species_3,t1,4.117106027968507
gene_620,species_3,t2,0.9065156653747156
gene_620,species_3,t3,0.106774299430177
gene_621,species_1,t0,0.4974357271298912
gene_621,species_1,t1,0.0
gene_621,species_1,t2,0.0
gene_621,species_1,t3,0.05069680824809257
gene_621,species_2,t0,0.24986019641908724
gene_621,species_2,t1,1.185466155769439
gene_621,species_2,t2,1.7381216439954192
gene_621,species_2,t3,1.0335072596371135
gene_621,species_3,t0,0.0
gene_621,species_3,t1,1.0158778098546428
gene_621,species_3,t2,0.5872249537567037
gene_621,species_3,t3,0.1929560209280397
gene_622,species_1,t0,2.861420404720359
gene_622,species_1,t1,6.486703864664547
gene_622,species_1,t2,0.0
gene_622,species_1,t3,0.0
gene_622,species_2,t0,0.0
gene_622,species_2,t1,1.0503477362870894
gene_622,species_2,t2,2.8175513164090265
gene_622,species_2,t3,0.9131123342958609
gene_622,species_3,t0,0.0
gene_622,species_3,t1,0.0
gene_622,species_3,t2,0.0
gene_622,species_3,t3,1.4466951555344814
gene_623,species_1,t0,0.24894396174396208
gene_623,species_1,t1,0.0
gene_623,species_1,t2,0.0
gene_623,species_1,t3,0.30810710984563705
gene_623,species_2,t0,0.2569479172160971
gene_623,species_2,t1,1.3660017022385407
gene_623,species_2,t2,0.0
gene_623,species_2,t3,0.0
gene_623,species_3,t0,0.7529021008528505
gene_623,species_3,t1,0.8096412498939032
gene_623,species_3,t2,2.1640247363284795
gene_623,species_3,t3,0.0
gene_624,species_1,t0,0.5039527259238247
gene_624,species_1,t1,0.3786735138659969
gene_624,species_1,t2,0.0
gene_624,species_1,t3,0.4341121261151726
gene_624,species_2,t0,0.0
gene_624,species_2,t1,0.9659804209249194
gene_624,species_2,t2,1.0440579317118397
gene_624,species_2,t3,0.3364497522554365
gene_624,species_3,t0,0.12170655758062492
gene_624,species_3,t1,1.744318856964476
gene_624,species_3,t2,0.0
gene_624,species_3,t3,0.09925808621725074
gene_625,species_1,t0,0.0
gene_625,species_1,t1,2.690090676775137
gene_625,species_1,t2,2.1387587997652204
gene_625,species_1,t3,0.3349427793225172
gene_625,species_2,t0,0.0
gene_625,species_2,t1,0.41121089121688126
gene_625,species_2,t2,0.0
gene_625,species_2,t3,0.0
gene_625,species_3,t0,1.0637490369329572
gene_625,species_3,t1,1.488752174148648
gene_625,species_3,t2,0.0
gene_625,species_3,t3,0.7405252152848398
gene_626,species_1,t0,1.8109022752669708
gene_626,species_1,t1,3.3275123908126742
gene_626,species_1,t2,3.560710369643132
gene_626,species_1,t3,0.0
gene_626,species_2,t0,0.0
gene_626,species_2,t1,0.0
gene_626,species_2,t2,0.899630277338463
gene_626,species_2,t3,0.5259100253250497
gene_626,species_3,t0,0.0
gene_626,species_3,t1,2.919368378987093
gene_626,species_3,t2,1.7574231843810184
gene_626,species_3,t3,0.2865674695030396
gene_627,species_1,t0,2.465477460376254
gene_627,species_1,t1,4.709210512864612
gene_627,species_1,t2,0.0
gene_627,species_1,t3,1.3721022479878138
gene_627,species_2,t0,0.05640859838915181
gene_627,species_2,t1,0.32327366159237986
gene_627,species_2,t2,0.0
gene_627,species_2,t3,0.9947620821181936
gene_627,species_3,t0,0.0
gene_627,species_3,t1,3.0756481833014733
gene_627,species_3,t2,3.573421762111485
gene_627,species_3,t3,0.0
gene_628,species_1,t0,1.6542597217187622
gene_628,species_1,t1,0.0
gene_628,species_1,t2,0.0
gene_628,species_1,t3,0.0
gene_628,species_2,t0,0.23127725287522963
gene_628,species_2,t1,0.0
gene_628,species_2,t2,0.0
gene_628,species_2,t3,0.911038387119089
gene_628,species_3,t0,0.8674873925284073
gene_628,species_3,t1,2.1891869934269583
gene_628,species_3,t2,0.0
gene_628,species_3,t3,0.0
gene_629,species_1,t0,3.552223851386709
gene_629,species_1,t1,6.348723028040559
gene_629,species_1,t2,0.0
gene_629,species_1,t3,0.0
gene_629,species_2,t0,0.15511383598248563
gene_629,species_2,t1,0.17363141139956387
gene_629,species_2,t2,1.6695869593384531
gene_629,species_2,t3,0.9116136648386682
gene_629,species_3,t0,2.5675246939433314
gene_629,species_3,t1,0.0
gene_629,species_3,t2,4.4581302573126935
gene_629,species_3,t3,0.0
gene_630,species_1,t0,0.0
gene_630,species_1,t1,0.0
gene_630,species_1,t2,2.9042324037425336
gene_630,species_1,t3,0.7471632511605318
gene_630,species_2,t0,0.3508243232948101
gene_630,species_2,t1,0.3352851727900681
gene_630,species_2,t2,0.26991755578419924
gene_630,species_2,t3,0.13102889401818568
gene_630,species_3,t0,0.0
gene_630,species_3,t1,0.0
gene_630,species_3,t2,2.224639274834179
gene_630,species_3,t3,0.0
gene_631,species_1,t0,0.3126129776640152
gene_631,species_1,t1,0.006689431668161258
gene_631,species_1,t2,1.81327041733865
gene_631,species_1,t3,0.7129761531763704
gene_631,species_2,t0,0.7613642158504564
gene_631,species_2,t1,0.47719446144505717
gene_631,species_2,t2,0.2079043518944081
gene_631,species_2,t3,0.0
gene_631,species_3,t0,0.0
gene_631,species_3,t1,2.1124625643264
gene_631,species_3,t2,2.1946027350355974
gene_631,species_3,t3,1.1156807640274118
gene_632,species_1,t0,0.9734329734691467
gene_632,species_1,t1,1.7043924316233219
gene_632,species_1,t2,2.2703191026643204
gene_632,species_1,t3,0.522238225114455
gene_632,species_2,t0,0.0
gene_632,species_2,t1,0.7628647126140937
gene_632,species_2,t2,0.46410377192867647
gene_632,species_2,t3,0.11370382535682823
gene_632,species_3,t0,0.0
gene_632,species_3,t1,0.0
gene_632,species_3,t2,0.16905965319980143
gene_632,species_3,t3,0.15571395435238314
gene_633,species_1,t0,1.7129751682206564
gene_633,species_1,t1,2.585291347139467
gene_633,species_1,t2,0.0
gene_633,species_1,t3,0.6146053958217915
gene_633,species_2,t0,0.370333272332995
gene_633,species_2,t1,0.9042229016366549
gene_633,species_2,t2,0.0
gene_633,species_2,t3,0.6732955706374939
gene_633,species_3,t0,0.7939548850823822
gene_633,species_3,t1,0.0
gene_633,species_3,t2,1.901135789006621
gene_633,species_3,t3,0.0
gene_634,species_1,t0,0.0
gene_634,species_1,t1,0.0
gene_634,species_1,t2,0.38273974664294413
gene_634,species_1,t3,0.3722139101307319
gene_634,species_2,t0,0.14903876104696354
gene_634,species_2,t1,0.500999143159857
gene_634,species_2,t2,0.5602185803543327
gene_634,species_2,t3,0.16306478553806264
gene_634,species_3,t0,0.15394362038058212
gene_634,species_3,t1,1.1524111646687882
gene_634,species_3,t2,1.220979715827703
gene_634,species_3,t3,0.08942897874504546
gene_635,species_1,t0,0.0
gene_635,species_1,t1,0.0
gene_635,species_1,t2,0.0
gene_635,species_1,t3,1.0643337620316407
gene_635,species_2,t0,0.0
gene_635,species_2,t1,0.0
gene_635,species_2,t2,0.0
gene_635,species_2,t3,1.0926349229152192
gene_635,species_3,t0,1.8390587067372977
gene_635,species_3,t1,2.679359918373264
gene_635,species_3,t2,2.0706284831612827
gene_635,species_3,t3,0.06845258382401848
gene_636,species_1,t0,1.863582150529967
gene_636,species_1,t1,0.0
gene_636,species_1,t2,3.6217673914427144
gene_636,species_1,t3,0.0
gene_636,species_2,t0,0.0
gene_636,species_2,t1,0.10882662174606261
gene_636,species_2,t2,1.3411372036622993
gene_636,species_2,t3,0.9665838992429365
gene_636,species_3,t0,0.0
gene_636,species_3,t1,2.589243133785082
gene_636,species_3,t2,2.3627701722167607
gene_636,species_3,t3,0.0
gene_637,species_1,t0,0.0
gene_637,species_1,t1,1.4510025080632327
gene_637,species_1,t2,1.3218808395344912
gene_637,species_1,t3,0.0
gene_637,species_2,t0,0.15861911679061222
gene_637,species_2,t1,0.5569159982458166
gene_637,species_2,t2,0.0
gene_637,species_2,t3,0.4123963533764519
gene_637,species_3,t0,0.27743552480749467
gene_637,species_3,t1,0.0
gene_637,species_3,t2,0.0
gene_637,species_3,t3,0.4033027722347057
gene_638,species_1,t0,0.0
gene_638,species_1,t1,0.0
gene_638,species_1,t2,0.5423725139156784
gene_638,species_1,t3,0.4367269201464826
gene_638,species_2,t0,0.04992602180531286
gene_638,species_2,t1,0.0
gene_638,species_2,t2,1.2587118994853532
gene_638,species_2,t3,0.9107879072967006
gene_638,species_3,t0,0.5583489190934936
gene_638,species_3,t1,0.18681940165266825
gene_638,species_3,t2,0.6033537414709809
gene_638,species_3,t3,0.19346950981023397
gene_639,species_1,t0,0.06391780188204828
gene_639,species_1,t1,0.0
gene_639,species_1,t2,0.591018004147697
gene_639,species_1,t3,0.0
gene_639,species_2,t0,0.42661144695745845
gene_639,species_2,t1,1.493297650161142
gene_639,species_2,t2,0.0
gene_639,species_2,t3,1.8374497437866313
gene_639,species_3,t0,0.9653832602804917
gene_639,species_3,t1,0.21171572896945545
gene_639,species_3,t2,0.0
gene_639,species_3,t3,0.0
gene_640,species_1,t0,0.0
gene_640,species_1,t1,1.8294447799410967
gene_640,species_1,t2,0.0
gene_640,species_1,t3,0.0
gene_640,species_2,t0,0.5132072078864388
gene_640,species_2,t1,0.0
gene_640,species_2,t2,4.342150023955159
gene_640,species_2,t3,2.3321041430101856
gene_640,species_3,t0,0.02359515158350199
gene_640,species_3,t1,4.17127476445369
gene_640,species_3,t2,0.3475261565490484
gene_640,species_3,t3,0.7013911969068494
gene_641,species_1,t0,0.0587890539347623
gene_641,species_1,t1,0.83171541846804
gene_641,species_1,t2,0.0
gene_641,species_1,t3,0.17222398211706458
gene_641,species_2,t0,0.5145529726782524
gene_641,species_2,t1,0.0
gene_641,species_2,t2,0.4311397437042136
gene_641,species_2,t3,0.8682684497541231
gene_641,species_3,t0,0.0
gene_641,species_3,t1,0.3854489602194737
gene_641,species_3,t2,1.6380092335631797
gene_641,species_3,t3,0.8791259227828438
gene_642,species_1,t0,0.22592708171791037
gene_642,species_1,t1,0.20424471459357751
gene_642,species_1,t2,1.554265933740213
gene_642,species_1,t3,0.7815145548030396
gene_642,species_2,t0,0.6074572214738432
gene_642,species_2,t1,0.6013689975876287
gene_642,species_2,t2,0.0
gene_642,species_2,t3,0.5921492456534261
gene_642,species_3,t0,0.0
gene_642,species_3,t1,2.1149939553965535
gene_642,species_3,t2,2.1577086162295407
gene_642,species_3,t3,0.6907580931776671
gene_643,species_1,t0,1.8253596898191353
gene_643,species_1,t1,2.4318024708463035
gene_643,species_1,t2,0.0
gene_643,species_1,t3,0.0
gene_643,species_2,t0,0.0
gene_643,species_2,t1,0.0
gene_643,species_2,t2,1.5316448553702076
gene_643,species_2,t3,1.1051938032867004
gene_643,species_3,t0,0.7395147912631085
gene_643,species_3,t1,3.6091949814266977
gene_643,species_3,t2,0.9040118285524259
gene_643,species_3,t3,0.0
gene_644,species_1,t0,1.5093694453434725
gene_644,species_1,t1,0.0
gene_644,species_1,t2,3.36853935072752
gene_644,species_1,t3,0.9949322949537736
gene_644,species_2,t0,0.0
gene_644,species_2,t1,0.186820634812528
gene_644,species_2,t2,1.318892665131497
gene_644,species_2,t3,0.0
gene_644,species_3,t0,1.5177892816418965
gene_644,species_3,t1,2.443116502665592
gene_644,species_3,t2,2.1356006526194373
gene_644,species_3,t3,0.3420911941829645
gene_645,species_1,t0,0.0
gene_645,species_1,t1,4.4903402269213935
gene_645,species_1,t2,4.526097282668091
gene_645,species_1,t3,0.9991682167682697
gene_645,species_2,t0,0.4453246687969647
gene_645,species_2,t1,1.049516129118228
gene_645,species_2,t2,0.3130361683574699
gene_645,species_2,t3,0.45347284323585785
gene_645,species_3,t0,1.684047881306628
gene_645,species_3,t1,3.84398872179473
gene_645,species_3,t2,3.209388595861292
gene_645,species_3,t3,1.2430628453452517
gene_646,species_1,t0,1.9821771400541774
gene_646,species_1,t1,3.962333859362139
gene_646,species_1,t2,0.0
gene_646,species_1,t3,1.2644231738866252
gene_646,species_2,t0,0.0
gene_646,species_2,t1,0.4276041511361693
gene_646,species_2,t2,2.1919334141917868
gene_646,species_2,t3,1.229634120824552
gene_646,species_3,t0,0.0
gene_646,species_3,t1,2.8513389050126383
gene_646,species_3,t2,2.8246488700498835
gene_646,species_3,t3,0.2226829435503451
gene_647,species_1,t0,1.6642834670402529
gene_647,species_1,t1,0.0
gene_647,species_1,t2,0.0
gene_647,species_1,t3,0.5669336246996624
gene_647,species_2,t0,0.23664030918896228
gene_647,species_2,t1,1.0660276021104522
gene_647,species_2,t2,0.45719670861107364
gene_647,species_2,t3,0.0
gene_647,species_3,t0,0.8461682219206187
gene_647,species_3,t1,0.0
gene_647,species_3,t2,0.887743037652527
gene_647,species_3,t3,0.2825317647459268
gene_648,species_1,t0,0.1663655557032928
gene_648,species_1,t1,0.30703854913360396
gene_648,species_1,t2,0.299901456166559
gene_648,species_1,t3,0.0
gene_648,species_2,t0,0.0
gene_648,species_2,t1,0.0
gene_648,species_2,t2,0.22204130210576836
gene_648,species_2,t3,0.12809623909689258
gene_648,species_3,t0,0.11716587629784289
gene_648,species_3,t1,0.2217911241775103
gene_648,species_3,t2,0.0
gene_648,species_3,t3,0.0
gene_649,species_1,t0,0.0
gene_649,species_1,t1,0.0
gene_649,species_1,t2,3.302371366290713
gene_649,species_1,t3,0.708551891035868
gene_649,species_2,t0,0.33996754261217405
gene_649,species_2,t1,1.240439289911379
gene_649,species_2,t2,1.130994078503796
gene_649,species_2,t3,0.6754788667457234
gene_649,species_3,t0,1.0602563814291948
gene_649,species_3,t1,3.3384825884996383
gene_649,species_3,t2,0.0
gene_649,species_3,t3,0.7604373453106261
gene_650,species_1,t0,0.9790448605025619
gene_650,species_1,t1,2.4768702384474537
gene_650,species_1,t2,0.0
gene_650,species_1,t3,0.5434988145425347
gene_650,species_2,t0,0.11251595540995286
gene_650,species_2,t1,0.9064319827571143
gene_650,species_2,t2,1.8702540628651994
gene_650,species_2,t3,0.0
gene_650,species_3,t0,0.0
gene_650,species_3,t1,0.8677876432787155
gene_650,species_3,t2,2.2925146206622045
gene_650,species_3,t3,0.226297924443079
gene_651,species_1,t0,0.0
gene_651,species_1,t1,1.7198977187103945
gene_651,species_1,t2,1.2433787688762559
gene_651,species_1,t3,0.0
gene_651,species_2,t0,0.731214803460519
gene_651,species_2,t1,0.0
gene_651,species_2,t2,2.9989084419820333
gene_651,species_2,t3,0.6619551214566437
gene_651,species_3,t0,1.0763089719780379
gene_651,species_3,t1,3.282592966515258
gene_651,species_3,t2,0.0
gene_651,species_3,t3,1.1172186343459458
gene_652,species_1,t0,2.6197422222401077
gene_652,species_1,t1,4.864177394155222
gene_652,species_1,t2,3.4386221821140053
gene_652,species_1,t3,0.6250328312338013
gene_652,species_2,t0,0.0
gene_652,species_2,t1,0.0
gene_652,species_2,t2,0.369279654381353
gene_652,species_2,t3,0.0
gene_652,species_3,t0,1.797790358426216
gene_652,species_3,t1,1.917346978391362
gene_652,species_3,t2,5.201524249460318
gene_652,species_3,t3,1.7129198577500846
gene_653,species_1,t0,0.0
gene_653,species_1,t1,0.5023910053317059
gene_653,species_1,t2,0.11779822682945558
gene_653,species_1,t3,0.0
gene_653,species_2,t0,0.0
gene_653,species_2,t1,0.9575975636492963
gene_653,species_2,t2,0.0
gene_653,species_2,t3,0.573607956725178
gene_653,species_3,t0,0.5111855276043163
gene_653,species_3,t1,0.7628573895340596
gene_653,species_3,t2,1.4032919317272494
gene_653,species_3,t3,0.2568544183024331
gene_654,species_1,t0,0.0
gene_654,species_1,t1,2.4629185845146995
gene_654,species_1,t2,2.908633378450202
gene_654,species_1,t3,0.9165175406594633
gene_654,species_2,t0,0.11654378703224182
gene_654,species_2,t1,0.32303835276009757
gene_654,species_2,t2,0.0
gene_654,species_2,t3,0.3349361018262774
gene_654,species_3,t0,0.0
gene_654,species_3,t1,2.2514179665587823
gene_654,species_3,t2,0.0
gene_654,species_3,t3,0.3862648241875826
gene_655,species_1,t0,2.0498661692005298
gene_655,species_1,t1,3.9331758732789526
gene_655,species_1,t2,3.193136804004277
gene_655,species_1,t3,0.0
gene_655,species_2,t0,0.47169709031867757
gene_655,species_2,t1,0.3960051541678871
gene_655,species_2,t2,0.1446793836468409
gene_655,species_2,t3,0.31532717530396476
gene_655,species_3,t0,1.3850295659102656
gene_655,species_3,t1,0.0
gene_655,species_3,t2,0.0
gene_655,species_3,t3,0.0
gene_656,species_1,t0,0.0
gene_656,species_1,t1,3.1744092856675166
gene_656,species_1,t2,0.0
gene_656,species_1,t3,0.7073589954357486
gene_656,species_2,t0,0.3311951484790158
gene_656,species_2,t1,0.0
gene_656,species_2,t2,0.0
gene_656,species_2,t3,0.0
gene_656,species_3,t0,1.0479692767861502
gene_656,species_3,t1,0.0
gene_656,species_3,t2,2.6856431757041457
gene_656,species_3,t3,0.0
gene_657,species_1,t0,2.6652575698054273
gene_657,species_1,t1,0.0
gene_657,species_1,t2,3.615928207844698
gene_657,species_1,t3,0.0
gene_657,species_2,t0,0.8303216591654546
gene_657,species_2,t1,0.6198147211967309
gene_657,species_2,t2,0.027776013944593447
gene_657,species_2,t3,0.8554802173110921
gene_657,species_3,t0,0.0
gene_657,species_3,t1,2.3842815304175318
gene_657,species_3,t2,0.0
gene_657,species_3,t3,1.728788818819842
gene_658,species_1,t0,0.0
gene_658,species_1,t1,2.656688684777001
gene_658,species_1,t2,1.3546264958618635
gene_658,species_1,t3,0.31005683038843873
gene_658,species_2,t0,0.0
gene_658,species_2,t1,0.4673808876344975
gene_658,species_2,t2,0.0
gene_658,species_2,t3,0.1532667349108472
gene_658,species_3,t0,1.0120588241046937
gene_658,species_3,t1,0.0
gene_658,species_3,t2,0.0
gene_658,species_3,t3,0.8295883956880017
gene_659,species_1,t0,2.5531174809055623
gene_659,species_1,t1,0.0
gene_659,species_1,t2,0.0
gene_659,species_1,t3,1.7148151355335757
gene_659,species_2,t0,0.2732459590141907
gene_659,species_2,t1,0.328295439728696
gene_659,species_2,t2,1.280892907506735
gene_659,species_2,t3,1.0124885872777343
gene_659,species_3,t0,1.9833153724934491
gene_659,species_3,t1,4.579090021907198
gene_659,species_3,t2,1.8472309359168273
gene_659,species_3,t3,0.011147015719161896
gene_660,species_1,t0,0.77992008843219
gene_660,species_1,t1,0.7642539363765211
gene_660,species_1,t2,0.0
gene_660,species_1,t3,0.0
gene_660,species_2,t0,0.007683291101448081
gene_660,species_2,t1,1.0706396598630343
gene_660,species_2,t2,1.6679359813324666
gene_660,species_2,t3,0.0
gene_660,species_3,t0,0.09063594113536243
gene_660,species_3,t1,1.5574502551058285
gene_660,species_3,t2,0.19311909664840202
gene_660,species_3,t3,0.4216856818423041
gene_661,species_1,t0,0.33324692735274586
gene_661,species_1,t1,0.9234751528246443
gene_661,species_1,t2,0.14851903099495015
gene_661,species_1,t3,0.3510100667984192
gene_661,species_2,t0,0.5162071945885903
gene_661,species_2,t1,0.0
gene_661,species_2,t2,0.6629491589541259
gene_661,species_2,t3,0.0
gene_661,species_3,t0,0.0
gene_661,species_3,t1,0.2565216871116828
gene_661,species_3,t2,1.761418620533387
gene_661,species_3,t3,0.9243026773697114
gene_662,species_1,t0,1.0918411402157235
gene_662,species_1,t1,0.0
gene_662,species_1,t2,1.5929864155707256
gene_662,species_1,t3,0.0
gene_662,species_2,t0,0.2147089741435506
gene_662,species_2,t1,0.5154029146981867
gene_662,species_2,t2,0.33505357282705284
gene_662,species_2,t3,0.49822606031597955
gene_662,species_3,t0,0.6896049083676642
gene_662,species_3,t1,1.3406111688896707
gene_662,species_3,t2,0.0
gene_662,species_3,t3,0.7359123414081905
gene_663,species_1,t0,0.8341370448543548
gene_663,species_1,t1,1.3870766671531363
gene_663,species_1,t2,0.0
gene_663,species_1,t3,0.23389460271643642
gene_663,species_2,t0,0.14674073172717617
gene_663,species_2,t1,0.4292895219571347
gene_663,species_2,t2,0.12742276893969473
gene_663,species_2,t3,0.20544565019439448
gene_663,species_3,t0,0.0
gene_663,species_3,t1,1.2161412045493412
gene_663,species_3,t2,0.8603954673001848
gene_663,species_3,t3,0.28782271864536774
gene_664,species_1,t0,0.23422625067833197
gene_664,species_1,t1,0.0
gene_664,species_1,t2,0.2978370124772106
gene_664,species_1,t3,0.0
gene_664,species_2,t0,0.2520694120016963
gene_664,species_2,t1,0.0
gene_664,species_2,t2,0.0
gene_664,species_2,t3,0.7090107194783654
gene_664,species_3,t0,0.0
gene_664,species_3,t1,0.45351893099019236
gene_664,species_3,t2,0.8306157841367517
gene_664,species_3,t3,0.5973244481421693
gene_665,species_1,t0,2.822939285105524
gene_665,species_1,t1,0.0
gene_665,species_1,t2,5.234783037833099
gene_665,species_1,t3,1.4984546605312186
gene_665,species_2,t0,0.0
gene_665,species_2,t1,0.2988578128452396
gene_665,species_2,t2,0.0
gene_665,species_2,t3,0.7818833540901998
gene_665,species_3,t0,2.46409871825519
gene_665,species_3,t1,3.4434922334765545
gene_665,species_3,t2,0.0
gene_665,species_3,t3,0.0
gene_666,species_1,t0,0.0
gene_666,species_1,t1,1.4008351425485333
gene_666,species_1,t2,0.8938742730266018
gene_666,species_1,t3,0.6312947714823722
gene_666,species_2,t0,0.0
gene_666,species_2,t1,0.9883816475483018
gene_666,species_2,t2,2.092043303336464
gene_666,species_2,t3,1.084743701041002
gene_666,species_3,t0,0.7688242435392799
gene_666,species_3,t1,0.0
gene_666,species_3,t2,1.471586845740585
gene_666,species_3,t3,0.0588233613864447
gene_667,species_1,t0,2.8749798879284887
gene_667,species_1,t1,4.7329012810586635
gene_667,species_1,t2,0.0
gene_667,species_1,t3,1.3561890979403233
gene_667,species_2,t0,0.0
gene_667,species_2,t1,2.217451693963393
gene_667,species_2,t2,1.2421119142869312
gene_667,species_2,t3,0.29865491073089206
gene_667,species_3,t0,1.934023956627058
gene_667,species_3,t1,5.818111659444157
gene_667,species_3,t2,1.0445601384294563
gene_667,species_3,t3,0.0
gene_668,species_1,t0,0.0
gene_668,species_1,t1,3.0482576280311813
gene_668,species_1,t2,0.0
gene_668,species_1,t3,0.9849092753874202
gene_668,species_2,t0,0.0
gene_668,species_2,t1,1.0905293581161264
gene_668,species_2,t2,2.447798928654346
gene_668,species_2,t3,1.418968998030625
gene_668,species_3,t0,1.6168974210200557
gene_668,species_3,t1,0.4757709268195216
gene_668,species_3,t2,3.1751000580981428
gene_668,species_3,t3,0.49487983835345606
gene_669,species_1,t0,0.0
gene_669,species_1,t1,2.272429649033728
gene_669,species_1,t2,0.29907342524188735
gene_669,species_1,t3,0.0
gene_669,species_2,t0,0.0
gene_669,species_2,t1,0.0
gene_669,species_2,t2,1.549059741185397
gene_669,species_2,t3,0.0
gene_669,species_3,t0,0.0
gene_669,species_3,t1,0.0
gene_669,species_3,t2,0.0
gene_669,species_3,t3,1.1485908112759755
gene_670,species_1,t0,0.5757852081809423
gene_670,species_1,t1,0.0
gene_670,species_1,t2,0.5636143071657698
gene_670,species_1,t3,0.17301098702532763
gene_670,species_2,t0,0.0
gene_670,species_2,t1,0.8447868869758038
gene_670,species_2,t2,0.0
gene_670,species_2,t3,0.0
gene_670,species_3,t0,0.0
gene_670,species_3,t1,0.7864756280661159
gene_670,species_3,t2,0.0
gene_670,species_3,t3,0.8905883204893815
gene_671,species_1,t0,0.0
gene_671,species_1,t1,0.0
gene_671,species_1,t2,0.5333423748284872
gene_671,species_1,t3,0.08296336463007652
gene_671,species_2,t0,0.33961390191790675
gene_671,species_2,t1,1.065463108748654
gene_671,species_2,t2,1.5612865991088751
gene_671,species_2,t3,0.0
gene_671,species_3,t0,0.0
gene_671,species_3,t1,0.0
gene_671,species_3,t2,0.0
gene_671,species_3,t3,0.45761908108420335
gene_672,species_1,t0,1.2234565830976103
gene_672,species_1,t1,2.058529238908471
gene_672,species_1,t2,1.9400652220945105
gene_672,species_1,t3,0.45236398635848646
gene_672,species_2,t0,0.03820250016716818
gene_672,species_2,t1,0.0
gene_672,species_2,t2,0.0
gene_672,species_2,t3,0.0
gene_672,species_3,t0,0.6600304049193294
gene_672,species_3,t1,1.82581045033117
gene_672,species_3,t2,0.8899301329355817
gene_672,species_3,t3,0.31330336100519457
gene_673,species_1,t0,0.0
gene_673,species_1,t1,3.839337804678125
gene_673,species_1,t2,3.2505442295306555
gene_673,species_1,t3,0.9985977493968853
gene_673,species_2,t0,0.12175906115396826
gene_673,species_2,t1,0.0
gene_673,species_2,t2,1.7554266799501477
gene_673,species_2,t3,0.6698254746756663
gene_673,species_3,t0,1.7382955958017585
gene_673,species_3,t1,1.7669225079653308
gene_673,species_3,t2,3.4539306547215216
gene_673,species_3,t3,0.0
gene_674,species_1,t0,0.0
gene_674,species_1,t1,2.620738573732737
gene_674,species_1,t2,0.0
gene_674,species_1,t3,0.19426062041051195
gene_674,species_2,t0,0.7352117093189698
gene_674,species_2,t1,0.8052421475990987
gene_674,species_2,t2,0.7997137562229177
gene_674,species_2,t3,0.9112930457546271
gene_674,species_3,t0,0.7324392793403779
gene_674,species_3,t1,1.3848530222250184
gene_674,species_3,t2,0.0
gene_674,species_3,t3,1.7963307875400303
gene_675,species_1,t0,1.1314998488669477
gene_675,species_1,t1,1.3991184249072235
gene_675,species_1,t2,2.3887990434967694
gene_675,species_1,t3,0.7321074895959129
gene_675,species_2,t0,0.19827828804926823
gene_675,species_2,t1,0.3935586465579104
gene_675,species_2,t2,0.09867153257159667
gene_675,species_2,t3,0.4834901475974214
gene_675,species_3,t0,0.0
gene_675,species_3,t1,2.186791863760935
gene_675,species_3,t2,0.0
gene_675,species_3,t3,0.3314886966418458
gene_676,species_1,t0,0.0
gene_676,species_1,t1,0.0
gene_676,species_1,t2,1.072101209418262
gene_676,species_1,t3,0.0
gene_676,species_2,t0,0.23094209944681998
gene_676,species_2,t1,0.29536481361033023
gene_676,species_2,t2,0.6939549877471055
gene_676,species_2,t3,0.0
gene_676,species_3,t0,0.7507734417996728
gene_676,species_3,t1,0.19535948826154412
gene_676,species_3,t2,2.4962799175104706
gene_676,species_3,t3,0.8713633941890941
gene_677,species_1,t0,0.4844210635275572
gene_677,species_1,t1,1.3114014911018617
gene_677,species_1,t2,0.0
gene_677,species_1,t3,0.0
gene_677,species_2,t0,0.1495358120617349
gene_677,species_2,t1,0.06471870058955728
gene_677,species_2,t2,0.0
gene_677,species_2,t3,0.0
gene_677,species_3,t0,0.6641753872130406
gene_677,species_3,t1,1.3737405507745233
gene_677,species_3,t2,0.2889134987353027
gene_677,species_3,t3,0.11306966030282806
gene_678,species_1,t0,0.6824193639679512
gene_678,species_1,t1,0.7242522821824193
gene_678,species_1,t2,2.144694121154776
gene_678,species_1,t3,0.6494703029241431
gene_678,species_2,t0,0.4610791608650764
gene_678,species_2,t1,0.7672121492001146
gene_678,species_2,t2,0.0
gene_678,species_2,t3,0.4564924538476707
gene_678,species_3,t0,0.41682873044663205
gene_678,species_3,t1,2.5210435255716743
gene_678,species_3,t2,1.4110056581116428
gene_678,species_3,t3,0.49762955214554416
gene_679,species_1,t0,1.5435095227778621
gene_679,species_1,t1,2.8419643932219087
gene_679,species_1,t2,2.7700801280024416
gene_679,species_1,t3,0.9066550172551727
gene_679,species_2,t0,0.0
gene_679,species_2,t1,0.5293657056954705
gene_679,species_2,t2,0.07199841587612547
gene_679,species_2,t3,0.02109534909589926
gene_679,species_3,t0,0.0
gene_679,species_3,t1,2.4345794114922494
gene_679,species_3,t2,1.8147611889277118
gene_679,species_3,t3,0.6006677580445317
gene_680,species_1,t0,1.1450145654722417
gene_680,species_1,t1,0.0
gene_680,species_1,t2,1.5031953122792516
gene_680,species_1,t3,0.0
gene_680,species_2,t0,0.45044874142990093
gene_680,species_2,t1,0.0
gene_680,species_2,t2,0.0
gene_680,species_2,t3,1.5186353680549696
gene_680,species_3,t0,0.0
gene_680,species_3,t1,1.7991792086103664
gene_680,species_3,t2,0.8684192937160405
gene_680,species_3,t3,0.0
gene_681,species_1,t0,4.9218176745605025
gene_681,species_1,t1,9.615789680664651
gene_681,species_1,t2,0.0
gene_681,species_1,t3,0.0
gene_681,species_2,t0,0.8610602766873255
gene_681,species_2,t1,0.8174166708960566
gene_681,species_2,t2,0.0
gene_681,species_2,t3,0.014545715738043086
gene_681,species_3,t0,0.0
gene_681,species_3,t1,6.015629249720664
gene_681,species_3,t2,0.0
gene_681,species_3,t3,0.0
gene_682,species_1,t0,0.0
gene_682,species_1,t1,0.9594515267253194
gene_682,species_1,t2,0.4086349874519894
gene_682,species_1,t3,0.20625766486644131
gene_682,species_2,t0,0.354298057867097
gene_682,species_2,t1,0.8515541604479683
gene_682,species_2,t2,0.0
gene_682,species_2,t3,0.0
gene_682,species_3,t0,0.0
gene_682,species_3,t1,1.5413179544380238
gene_682,species_3,t2,2.719744402803483
gene_682,species_3,t3,0.0
gene_683,species_1,t0,2.028793232569124
gene_683,species_1,t1,0.0
gene_683,species_1,t2,3.357567131353535
gene_683,species_1,t3,0.7617023856363974
gene_683,species_2,t0,0.4765149676377444
gene_683,species_2,t1,0.5548620627015974
gene_683,species_2,t2,0.1717805539763247
gene_683,species_2,t3,0.5056599297560297
gene_683,species_3,t0,1.2246617455012485
gene_683,species_3,t1,0.0
gene_683,species_3,t2,3.184360335146688
gene_683,species_3,t3,1.0274219157169537
gene_684,species_1,t0,1.5594173797699102
gene_684,species_1,t1,2.947322262555491
gene_684,species_1,t2,2.706436499180962
gene_684,species_1,t3,0.0
gene_684,species_2,t0,0.0
gene_684,species_2,t1,0.3157661448757205
gene_684,species_2,t2,1.0210827564324851
gene_684,species_2,t3,0.5626561441712892
gene_684,species_3,t0,1.511257466979527
gene_684,species_3,t1,1.7124678564133742
gene_684,species_3,t2,0.0
gene_684,species_3,t3,0.4693946944755352
gene_685,species_1,t0,0.0
gene_685,species_1,t1,0.09053260421023276
gene_685,species_1,t2,0.46942571889117957
gene_685,species_1,t3,0.0
gene_685,species_2,t0,0.0
gene_685,species_2,t1,0.38158307491097065
gene_685,species_2,t2,1.034497994293712
gene_685,species_2,t3,0.9765958804187643
gene_685,species_3,t0,0.0
gene_685,species_3,t1,0.0
gene_685,species_3,t2,0.6521658058103541
gene_685,species_3,t3,0.6543061466060482
gene_686,species_1,t0,0.06532792994024092
gene_686,species_1,t1,0.48973810460160694
gene_686,species_1,t2,0.2700842311274559
gene_686,species_1,t3,0.10290755157851228
gene_686,species_2,t0,0.0
gene_686,species_2,t1,0.1907817612459165
gene_686,species_2,t2,0.04870164279219978
gene_686,species_2,t3,0.11379407976646855
gene_686,species_3,t0,0.0
gene_686,species_3,t1,0.0
gene_686,species_3,t2,0.2913202005233781
gene_686,species_3,t3,0.22018719953490426
gene_687,species_1,t0,2.751878934837507
gene_687,species_1,t1,4.634958977149316
gene_687,species_1,t2,4.055630027462336
gene_687,species_1,t3,0.872742227322823
gene_687,species_2,t0,0.0
gene_687,species_2,t1,0.53354819504616
gene_687,species_2,t2,0.0
gene_687,species_2,t3,0.6421665761815828
gene_687,species_3,t0,1.8238149364668703
gene_687,species_3,t1,2.956374968659562
gene_687,species_3,t2,4.031073915242014
gene_687,species_3,t3,0.0
gene_688,species_1,t0,0.6289312264892954
gene_688,species_1,t1,0.0
gene_688,species_1,t2,2.3368110852077884
gene_688,species_1,t3,0.9885431769377832
gene_688,species_2,t0,0.8272109592583531
gene_688,species_2,t1,0.06511086163858235
gene_688,species_2,t2,1.2306757720541452
gene_688,species_2,t3,1.5087642867123425
gene_688,species_3,t0,0.8778695795598429
gene_688,species_3,t1,2.4332036703874147
gene_688,species_3,t2,0.0
gene_688,species_3,t3,0.7513059494197613
gene_689,species_1,t0,0.45775778696749003
gene_689,species_1,t1,0.604091714489372
gene_689,species_1,t2,1.1781681281302443
gene_689,species_1,t3,0.43933032895891416
gene_689,species_2,t0,0.0
gene_689,species_2,t1,0.008527111494956111
gene_689,species_2,t2,0.5796080964904918
gene_689,species_2,t3,0.0
gene_689,species_3,t0,0.5364463569176994
gene_689,species_3,t1,1.2541411411194074
gene_689,species_3,t2,0.12026010967188569
gene_689,species_3,t3,0.20142849020874676
gene_690,species_1,t0,0.0
gene_690,species_1,t1,0.0
gene_690,species_1,t2,0.3997594486956771
gene_690,species_1,t3,0.1820218698119146
gene_690,species_2,t0,0.3261292349264767
gene_690,species_2,t1,0.0
gene_690,species_2,t2,0.0
gene_690,species_2,t3,0.0
gene_690,species_3,t0,0.0
gene_690,species_3,t1,0.0
gene_690,species_3,t2,0.0
gene_690,species_3,t3,0.0
gene_691,species_1,t0,0.0
gene_691,species_1,t1,0.0
gene_691,species_1,t2,3.7541859767842327
gene_691,species_1,t3,0.0
gene_691,species_2,t0,0.22252305469039327
gene_691,species_2,t1,0.7884571058169308
gene_691,species_2,t2,0.0
gene_691,species_2,t3,0.6476056223000048
gene_691,species_3,t0,1.3675087894104045
gene_691,species_3,t1,3.6097753609727277
gene_691,species_3,t2,0.0
gene_691,species_3,t3,0.0792648058665977
gene_692,species_1,t0,0.0
gene_692,species_1,t1,1.84519741676446
gene_692,species_1,t2,1.0277978621095925
gene_692,species_1,t3,0.07663591652965722
gene_692,species_2,t0,0.0
gene_692,species_2,t1,0.0
gene_692,species_2,t2,0.0
gene_692,species_2,t3,0.6824131683924681
gene_692,species_3,t0,1.0074653740681845
gene_692,species_3,t1,2.7065850819619204
gene_692,species_3,t2,4.440168774346342
gene_692,species_3,t3,0.0
gene_693,species_1,t0,0.27310842147815195
gene_693,species_1,t1,0.3948806442657057
gene_693,species_1,t2,0.7929893367458213
gene_693,species_1,t3,0.28929182115644075
gene_693,species_2,t0,0.31515087456237406
gene_693,species_2,t1,0.0
gene_693,species_2,t2,0.3394298596432601
gene_693,species_2,t3,0.4333360553754523
gene_693,species_3,t0,0.253776827135403
gene_693,species_3,t1,0.8151639130601883
gene_693,species_3,t2,0.23531781748201241
gene_693,species_3,t3,0.18237726033996798
gene_694,species_1,t0,1.126424792185206
gene_694,species_1,t1,0.0
gene_694,species_1,t2,0.0
gene_694,species_1,t3,0.0
gene_694,species_2,t0,0.25281958161497226
gene_694,species_2,t1,0.0
gene_694,species_2,t2,0.5337577644698418
gene_694,species_2,t3,0.635146742610806
gene_694,species_3,t0,1.117909490410225
gene_694,species_3,t1,2.2352865651172737
gene_694,species_3,t2,0.8252829818660005
gene_694,species_3,t3,0.0
gene_695,species_1,t0,0.0
gene_695,species_1,t1,0.0
gene_695,species_1,t2,5.243519509454502
gene_695,species_1,t3,1.6109059272367476
gene_695,species_2,t0,0.13793688785582392
gene_695,species_2,t1,0.0
gene_695,species_2,t2,0.0
gene_695,species_2,t3,0.0
gene_695,species_3,t0,2.5147548294391986
gene_695,species_3,t1,3.9396022133483934
gene_695,species_3,t2,3.888437485559955
gene_695,species_3,t3,0.0
gene_696,species_1,t0,1.010422249570804
gene_696,species_1,t1,1.743144533100207
gene_696,species_1,t2,0.0
gene_696,species_1,t3,0.7226037296826504
gene_696,species_2,t0,0.23583750802260262
gene_696,species_2,t1,0.1095127606764429
gene_696,species_2,t2,0.0
gene_696,species_2,t3,0.8398844800693721
gene_696,species_3,t0,0.860733845845753
gene_696,species_3,t1,1.7687873838564903
gene_696,species_3,t2,0.7690550059641877
gene_696,species_3,t3,0.11396547199439647
gene_697,species_1,t0,0.0
gene_697,species_1,t1,0.0
gene_697,species_1,t2,0.0
gene_697,species_1,t3,0.9890863951629504
gene_697,species_2,t0,0.0
gene_697,species_2,t1,0.7536445264686117
gene_697,species_2,t2,0.07287323880510926
gene_697,species_2,t3,0.2334679910884589
gene_697,species_3,t0,1.8146510911624854
gene_697,species_3,t1,3.8109094928286438
gene_697,species_3,t2,3.6776019011099836
gene_697,species_3,t3,0.0
gene_698,species_1,t0,0.0
gene_698,species_1,t1,3.706467645830966
gene_698,species_1,t2,3.587963311286446
gene_698,species_1,t3,1.2517746022671195
gene_698,species_2,t0,0.0
gene_698,species_2,t1,0.7159526055390032
gene_698,species_2,t2,0.0
gene_698,species_2,t3,0.0
gene_698,species_3,t0,1.8572239261469075
gene_698,species_3,t1,1.9392981838092416
gene_698,species_3,t2,0.0
gene_698,species_3,t3,0.16417568940867963
gene_699,species_1,t0,1.5810352401591423
gene_699,species_1,t1,2.0769531801590952
gene_699,species_1,t2,2.1319904837782606
gene_699,species_1,t3,0.21702455805381116
gene_699,species_2,t0,0.4929960406240107
gene_699,species_2,t1,1.4687200986291986
gene_699,species_2,t2,2.10367473397757
gene_699,species_2,t3,0.0
gene_699,species_3,t0,0.49169362784332865
gene_699,species_3,t1,2.2513805949488592
gene_699,species_3,t2,1.0998836566595918
gene_699,species_3,t3,0.84618161499851
gene_700,species_1,t0,1.8897074610776212
gene_700,species_1,t1,4.186490623903195
gene_700,species_1,t2,0.0
gene_700,species_1,t3,0.0
gene_700,species_2,t0,0.0
gene_700,species_2,t1,0.8161809566205752
gene_700,species_2,t2,2.565867370050683
gene_700,species_2,t3,0.0
gene_700,species_3,t0,1.9029216348647593
gene_700,species_3,t1,0.0
gene_700,species_3,t2,3.2308099122234846
gene_700,species_3,t3,0.42531910872914297
gene_701,species_1,t0,0.0
gene_701,species_1,t1,0.0
gene_701,species_1,t2,1.2818849697609216
gene_701,species_1,t3,0.49473642425029185
gene_701,species_2,t0,0.0
gene_701,species_2,t1,0.0
gene_701,species_2,t2,0.35646695183148697
gene_701,species_2,t3,0.09796718984017685
gene_701,species_3,t0,0.2469999786374462
gene_701,species_3,t1,1.5167224703228472
gene_701,species_3,t2,0.18084373881107213
gene_701,species_3,t3,0.0
gene_702,species_1,t0,0.0
gene_702,species_1,t1,1.1858161071696833
gene_702,species_1,t2,2.3557297267419215
gene_702,species_1,t3,0.0
gene_702,species_2,t0,0.2966102630765276
gene_702,species_2,t1,0.058800506184376114
gene_702,species_2,t2,0.0
gene_702,species_2,t3,1.0349781519059154
gene_702,species_3,t0,0.8752001851032336
gene_702,species_3,t1,2.015911093097717
gene_702,species_3,t2,0.40433148190065443
gene_702,species_3,t3,0.5702476049333685
gene_703,species_1,t0,1.430058341336225
gene_703,species_1,t1,2.629735380307113
gene_703,species_1,t2,1.9297465349379583
gene_703,species_1,t3,0.22346368116318308
gene_703,species_2,t0,0.4324991467077963
gene_703,species_2,t1,0.0
gene_703,species_2,t2,0.0
gene_703,species_2,t3,1.0047052148994147
gene_703,species_3,t0,0.7892477097822495
gene_703,species_3,t1,1.3343937883877999
gene_703,species_3,t2,2.3312239145107303
gene_703,species_3,t3,0.0
gene_704,species_1,t0,1.5189164650007414
gene_704,species_1,t1,0.0
gene_704,species_1,t2,0.0
gene_704,species_1,t3,0.0
gene_704,species_2,t0,0.0
gene_704,species_2,t1,0.6794438169266637
gene_704,species_2,t2,1.4871773853145842
gene_704,species_2,t3,0.1624579744481573
gene_704,species_3,t0,1.3915345235841416
gene_704,species_3,t1,0.6877520137149847
gene_704,species_3,t2,4.194655932383916
gene_704,species_3,t3,0.0
gene_705,species_1,t0,0.9882268810482301
gene_705,species_1,t1,1.6559071845176576
gene_705,species_1,t2,0.0
gene_705,species_1,t3,0.8013288158096736
gene_705,species_2,t0,0.24205438889673322
gene_705,species_2,t1,0.8506707664309195
gene_705,species_2,t2,0.22121440380199756
gene_705,species_2,t3,0.0
gene_705,species_3,t0,0.0
gene_705,species_3,t1,2.6952962664776057
gene_705,species_3,t2,0.0
gene_705,species_3,t3,0.15641255470566148
gene_706,species_1,t0,0.0
gene_706,species_1,t1,0.27113157391141773
gene_706,species_1,t2,0.3804413879378944
gene_706,species_1,t3,0.16110357473944614
gene_706,species_2,t0,0.15064535302704438
gene_706,species_2,t1,0.05935942318332811
gene_706,species_2,t2,0.19399889323795289
gene_706,species_2,t3,0.28446121444830047
gene_706,species_3,t0,0.29431634645304716
gene_706,species_3,t1,0.5677251189012187
gene_706,species_3,t2,0.20944893709390855
gene_706,species_3,t3,0.0
gene_707,species_1,t0,0.26495169163345844
gene_707,species_1,t1,0.0
gene_707,species_1,t2,0.7651166829827787
gene_707,species_1,t3,0.4301509621861458
gene_707,species_2,t0,0.0
gene_707,species_2,t1,0.0
gene_707,species_2,t2,0.0
gene_707,species_2,t3,0.0
gene_707,species_3,t0,0.0
gene_707,species_3,t1,0.0
gene_707,species_3,t2,0.6861695333173448
gene_707,species_3,t3,0.0
gene_708,species_1,t0,0.39720422807039146
gene_708,species_1,t1,1.0660890127486773
gene_708,species_1,t2,0.7949551047290417
gene_708,species_1,t3,0.0
gene_708,species_2,t0,0.0
gene_708,species_2,t1,0.0
gene_708,species_2,t2,1.2936372470102022
gene_708,species_2,t3,0.6329845938979143
gene_708,species_3,t0,0.0
gene_708,species_3,t1,0.25642931749793085
gene_708,species_3,t2,1.046401810380564
gene_708,species_3,t3,0.0
gene_709,species_1,t0,0.0
gene_709,species_1,t1,0.0
gene_709,species_1,t2,2.0081762376114267
gene_709,species_1,t3,0.8817488081462744
gene_709,species_2,t0,0.41328795625402526
gene_709,species_2,t1,0.20712879201921117
gene_709,species_2,t2,1.4982021570052804
gene_709,species_2,t3,1.397055110858564
gene_709,species_3,t0,0.8291261986648055
gene_709,species_3,t1,1.839477161291838
gene_709,species_3,t2,0.0
gene_709,species_3,t3,0.0
gene_710,species_1,t0,0.0
gene_710,species_1,t1,2.3373715192298117
gene_710,species_1,t2,1.8315294721933024
gene_710,species_1,t3,0.0
gene_710,species_2,t0,0.0
gene_710,species_2,t1,0.0
gene_710,species_2,t2,0.15404018887647655
gene_710,species_2,t3,0.03724381886139231
gene_710,species_3,t0,0.8646629199032487
gene_710,species_3,t1,0.0
gene_710,species_3,t2,1.9402788280030796
gene_710,species_3,t3,0.0
gene_711,species_1,t0,0.6865543974083654
gene_711,species_1,t1,1.5587768194794465
gene_711,species_1,t2,1.6694266804890048
gene_711,species_1,t3,0.531949454575563
gene_711,species_2,t0,0.08048962459349457
gene_711,species_2,t1,0.006972748538760426
gene_711,species_2,t2,0.0
gene_711,species_2,t3,0.499404750035516
gene_711,species_3,t0,0.6388223039217557
gene_711,species_3,t1,1.1180365879451348
gene_711,species_3,t2,0.9034749199314794
gene_711,species_3,t3,0.0
gene_712,species_1,t0,0.6421686206234714
gene_712,species_1,t1,1.748901921739005
gene_712,species_1,t2,0.7418183753884906
gene_712,species_1,t3,0.47839792510921997
gene_712,species_2,t0,0.0
gene_712,species_2,t1,1.0669673749646487
gene_712,species_2,t2,1.9411383796311765
gene_712,species_2,t3,0.0
gene_712,species_3,t0,1.1531389206666267
gene_712,species_3,t1,0.4704656403762856
gene_712,species_3,t2,2.7873939718793586
gene_712,species_3,t3,0.0
gene_713,species_1,t0,1.9770340595383304
gene_713,species_1,t1,2.9399677248803795
gene_713,species_1,t2,0.0
gene_713,species_1,t3,0.0
gene_713,species_2,t0,0.07910963832649232
gene_713,species_2,t1,1.2782752445617538
gene_713,species_2,t2,0.0
gene_713,species_2,t3,0.6705073536314887
gene_713,species_3,t0,0.0
gene_713,species_3,t1,0.0
gene_713,species_3,t2,0.0
gene_713,species_3,t3,0.5645615472104757
gene_714,species_1,t0,2.747370581777265
gene_714,species_1,t1,5.2859506283459154
gene_714,species_1,t2,5.513364780928992
gene_714,species_1,t3,1.892598970630494
gene_714,species_2,t0,0.0
gene_714,species_2,t1,0.30683391109778
gene_714,species_2,t2,2.583005642185136
gene_714,species_2,t3,1.672439303862624
gene_714,species_3,t0,2.441747777934309
gene_714,species_3,t1,3.999201050314761
gene_714,species_3,t2,0.0
gene_714,species_3,t3,0.0
gene_715,species_1,t0,1.372849401316789
gene_715,species_1,t1,2.571596291267258
gene_715,species_1,t2,1.3154793457976925
gene_715,species_1,t3,0.0
gene_715,species_2,t0,0.0
gene_715,species_2,t1,0.05040731804078004
gene_715,species_2,t2,0.0
gene_715,species_2,t3,0.8629483669658924
gene_715,species_3,t0,0.0
gene_715,species_3,t1,0.559623476230631
gene_715,species_3,t2,3.1321040676939003
gene_715,species_3,t3,1.0884461877577365
gene_716,species_1,t0,0.544515808672988
gene_716,species_1,t1,0.0
gene_716,species_1,t2,0.0
gene_716,species_1,t3,0.552385630253509
gene_716,species_2,t0,0.0
gene_716,species_2,t1,0.9410602870199999
gene_716,species_2,t2,2.241978423443225
gene_716,species_2,t3,0.0
gene_716,species_3,t0,1.1584719407266
gene_716,species_3,t1,0.38916231523820327
gene_716,species_3,t2,0.0
gene_716,species_3,t3,0.17176399040978374
gene_717,species_1,t0,0.0
gene_717,species_1,t1,1.0493503112484563
gene_717,species_1,t2,0.20821288793661696
gene_717,species_1,t3,0.0
gene_717,species_2,t0,0.0
gene_717,species_2,t1,1.348130040719893
gene_717,species_2,t2,2.3380873281569903
gene_717,species_2,t3,0.0
gene_717,species_3,t0,0.6049060008630713
gene_717,species_3,t1,0.0
gene_717,species_3,t2,2.190034280855327
gene_717,species_3,t3,0.11611678907684471
gene_718,species_1,t0,0.5361430210639982
gene_718,species_1,t1,0.0
gene_718,species_1,t2,0.40245293789711634
gene_718,species_1,t3,0.19743791689865495
gene_718,species_2,t0,0.5598489038366372
gene_718,species_2,t1,0.2296747821600976
gene_718,species_2,t2,0.0
gene_718,species_2,t3,0.9953620428416843
gene_718,species_3,t0,0.0208954868767844
gene_718,species_3,t1,0.4773461019876785
gene_718,species_3,t2,1.8267378663052
gene_718,species_3,t3,0.0
gene_719,species_1,t0,0.0
gene_719,species_1,t1,0.0
gene_719,species_1,t2,1.4846664563473129
gene_719,species_1,t3,0.3148754321101724
gene_719,species_2,t0,0.0
gene_719,species_2,t1,0.693296390088018
gene_719,species_2,t2,0.0
gene_719,species_2,t3,0.8589080924061127
gene_719,species_3,t0,0.9814877531096988
gene_719,species_3,t1,0.29742089903282787
gene_719,species_3,t2,2.2393796027032993
gene_719,species_3,t3,0.0
gene_720,species_1,t0,0.8303500951059861
gene_720,species_1,t1,1.7971235137201886
gene_720,species_1,t2,1.245449982016744
gene_720,species_1,t3,0.0
gene_720,species_2,t0,0.33154095178051446
gene_720,species_2,t1,0.0
gene_720,species_2,t2,0.0
gene_720,species_2,t3,0.0
gene_720,species_3,t0,0.5162411441139592
gene_720,species_3,t1,0.9571498856581229
gene_720,species_3,t2,1.8277794813351618
gene_720,species_3,t3,0.6530315560607717
gene_721,species_1,t0,0.0
gene_721,species_1,t1,1.7116294246940154
gene_721,species_1,t2,2.805561418070027
gene_721,species_1,t3,0.5909460777926244
gene_721,species_2,t0,0.16971381780131148
gene_721,species_2,t1,0.0
gene_721,species_2,t2,1.9093725961948305
gene_721,species_2,t3,0.7018519917301005
gene_721,species_3,t0,0.3599207251291725
gene_721,species_3,t1,3.1967444159702003
gene_721,species_3,t2,0.0
gene_721,species_3,t3,0.19925384908115834
gene_722,species_1,t0,0.8439033429797345
gene_722,species_1,t1,1.4380953775365246
gene_722,species_1,t2,0.0
gene_722,species_1,t3,0.0
gene_722,species_2,t0,0.44493853338679873
gene_722,species_2,t1,1.0128768383034767
gene_722,species_2,t2,1.0776121504896266
gene_722,species_2,t3,0.9074330737414772
gene_722,species_3,t0,0.33625667234469353
gene_722,species_3,t1,1.373771861915623
gene_722,species_3,t2,0.0
gene_722,species_3,t3,0.0
gene_723,species_1,t0,2.613120883254135
gene_723,species_1,t1,4.117482642182197
gene_723,species_1,t2,5.064793298608569
gene_723,species_1,t3,1.1279281541949564
gene_723,species_2,t0,0.0
gene_723,species_2,t1,1.5088072958196923
gene_723,species_2,t2,0.7401033039431042
gene_723,species_2,t3,0.2253251265464703
gene_723,species_3,t0,0.0
gene_723,species_3,t1,4.8790516708535865
gene_723,species_3,t2,1.4865418580395746
gene_723,species_3,t3,0.3400612469681349
gene_724,species_1,t0,1.5238348515513174
gene_724,species_1,t1,2.7331593894574433
gene_724,species_1,t2,2.4738327370672843
gene_724,species_1,t3,0.7055518313874185
gene_724,species_2,t0,0.0
gene_724,species_2,t1,0.7537343639471104
gene_724,species_2,t2,0.1738797516053927
gene_724,species_2,t3,0.2390238799685819
gene_724,species_3,t0,0.0
gene_724,species_3,t1,2.252639541525791
gene_724,species_3,t2,2.037818121852439
gene_724,species_3,t3,0.8399407073185216
gene_725,species_1,t0,0.9573523696045116
gene_725,species_1,t1,2.303957530134484
gene_725,species_1,t2,0.0
gene_725,species_1,t3,0.6298661416684556
gene_725,species_2,t0,0.0
gene_725,species_2,t1,0.2917828166150576
gene_725,species_2,t2,0.0
gene_725,species_2,t3,0.5936205842626927
gene_725,species_3,t0,1.0274460757818922
gene_725,species_3,t1,1.130402356671461
gene_725,species_3,t2,2.0409354629388115
gene_725,species_3,t3,0.12247181053600115
gene_726,species_1,t0,0.0
gene_726,species_1,t1,0.9902959832605125
gene_726,species_1,t2,0.1627344018266678
gene_726,species_1,t3,0.14030920645678302
gene_726,species_2,t0,0.08558691683863673
gene_726,species_2,t1,1.735735900316185
gene_726,species_2,t2,0.0
gene_726,species_2,t3,1.3535943608381964
gene_726,species_3,t0,0.7647410591223355
gene_726,species_3,t1,0.0
gene_726,species_3,t2,2.0753339363935326
gene_726,species_3,t3,0.08044355330788625
gene_727,species_1,t0,2.9593598190278927
gene_727,species_1,t1,6.0185036342931895
gene_727,species_1,t2,4.667847484858094
gene_727,species_1,t3,1.1370697876062112
gene_727,species_2,t0,0.41429363128387975
gene_727,species_2,t1,0.20200294230471205
gene_727,species_2,t2,0.0
gene_727,species_2,t3,0.028867961224897265
gene_727,species_3,t0,2.3177143713567068
gene_727,species_3,t1,0.0
gene_727,species_3,t2,5.315941945233958
gene_727,species_3,t3,0.0
gene_728,species_1,t0,0.48146765559978505
gene_728,species_1,t1,0.0
gene_728,species_1,t2,1.2990959032138663
gene_728,species_1,t3,0.556720843698587
gene_728,species_2,t0,0.19367219555457257
gene_728,species_2,t1,0.8059212708737045
gene_728,species_2,t2,1.8453411318152122
gene_728,species_2,t3,0.0
gene_728,species_3,t0,0.8564058068562802
gene_728,species_3,t1,0.4339755186883075
gene_728,species_3,t2,1.167777105245069
gene_728,species_3,t3,0.18365906860710757
gene_729,species_1,t0,0.0
gene_729,species_1,t1,0.24095649417462162
gene_729,species_1,t2,0.0
gene_729,species_1,t3,0.0
gene_729,species_2,t0,0.8228074678156426
gene_729,species_2,t1,0.6882314547236665
gene_729,species_2,t2,0.0
gene_729,species_2,t3,2.1240546446938757
gene_729,species_3,t0,0.0
gene_729,species_3,t1,1.1276758723375293
gene_729,species_3,t2,1.6680042663215309
gene_729,species_3,t3,1.5349321609338162
gene_730,species_1,t0,0.0
gene_730,species_1,t1,0.2542478620356739
gene_730,species_1,t2,0.7859545225764135
gene_730,species_1,t3,0.23344512931540684
gene_730,species_2,t0,0.0
gene_730,species_2,t1,0.7121492575167198
gene_730,species_2,t2,0.691107868096392
gene_730,species_2,t3,0.0
gene_730,species_3,t0,0.12363160303274176
gene_730,species_3,t1,1.2178229940252638
gene_730,species_3,t2,0.0
gene_730,species_3,t3,0.04761210983661969
gene_731,species_1,t0,0.0
gene_731,species_1,t1,1.1383298741841874
gene_731,species_1,t2,1.7370535433916194
gene_731,species_1,t3,0.7236689820025617
gene_731,species_2,t0,0.0
gene_731,species_2,t1,0.0
gene_731,species_2,t2,1.534792915217868
gene_731,species_2,t3,0.32639100292259304
gene_731,species_3,t0,0.0
gene_731,species_3,t1,3.2305392032937053
gene_731,species_3,t2,4.063401627261616
gene_731,species_3,t3,1.216004743544721
gene_732,species_1,t0,1.2975723256048437
gene_732,species_1,t1,0.0
gene_732,species_1,t2,0.0
gene_732,species_1,t3,0.0
gene_732,species_2,t0,0.15610348195013785
gene_732,species_2,t1,2.4960428755432758
gene_732,species_2,t2,3.0626326472759353
gene_732,species_2,t3,0.9991291808009619
gene_732,species_3,t0,0.07152893936729676
gene_732,species_3,t1,0.0
gene_732,species_3,t2,2.7890900889919767
gene_732,species_3,t3,0.3715527272144674
gene_733,species_1,t0,0.3655725763867041
gene_733,species_1,t1,0.0
gene_733,species_1,t2,1.097022293421974
gene_733,species_1,t3,0.0953295792685452
gene_733,species_2,t0,0.0
gene_733,species_2,t1,1.5729761391437724
gene_733,species_2,t2,0.0
gene_733,species_2,t3,0.0
gene_733,species_3,t0,0.43539785165463746
gene_733,species_3,t1,2.0775795015705856
gene_733,species_3,t2,1.9732204895029146
gene_733,species_3,t3,0.25391348335930036
gene_734,species_1,t0,0.0
gene_734,species_1,t1,0.0
gene_734,species_1,t2,0.9129836500016976
gene_734,species_1,t3,0.2776749544724483
gene_734,species_2,t0,0.0
gene_734,species_2,t1,0.0
gene_734,species_2,t2,0.23307564962070743
gene_734,species_2,t3,0.0
gene_734,species_3,t0,0.40931586377669266
gene_734,species_3,t1,0.0
gene_734,species_3,t2,0.321570239865784
gene_734,species_3,t3,0.08673636892830644
gene_735,species_1,t0,0.20377561872081573
gene_735,species_1,t1,0.5852798843654025
gene_735,species_1,t2,0.7623807279903947
gene_735,species_1,t3,0.0
gene_735,species_2,t0,0.1678520153618467
gene_735,species_2,t1,0.6028868326718895
gene_735,species_2,t2,0.0
gene_735,species_2,t3,0.13182533614998965
gene_735,species_3,t0,0.28194118907348775
gene_735,species_3,t1,1.5274175209865024
gene_735,species_3,t2,0.0
gene_735,species_3,t3,0.6114343033343721
gene_736,species_1,t0,2.678142432788848
gene_736,species_1,t1,0.0
gene_736,species_1,t2,4.689931863049358
gene_736,species_1,t3,0.0
gene_736,species_2,t0,0.0
gene_736,species_2,t1,0.0
gene_736,species_2,t2,2.978015743807143
gene_736,species_2,t3,0.0
gene_736,species_3,t0,2.8091183457417452
gene_736,species_3,t1,2.4303801907559257
gene_736,species_3,t2,6.0278887265883965
gene_736,species_3,t3,1.0874197536194232
gene_737,species_1,t0,3.7464948949679897
gene_737,species_1,t1,7.1135034082656015
gene_737,species_1,t2,0.0
gene_737,species_1,t3,1.745818946554603
gene_737,species_2,t0,0.35597958017758213
gene_737,species_2,t1,0.0
gene_737,species_2,t2,1.5697651308180045
gene_737,species_2,t3,0.5488329255453086
gene_737,species_3,t0,3.0146352148243167
gene_737,species_3,t1,0.0
gene_737,species_3,t2,4.980549263768604
gene_737,species_3,t3,1.0509301869769536
gene_738,species_1,t0,1.7231750059795035
gene_738,species_1,t1,4.313859731319092
gene_738,species_1,t2,2.877998688801553
gene_738,species_1,t3,0.0
gene_738,species_2,t0,0.0
gene_738,species_2,t1,0.8395840752876886
gene_738,species_2,t2,2.4728009974410785
gene_738,species_2,t3,0.0
gene_738,species_3,t0,1.8815979514095058
gene_738,species_3,t1,0.9195188183139321
gene_738,species_3,t2,5.010880850802243
gene_738,species_3,t3,1.0802634055180296
gene_739,species_1,t0,1.2522218078058547
gene_739,species_1,t1,0.0
gene_739,species_1,t2,2.8585993100672757
gene_739,species_1,t3,1.115781923267632
gene_739,species_2,t0,0.0
gene_739,species_2,t1,0.07796305166571947
gene_739,species_2,t2,1.375726304287158
gene_739,species_2,t3,0.0
gene_739,species_3,t0,0.0
gene_739,species_3,t1,2.3667100945364803
gene_739,species_3,t2,0.0
gene_739,species_3,t3,0.0
gene_740,species_1,t0,0.0
gene_740,species_1,t1,0.42599123989287707
gene_740,species_1,t2,1.7140502208679784
gene_740,species_1,t3,0.0
gene_740,species_2,t0,0.6322754725332028
gene_740,species_2,t1,0.0
gene_740,species_2,t2,0.0
gene_740,species_2,t3,1.3342088702905985
gene_740,species_3,t0,0.0
gene_740,species_3,t1,1.5845902289301925
gene_740,species_3,t2,1.34966133235319
gene_740,species_3,t3,0.8164403256915536
gene_741,species_1,t0,0.6811455536695082
gene_741,species_1,t1,0.0
gene_741,species_1,t2,0.0
gene_741,species_1,t3,0.0
gene_741,species_2,t0,0.06452412838606825
gene_741,species_2,t1,0.0
gene_741,species_2,t2,2.8062081134505306
gene_741,species_2,t3,0.0
gene_741,species_3,t0,0.0
gene_741,species_3,t1,0.0
gene_741,species_3,t2,1.8318458173574772
gene_741,species_3,t3,0.11807976243111727
gene_742,species_1,t0,0.0
gene_742,species_1,t1,0.5140979055788453
gene_742,species_1,t2,0.0
gene_742,species_1,t3,0.518134160954195
gene_742,species_2,t0,0.7565654938268309
gene_742,species_2,t1,0.0
gene_742,species_2,t2,1.4687610302862621
gene_742,species_2,t3,0.0
gene_742,species_3,t0,0.0
gene_742,species_3,t1,0.0
gene_742,species_3,t2,3.200066329647114
gene_742,species_3,t3,0.9766082321135076
gene_743,species_1,t0,2.004657094253484
gene_743,species_1,t1,4.0995049774903
gene_743,species_1,t2,2.535034385174481
gene_743,species_1,t3,0.5566046319183133
gene_743,species_2,t0,0.7220900257380443
gene_743,species_2,t1,0.27310724064630376
gene_743,species_2,t2,1.0450269780925885
gene_743,species_2,t3,0.01379876540781832
gene_743,species_3,t0,0.0
gene_743,species_3,t1,0.0
gene_743,species_3,t2,4.417341278258342
gene_743,species_3,t3,0.0
gene_744,species_1,t0,0.0
gene_744,species_1,t1,0.08080130547424766
gene_744,species_1,t2,0.13813958626365752
gene_744,species_1,t3,0.0
gene_744,species_2,t0,0.05521747032792883
gene_744,species_2,t1,0.1735278341552174
gene_744,species_2,t2,0.3553328814990295
gene_744,species_2,t3,0.0
gene_744,species_3,t0,0.0
gene_744,species_3,t1,0.0
gene_744,species_3,t2,0.0
gene_744,species_3,t3,0.0
gene_745,species_1,t0,0.0
gene_745,species_1,t1,0.5373394448372109
gene_745,species_1,t2,0.4559818980823068
gene_745,species_1,t3,0.0558873596632721
gene_745,species_2,t0,0.0
gene_745,species_2,t1,0.10628754349864354
gene_745,species_2,t2,0.0
gene_745,species_2,t3,0.22808001110753545
gene_745,species_3,t0,0.0
gene_745,species_3,t1,0.4119582538447728
gene_745,species_3,t2,0.0
gene_745,species_3,t3,0.0
gene_746,species_1,t0,2.8057797659194774
gene_746,species_1,t1,0.0
gene_746,species_1,t2,0.0
gene_746,species_1,t3,0.0
gene_746,species_2,t0,0.0
gene_746,species_2,t1,1.257912413956098
gene_746,species_2,t2,0.3564733509236613
gene_746,species_2,t3,0.0
gene_746,species_3,t0,1.7805405511598993
gene_746,species_3,t1,4.81260211247895
gene_746,species_3,t2,2.0667501061825764
gene_746,species_3,t3,0.6535226111044071
gene_747,species_1,t0,1.1013144753957513
gene_747,species_1,t1,1.9873422719337124
gene_747,species_1,t2,0.0
gene_747,species_1,t3,1.0962319264185316
gene_747,species_2,t0,0.38901194939095224
gene_747,species_2,t1,0.1038784318813139
gene_747,species_2,t2,0.8277945298645438
gene_747,species_2,t3,1.0645167734609833
gene_747,species_3,t0,0.9194945711159346
gene_747,species_3,t1,2.6233727720719937
gene_747,species_3,t2,0.0
gene_747,species_3,t3,0.47833027440757336
gene_748,species_1,t0,1.8214975914380447
gene_748,species_1,t1,3.538111760870627
gene_748,species_1,t2,3.2242192733710255
gene_748,species_1,t3,1.133284662314563
gene_748,species_2,t0,0.0
gene_748,species_2,t1,0.4871237204314446
gene_748,species_2,t2,2.011406162722934
gene_748,species_2,t3,1.2311762645693962
gene_748,species_3,t0,1.8619307409748136
gene_748,species_3,t1,1.980723682853093
gene_748,species_3,t2,0.0
gene_748,species_3,t3,0.4619329218187955
gene_749,species_1,t0,1.8768930651320803
gene_749,species_1,t1,5.595710144060148
gene_749,species_1,t2,2.178787281705237
gene_749,species_1,t3,0.4343449783194674
gene_749,species_2,t0,0.8845443889971293
gene_749,species_2,t1,1.872573911726457
gene_749,species_2,t2,3.047374645472442
gene_749,species_2,t3,0.0
gene_749,species_3,t0,2.3843267128163133
gene_749,species_3,t1,0.0
gene_749,species_3,t2,7.903084466531453
gene_749,species_3,t3,2.1192579537535736
gene_750,species_1,t0,1.5918969208004772
gene_750,species_1,t1,2.249616018906874
gene_750,species_1,t2,2.834536167612794
gene_750,species_1,t3,0.0
gene_750,species_2,t0,0.0
gene_750,species_2,t1,1.7323454595815106
gene_750,species_2,t2,2.055793803501015
gene_750,species_2,t3,1.4800369119249623
gene_750,species_3,t0,0.0
gene_750,species_3,t1,0.0
gene_750,species_3,t2,0.967531559656786
gene_750,species_3,t3,0.7153275004427362
gene_751,species_1,t0,2.449866445040677
gene_751,species_1,t1,5.317471001418049
gene_751,species_1,t2,3.2331696222679454
gene_751,species_1,t3,0.0
gene_751,species_2,t0,0.7562820929013481
gene_751,species_2,t1,0.8280037049724462
gene_751,species_2,t2,1.735305926340777
gene_751,species_2,t3,0.13080034360957782
gene_751,species_3,t0,2.1918278673635676
gene_751,species_3,t1,0.0
gene_751,species_3,t2,5.940287360821582
gene_751,species_3,t3,1.7156642844727235
gene_752,species_1,t0,0.5675995990049395
gene_752,species_1,t1,0.3775027950766802
gene_752,species_1,t2,0.950495444923344
gene_752,species_1,t3,0.1700370873320122
gene_752,species_2,t0,0.0725708267566311
gene_752,species_2,t1,0.0
gene_752,species_2,t2,0.0
gene_752,species_2,t3,0.47675053611751006
gene_752,species_3,t0,0.17024182699327164
gene_752,species_3,t1,1.3119507331230922
gene_752,species_3,t2,0.5253713988542895
gene_752,species_3,t3,0.19581600190281975
gene_753,species_1,t0,3.283721679564749
gene_753,species_1,t1,5.090132218568765
gene_753,species_1,t2,6.613103665560251
gene_753,species_1,t3,0.0
gene_753,species_2,t0,0.16216746723466768
gene_753,species_2,t1,1.3860451888071443
gene_753,species_2,t2,0.10443104987498868
gene_753,species_2,t3,0.0
gene_753,species_3,t0,2.1677564429641376
gene_753,species_3,t1,6.0282180913108165
gene_753,species_3,t2,1.8587537490788912
gene_753,species_3,t3,0.3187969772327502
gene_754,species_1,t0,0.21708187082229702
gene_754,species_1,t1,1.4831246772404276
gene_754,species_1,t2,0.1313565994310525
gene_754,species_1,t3,0.0
gene_754,species_2,t0,0.0
gene_754,species_2,t1,0.7045661356051153
gene_754,species_2,t2,0.8662216217892726
gene_754,species_2,t3,0.0
gene_754,species_3,t0,0.630884546162929
gene_754,species_3,t1,0.0
gene_754,species_3,t2,2.6336189052728853
gene_754,species_3,t3,0.726470191371055
gene_755,species_1,t0,1.7788783272393487
gene_755,species_1,t1,3.6469750946398976
gene_755,species_1,t2,0.0
gene_755,species_1,t3,0.0
gene_755,species_2,t0,0.3342944577762757
gene_755,species_2,t1,0.7376453643231843
gene_755,species_2,t2,0.0
gene_755,species_2,t3,0.0
gene_755,species_3,t0,1.5668621966927674
gene_755,species_3,t1,0.5727425765864524
gene_755,species_3,t2,4.409206490573309
gene_755,species_3,t3,1.0592389797578063
gene_756,species_1,t0,1.7121912066246698
gene_756,species_1,t1,0.0
gene_756,species_1,t2,2.8048201844689813
gene_756,species_1,t3,0.681027180906455
gene_756,species_2,t0,0.29818680235133976
gene_756,species_2,t1,0.3017453974300456
gene_756,species_2,t2,0.4841456073138877
gene_756,species_2,t3,0.04745090449572456
gene_756,species_3,t0,1.2548728198923744
gene_756,species_3,t1,2.2747193104199046
gene_756,species_3,t2,0.0
gene_756,species_3,t3,0.0
gene_757,species_1,t0,0.6251350664886647
gene_757,species_1,t1,0.0
gene_757,species_1,t2,1.5100805069275738
gene_757,species_1,t3,0.0
gene_757,species_2,t0,0.0
gene_757,species_2,t1,1.0898356160648053
gene_757,species_2,t2,0.84476070916147
gene_757,species_2,t3,0.0
gene_757,species_3,t0,0.19480832711735752
gene_757,species_3,t1,1.8335349462486632
gene_757,species_3,t2,0.2701355949941935
gene_757,species_3,t3,0.015470350095017918
gene_758,species_1,t0,1.2721932464293924
gene_758,species_1,t1,2.739286378389921
gene_758,species_1,t2,0.0
gene_758,species_1,t3,0.532085904671283
gene_758,species_2,t0,0.0
gene_758,species_2,t1,0.38425801094082795
gene_758,species_2,t2,0.9194400040543539
gene_758,species_2,t3,0.1759728658045371
gene_758,species_3,t0,0.0
gene_758,species_3,t1,0.0
gene_758,species_3,t2,3.112681101575242
gene_758,species_3,t3,0.9405809037577608
gene_759,species_1,t0,3.4434736121439133
gene_759,species_1,t1,6.778214661866909
gene_759,species_1,t2,5.908743282978491
gene_759,species_1,t3,0.0
gene_759,species_2,t0,0.413191664340679
gene_759,species_2,t1,0.660936998818658
gene_759,species_2,t2,0.0
gene_759,species_2,t3,0.19259615628120896
gene_759,species_3,t0,2.6919894539864306
gene_759,species_3,t1,4.520637077159647
gene_759,species_3,t2,5.133195712271477
gene_759,species_3,t3,1.6068291147652995
gene_760,species_1,t0,0.0
gene_760,species_1,t1,0.0
gene_760,species_1,t2,0.0
gene_760,species_1,t3,0.717494774918203
gene_760,species_2,t0,0.0
gene_760,species_2,t1,0.25995593218935237
gene_760,species_2,t2,0.48771724070790945
gene_760,species_2,t3,0.6097760548562416
gene_760,species_3,t0,1.0865745028289917
gene_760,species_3,t1,2.1788236590346526
gene_760,species_3,t2,0.8500918679416183
gene_760,species_3,t3,0.0
gene_761,species_1,t0,1.6543815491748535
gene_761,species_1,t1,3.1059879795079484
gene_761,species_1,t2,2.734378749832088
gene_761,species_1,t3,0.49786684344136556
gene_761,species_2,t0,0.47957595397909036
gene_761,species_2,t1,0.48425232367510934
gene_761,species_2,t2,0.08288046228241217
gene_761,species_2,t3,0.3386051655948109
gene_761,species_3,t0,1.144932620789695
gene_761,species_3,t1,2.0252404752724646
gene_761,species_3,t2,0.0
gene_761,species_3,t3,0.9796727412946642
gene_762,species_1,t0,0.2711081970194533
gene_762,species_1,t1,0.0
gene_762,species_1,t2,0.0
gene_762,species_1,t3,0.5305790543000047
gene_762,species_2,t0,0.0
gene_762,species_2,t1,0.0
gene_762,species_2,t2,0.4155092236774147
gene_762,species_2,t3,0.0
gene_762,species_3,t0,0.0
gene_762,species_3,t1,0.0
gene_762,species_3,t2,2.623829999290747
gene_762,species_3,t3,0.0
gene_763,species_1,t0,0.0
gene_763,species_1,t1,3.195885734303512
gene_763,species_1,t2,0.0
gene_763,species_1,t3,0.5324623093752185
gene_763,species_2,t0,0.5476248232575176
gene_763,species_2,t1,0.0
gene_763,species_2,t2,0.8070363830279419
gene_763,species_2,t3,0.6692766412649496
gene_763,species_3,t0,1.0568223102208103
gene_763,species_3,t1,2.081643738406985
gene_763,species_3,t2,2.755042581411933
gene_763,species_3,t3,1.2041446733392287
gene_764,species_1,t0,2.455738718247811
gene_764,species_1,t1,0.0
gene_764,species_1,t2,0.0
gene_764,species_1,t3,0.0
gene_764,species_2,t0,0.40730486911421204
gene_764,species_2,t1,0.8809432004089771
gene_764,species_2,t2,0.3944082426714659
gene_764,species_2,t3,0.0
gene_764,species_3,t0,0.0
gene_764,species_3,t1,3.32257490153851
gene_764,species_3,t2,2.8939344093817803
gene_764,species_3,t3,0.0
gene_765,species_1,t0,0.2200664131427097
gene_765,species_1,t1,0.28574769487060553
gene_765,species_1,t2,0.0
gene_765,species_1,t3,0.09985783882244108
gene_765,species_2,t0,0.2513464052117804
gene_765,species_2,t1,0.8742810251095561
gene_765,species_2,t2,0.0
gene_765,species_2,t3,0.36445257532773806
gene_765,species_3,t0,0.0
gene_765,species_3,t1,0.0
gene_765,species_3,t2,0.9656908571682129
gene_765,species_3,t3,0.0
gene_766,species_1,t0,1.3590102435644305
gene_766,species_1,t1,0.0
gene_766,species_1,t2,2.4624997769628334
gene_766,species_1,t3,0.2199504829721374
gene_766,species_2,t0,0.0
gene_766,species_2,t1,1.7431484893263773
gene_766,species_2,t2,1.9309737291126614
gene_766,species_2,t3,0.8604253721944557
gene_766,species_3,t0,0.2882001499861877
gene_766,species_3,t1,3.0010870002284227
gene_766,species_3,t2,0.8851801014540943
gene_766,species_3,t3,0.20317964476944023
gene_767,species_1,t0,0.2871338598812731
gene_767,species_1,t1,0.0
gene_767,species_1,t2,0.19362609616024118
gene_767,species_1,t3,0.2526966462843315
gene_767,species_2,t0,0.0
gene_767,species_2,t1,0.3693104400106756
gene_767,species_2,t2,0.7157423056473856
gene_767,species_2,t3,0.5350683659091302
gene_767,species_3,t0,0.22145855111404264
gene_767,species_3,t1,0.0
gene_767,species_3,t2,0.0
gene_767,species_3,t3,0.26939142705901076
gene_768,species_1,t0,0.0
gene_768,species_1,t1,0.0
gene_768,species_1,t2,1.6756823159118808
gene_768,species_1,t3,0.0
gene_768,species_2,t0,0.0
gene_768,species_2,t1,0.0
gene_768,species_2,t2,2.95598181503775
gene_768,species_2,t3,1.0329190700759896
gene_768,species_3,t0,0.0
gene_768,species_3,t1,0.0
gene_768,species_3,t2,2.2735279556472876
gene_768,species_3,t3,0.19458295978204576
gene_769,species_1,t0,0.43128577513177413
gene_769,species_1,t1,0.11920218947820706
gene_769,species_1,t2,0.0
gene_769,species_1,t3,0.1700731972499161
gene_769,species_2,t0,0.0
gene_769,species_2,t1,0.7839645093571679
gene_769,species_2,t2,1.2770165645224223
gene_769,species_2,t3,0.8241309792943252
gene_769,species_3,t0,0.2707151323720304
gene_769,species_3,t1,0.0
gene_769,species_3,t2,0.14982755823468633
gene_769,species_3,t3,0.32601313999847154
gene_770,species_1,t0,0.56414792850119
gene_770,species_1,t1,0.0
gene_770,species_1,t2,1.3356017094369597
gene_770,species_1,t3,0.0
gene_770,species_2,t0,0.05019343962739049
gene_770,species_2,t1,0.0
gene_770,species_2,t2,0.0
gene_770,species_2,t3,0.27955021798310237
gene_770,species_3,t0,0.0
gene_770,species_3,t1,0.0
gene_770,species_3,t2,0.0
gene_770,species_3,t3,0.0
gene_771,species_1,t0,0.0
gene_771,species_1,t1,1.0136156452373324
gene_771,species_1,t2,2.6013453253210352
gene_771,species_1,t3,0.814654354061259
gene_771,species_2,t0,0.28640382778306284
gene_771,species_2,t1,1.293285438788167
gene_771,species_2,t2,0.7763001369398801
gene_771,species_2,t3,0.0
gene_771,species_3,t0,0.3326949194514288
gene_771,species_3,t1,2.948779128900236
gene_771,species_3,t2,0.9630994754838156
gene_771,species_3,t3,0.38897214706399746
gene_772,species_1,t0,0.19293040198143213
gene_772,species_1,t1,0.0
gene_772,species_1,t2,0.0
gene_772,species_1,t3,0.0
gene_772,species_2,t0,0.25041268087009816
gene_772,species_2,t1,1.7527645584508127
gene_772,species_2,t2,3.0408494913283772
gene_772,species_2,t3,0.0
gene_772,species_3,t0,0.8714358437268126
gene_772,species_3,t1,1.0141170037871123
gene_772,species_3,t2,0.0
gene_772,species_3,t3,0.05086844095263413
gene_773,species_1,t0,0.1774262057919764
gene_773,species_1,t1,0.0
gene_773,species_1,t2,0.16047601247314985
gene_773,species_1,t3,0.3024580534489043
gene_773,species_2,t0,0.0
gene_773,species_2,t1,0.4787915496856379
gene_773,species_2,t2,0.0
gene_773,species_2,t3,1.4057973863860784
gene_773,species_3,t0,0.24626329873069885
gene_773,species_3,t1,0.00033728195512039427
gene_773,species_3,t2,0.8194082127534923
gene_773,species_3,t3,0.6543897502310994
gene_774,species_1,t0,0.0
gene_774,species_1,t1,0.0
gene_774,species_1,t2,5.423212675346741
gene_774,species_1,t3,0.0
gene_774,species_2,t0,0.20544100248186817
gene_774,species_2,t1,0.0
gene_774,species_2,t2,2.88252272355755
gene_774,species_2,t3,0.0
gene_774,species_3,t0,0.8925211048809372
gene_774,species_3,t1,6.253288556354267
gene_774,species_3,t2,0.0
gene_774,species_3,t3,0.2853826783113091
gene_775,species_1,t0,0.0
gene_775,species_1,t1,0.0
gene_775,species_1,t2,5.245204981444342
gene_775,species_1,t3,1.2777992524798492
gene_775,species_2,t0,0.0
gene_775,species_2,t1,0.0
gene_775,species_2,t2,1.2152967594264552
gene_775,species_2,t3,0.7536018252728217
gene_775,species_3,t0,1.527073751170962
gene_775,species_3,t1,5.263826182074761
gene_775,species_3,t2,1.6499839673734138
gene_775,species_3,t3,0.713071965359069
gene_776,species_1,t0,0.05349542005809081
gene_776,species_1,t1,1.246900531052432
gene_776,species_1,t2,0.0
gene_776,species_1,t3,0.26575931800085095
gene_776,species_2,t0,0.5184652914173792
gene_776,species_2,t1,1.5987683157942283
gene_776,species_2,t2,2.293088308402195
gene_776,species_2,t3,0.0
gene_776,species_3,t0,0.40553665558064717
gene_776,species_3,t1,2.5213578354153747
gene_776,species_3,t2,3.4281352063587076
gene_776,species_3,t3,0.902785575908748
gene_777,species_1,t0,0.44301207700627065
gene_777,species_1,t1,0.16241065696775758
gene_777,species_1,t2,1.4586508795686526
gene_777,species_1,t3,0.4167176453233396
gene_777,species_2,t0,0.20027926202092458
gene_777,species_2,t1,1.0736802237813912
gene_777,species_2,t2,1.5295062749192962
gene_777,species_2,t3,0.4981103496592313
gene_777,species_3,t0,0.0
gene_777,species_3,t1,2.1519231838697643
gene_777,species_3,t2,1.1627607444443957
gene_777,species_3,t3,0.28903833637333654
gene_778,species_1,t0,0.0
gene_778,species_1,t1,0.0
gene_778,species_1,t2,0.7801896929631643
gene_778,species_1,t3,0.0
gene_778,species_2,t0,0.21394376023987605
gene_778,species_2,t1,0.0
gene_778,species_2,t2,0.13920146620549212
gene_778,species_2,t3,0.2677001957606301
gene_778,species_3,t0,0.0
gene_778,species_3,t1,0.6236012247122307
gene_778,species_3,t2,0.0
gene_778,species_3,t3,0.25397113083905243
gene_779,species_1,t0,0.0
gene_779,species_1,t1,2.7828398085551482
gene_779,species_1,t2,2.4265694554104456
gene_779,species_1,t3,0.790787642570049
gene_779,species_2,t0,0.0
gene_779,species_2,t1,0.0
gene_779,species_2,t2,0.0
gene_779,species_2,t3,1.2421002973598714
gene_779,species_3,t0,1.367385022132599
gene_779,species_3,t1,1.4646197118499953
gene_779,species_3,t2,0.0
gene_779,species_3,t3,0.0
gene_780,species_1,t0,0.3756286264130967
gene_780,species_1,t1,0.0
gene_780,species_1,t2,0.7134669420595999
gene_780,species_1,t3,0.24823818938161962
gene_780,species_2,t0,0.2928544211871172
gene_780,species_2,t1,0.5758955567627015
gene_780,species_2,t2,0.758924187059723
gene_780,species_2,t3,0.0
gene_780,species_3,t0,0.5715351409029059
gene_780,species_3,t1,0.0
gene_780,species_3,t2,1.9268237620098307
gene_780,species_3,t3,0.4220466666600796
gene_781,species_1,t0,0.18458431991291652
gene_781,species_1,t1,1.5805155815189624
gene_781,species_1,t2,0.8676497487263158
gene_781,species_1,t3,0.30497890602024985
gene_781,species_2,t0,0.5581052899634549
gene_781,species_2,t1,1.6122581543873276
gene_781,species_2,t2,2.135638877107869
gene_781,species_2,t3,0.3324982894538045
gene_781,species_3,t0,0.781724788838726
gene_781,species_3,t1,2.5072830394707695
gene_781,species_3,t2,3.951487970586988
gene_781,species_3,t3,0.9897886475716625
gene_782,species_1,t0,0.0
gene_782,species_1,t1,0.14468156837205384
gene_782,species_1,t2,0.2857101783871052
gene_782,species_1,t3,0.11656916339819613
gene_782,species_2,t0,0.0
gene_782,species_2,t1,0.0
gene_782,species_2,t2,1.4867182266906362
gene_782,species_2,t3,0.0
gene_782,species_3,t0,0.0
gene_782,species_3,t1,0.8243223422116256
gene_782,species_3,t2,0.0
gene_782,species_3,t3,0.06693863933929955
gene_783,species_1,t0,0.0
gene_783,species_1,t1,1.3038386069822328
gene_783,species_1,t2,1.7465818379091893
gene_783,species_1,t3,0.3999298370469633
gene_783,species_2,t0,0.0
gene_783,species_2,t1,0.3058759631295659
gene_783,species_2,t2,0.0
gene_783,species_2,t3,0.0
gene_783,species_3,t0,0.0
gene_783,species_3,t1,1.4878617013855966
gene_783,species_3,t2,0.4378992335550379
gene_783,species_3,t3,0.3010636117664699
gene_784,species_1,t0,0.0
gene_784,species_1,t1,0.0
gene_784,species_1,t2,0.14615556741696958
gene_784,species_1,t3,0.0
gene_784,species_2,t0,0.07492422042256358
gene_784,species_2,t1,0.1455424445486331
gene_784,species_2,t2,0.0
gene_784,species_2,t3,0.12211492060983739
gene_784,species_3,t0,0.09630343432851907
gene_784,species_3,t1,0.6001711939551131
gene_784,species_3,t2,0.7303615359362443
gene_784,species_3,t3,0.0
gene_785,species_1,t0,3.1635945449002345
gene_785,species_1,t1,5.984592256238873
gene_785,species_1,t2,0.0
gene_785,species_1,t3,1.280006158903689
gene_785,species_2,t0,0.5157820472031612
gene_785,species_2,t1,0.0
gene_785,species_2,t2,0.0
gene_785,species_2,t3,0.0
gene_785,species_3,t0,2.2487487413907914
gene_785,species_3,t1,4.0416464823907345
gene_785,species_3,t2,0.0
gene_785,species_3,t3,0.0
gene_786,species_1,t0,0.8604302710532192
gene_786,species_1,t1,1.4261413748437923
gene_786,species_1,t2,1.039198335408153
gene_786,species_1,t3,0.07789373323493615
gene_786,species_2,t0,0.5078924686115504
gene_786,species_2,t1,0.7237749278805181
gene_786,species_2,t2,0.0
gene_786,species_2,t3,0.0
gene_786,species_3,t0,0.46094589132188774
gene_786,species_3,t1,0.9998972195146774
gene_786,species_3,t2,1.4625977456433112
gene_786,species_3,t3,0.0
gene_787,species_1,t0,0.0
gene_787,species_1,t1,0.0
gene_787,species_1,t2,1.4437529550039523
gene_787,species_1,t3,0.0
gene_787,species_2,t0,0.9306145889047247
gene_787,species_2,t1,1.4575482803623423
gene_787,species_2,t2,1.2361760262664172
gene_787,species_2,t3,0.0
gene_787,species_3,t0,0.3953713507849109
gene_787,species_3,t1,2.850981924677475
gene_787,species_3,t2,0.0
gene_787,species_3,t3,1.4103249850185544
gene_788,species_1,t0,0.2000018220857547
gene_788,species_1,t1,0.2619664884512996
gene_788,species_1,t2,0.0
gene_788,species_1,t3,0.0
gene_788,species_2,t0,0.21926047165641036
gene_788,species_2,t1,0.0
gene_788,species_2,t2,0.730362334678284
gene_788,species_2,t3,0.24829856186285454
gene_788,species_3,t0,0.04669768565316518
gene_788,species_3,t1,0.9225862516943376
gene_788,species_3,t2,0.9555078495341576
gene_788,species_3,t3,0.1963820880030798
gene_789,species_1,t0,0.26101819346706134
gene_789,species_1,t1,0.0
gene_789,species_1,t2,0.0
gene_789,species_1,t3,0.05598245040290703
gene_789,species_2,t0,0.279013042279957
gene_789,species_2,t1,0.0
gene_789,species_2,t2,0.05296567890346687
gene_789,species_2,t3,0.4446792509823425
gene_789,species_3,t0,0.181574596860741
gene_789,species_3,t1,0.0
gene_789,species_3,t2,1.558200534599621
gene_789,species_3,t3,0.7925187027105821
gene_790,species_1,t0,1.5529179607089285
gene_790,species_1,t1,2.4435657652654843
gene_790,species_1,t2,2.6242497279790187
gene_790,species_1,t3,0.638442824573073
gene_790,species_2,t0,0.24360378022139245
gene_790,species_2,t1,0.0
gene_790,species_2,t2,0.0
gene_790,species_2,t3,0.0
gene_790,species_3,t0,0.0
gene_790,species_3,t1,2.04886946609019
gene_790,species_3,t2,1.809076412033672
gene_790,species_3,t3,0.4978026500657024
gene_791,species_1,t0,0.3463732179877309
gene_791,species_1,t1,1.2500997952064923
gene_791,species_1,t2,0.0
gene_791,species_1,t3,0.0
gene_791,species_2,t0,0.0
gene_791,species_2,t1,0.22067921454955033
gene_791,species_2,t2,0.8396371520789064
gene_791,species_2,t3,0.383526941852929
gene_791,species_3,t0,0.0
gene_791,species_3,t1,0.6161044409243626
gene_791,species_3,t2,0.0
gene_791,species_3,t3,0.0370012596109709
gene_792,species_1,t0,2.1468251121791355
gene_792,species_1,t1,4.095358887780997
gene_792,species_1,t2,3.8785584276545877
gene_792,species_1,t3,0.9420603553731919
gene_792,species_2,t0,0.2129204220645311
gene_792,species_2,t1,0.2462277788338378
gene_792,species_2,t2,0.6265563565823669
gene_792,species_2,t3,0.0
gene_792,species_3,t0,0.0
gene_792,species_3,t1,2.7434781937038215
gene_792,species_3,t2,0.0
gene_792,species_3,t3,0.68614696407593
gene_793,species_1,t0,1.5132806153422242
gene_793,species_1,t1,3.874429959312774
gene_793,species_1,t2,0.0
gene_793,species_1,t3,0.5650851485312992
gene_793,species_2,t0,0.3493650774265851
gene_793,species_2,t1,1.1877517316678081
gene_793,species_2,t2,2.478192600237762
gene_793,species_2,t3,0.813438813058308
gene_793,species_3,t0,1.7605696677194047
gene_793,species_3,t1,0.0879671081962671
gene_793,species_3,t2,4.785141333438908
gene_793,species_3,t3,0.9313635879022537
gene_794,species_1,t0,1.2560390385104558
gene_794,species_1,t1,2.6282632038785145
gene_794,species_1,t2,0.0
gene_794,species_1,t3,0.0
gene_794,species_2,t0,0.0
gene_794,species_2,t1,0.0
gene_794,species_2,t2,1.160253627809548
gene_794,species_2,t3,0.5141758603458869
gene_794,species_3,t0,1.1693017024062777
gene_794,species_3,t1,0.0
gene_794,species_3,t2,2.4428697086084594
gene_794,species_3,t3,0.6172499111582458
gene_795,species_1,t0,0.6261899489096845
gene_795,species_1,t1,0.0
gene_795,species_1,t2,0.5819982204563401
gene_795,species_1,t3,0.09538876887987699
gene_795,species_2,t0,0.3394956704902574
gene_795,species_2,t1,0.1002806581464831
gene_795,species_2,t2,0.3471367982473912
gene_795,species_2,t3,0.5868444245847231
gene_795,species_3,t0,0.3032006341874476
gene_795,species_3,t1,0.18780635745533988
gene_795,species_3,t2,1.901572989407255
gene_795,species_3,t3,0.7736918130801064
gene_796,species_1,t0,1.1282137831844632
gene_796,species_1,t1,0.0
gene_796,species_1,t2,0.0
gene_796,species_1,t3,0.09114937478306048
gene_796,species_2,t0,0.6014095854759389
gene_796,species_2,t1,0.0
gene_796,species_2,t2,0.0
gene_796,species_2,t3,0.549959336564609
gene_796,species_3,t0,0.0
gene_796,species_3,t1,0.3922963623689032
gene_796,species_3,t2,2.6586532747648026
gene_796,species_3,t3,0.0
gene_797,species_1,t0,0.0
gene_797,species_1,t1,0.0
gene_797,species_1,t2,0.0
gene_797,species_1,t3,0.46957734072383256
gene_797,species_2,t0,0.41955398357295925
gene_797,species_2,t1,0.0
gene_797,species_2,t2,0.0
gene_797,species_2,t3,1.397461464028928
gene_797,species_3,t0,0.5810247558493569
gene_797,species_3,t1,0.07453254742576366
gene_797,species_3,t2,0.05524276812542178
gene_797,species_3,t3,0.2924349152319036
gene_798,species_1,t0,0.2736760823850465
gene_798,species_1,t1,0.3791653054951787
gene_798,species_1,t2,1.6127566584787332
gene_798,species_1,t3,0.0
gene_798,species_2,t0,0.5602602777185826
gene_798,species_2,t1,0.2786760137536804
gene_798,species_2,t2,0.4129657268907134
gene_798,species_2,t3,0.0
gene_798,species_3,t0,0.3752048208341103
gene_798,species_3,t1,0.0
gene_798,species_3,t2,1.3095627462717279
gene_798,species_3,t3,0.813486311251901
gene_799,species_1,t0,0.0
gene_799,species_1,t1,0.9777820716859367
gene_799,species_1,t2,0.22878452723442033
gene_799,species_1,t3,0.0
gene_799,species_2,t0,0.4197517495498446
gene_799,species_2,t1,0.43698136560557915
gene_799,species_2,t2,0.0
gene_799,species_2,t3,1.0636325479344884
gene_799,species_3,t0,0.13404177859879418
gene_799,species_3,t1,0.0
gene_799,species_3,t2,0.0
gene_799,species_3,t3,0.7337645101962611
gene_800,species_1,t0,0.0
gene_800,species_1,t1,0.30386066994476985
gene_800,species_1,t2,1.4601203289233868
gene_800,species_1,t3,0.7852541696332545
gene_800,species_2,t0,0.2256100235984995
gene_800,species_2,t1,0.3171238161846113
gene_800,species_2,t2,0.11833559195494346
gene_800,species_2,t3,0.3810416638122761
gene_800,species_3,t0,0.36508689370406416
gene_800,species_3,t1,1.3641235025995737
gene_800,species_3,t2,1.0827192414951516
gene_800,species_3,t3,0.0
gene_801,species_1,t0,2.5584760461470313
gene_801,species_1,t1,5.382798306055423
gene_801,species_1,t2,4.547361477505515
gene_801,species_1,t3,1.1776388398932671
gene_801,species_2,t0,0.0
gene_801,species_2,t1,0.382771698446966
gene_801,species_2,t2,2.013421418453867
gene_801,species_2,t3,0.0
gene_801,species_3,t0,0.0
gene_801,species_3,t1,3.0027856381796885
gene_801,species_3,t2,0.0
gene_801,species_3,t3,0.920868655887819
gene_802,species_1,t0,0.4702633346694791
gene_802,species_1,t1,0.9588631894246973
gene_802,species_1,t2,1.5760819189714619
gene_802,species_1,t3,0.45790774739783785
gene_802,species_2,t0,0.37975922196796186
gene_802,species_2,t1,0.0
gene_802,species_2,t2,0.47768236917048396
gene_802,species_2,t3,0.4501285706360948
gene_802,species_3,t0,0.6079123064140655
gene_802,species_3,t1,1.2532257914504086
gene_802,species_3,t2,0.2758172055014444
gene_802,species_3,t3,0.0
gene_803,species_1,t0,0.0
gene_803,species_1,t1,2.297986020640809
gene_803,species_1,t2,1.9085904116648331
gene_803,species_1,t3,0.34447311843389355
gene_803,species_2,t0,0.225526253869283
gene_803,species_2,t1,0.5120054518982697
gene_803,species_2,t2,0.07163372783370825
gene_803,species_2,t3,0.0
gene_803,species_3,t0,0.791362362722345
gene_803,species_3,t1,1.4166909703391715
gene_803,species_3,t2,0.0
gene_803,species_3,t3,0.8345443868895447
gene_804,species_1,t0,0.0
gene_804,species_1,t1,0.2745602988410321
gene_804,species_1,t2,0.0
gene_804,species_1,t3,0.06851630590387373
gene_804,species_2,t0,0.0
gene_804,species_2,t1,0.3831489196463388
gene_804,species_2,t2,0.7169220310890123
gene_804,species_2,t3,0.0
gene_804,species_3,t0,0.21958172363880715
gene_804,species_3,t1,0.0
gene_804,species_3,t2,0.4885560013961114
gene_804,species_3,t3,0.0
gene_805,species_1,t0,2.4623813453160714
gene_805,species_1,t1,3.47755475252231
gene_805,species_1,t2,4.7749135398107025
gene_805,species_1,t3,1.1058813747762595
gene_805,species_2,t0,0.2426884219176935
gene_805,species_2,t1,0.0
gene_805,species_2,t2,1.5498271908987618
gene_805,species_2,t3,0.5913413931028746
gene_805,species_3,t0,0.0
gene_805,species_3,t1,4.954479535744002
gene_805,species_3,t2,0.6159188697391432
gene_805,species_3,t3,0.2679262704466359
gene_806,species_1,t0,0.7982445815090284
gene_806,species_1,t1,1.5585919720225225
gene_806,species_1,t2,1.1225830645179429
gene_806,species_1,t3,0.29785317321521954
gene_806,species_2,t0,0.41780934268468606
gene_806,species_2,t1,0.0696948488965027
gene_806,species_2,t2,0.20717993922613664
gene_806,species_2,t3,0.1579368143699225
gene_806,species_3,t0,0.6226925340619713
gene_806,species_3,t1,0.6298111273993502
gene_806,species_3,t2,1.4989116937053588
gene_806,species_3,t3,0.8511922154936917
gene_807,species_1,t0,0.0
gene_807,species_1,t1,4.670019650717444
gene_807,species_1,t2,3.978611796709629
gene_807,species_1,t3,1.077962588505132
gene_807,species_2,t0,0.5718294044576927
gene_807,species_2,t1,0.0
gene_807,species_2,t2,1.0532351474344772
gene_807,species_2,t3,0.1916406966508873
gene_807,species_3,t0,2.133621656864387
gene_807,species_3,t1,0.0
gene_807,species_3,t2,0.0
gene_807,species_3,t3,1.0178356298007178
gene_808,species_1,t0,1.1869653065882027
gene_808,species_1,t1,3.2352267761505886
gene_808,species_1,t2,1.6427311628609016
gene_808,species_1,t3,0.5716421463583153
gene_808,species_2,t0,0.408233496708676
gene_808,species_2,t1,0.0
gene_808,species_2,t2,0.0
gene_808,species_2,t3,0.0
gene_808,species_3,t0,1.6491778617959802
gene_808,species_3,t1,0.0
gene_808,species_3,t2,4.406718788985024
gene_808,species_3,t3,1.0163999667453554
gene_809,species_1,t0,0.0
gene_809,species_1,t1,0.0
gene_809,species_1,t2,4.107762853734341
gene_809,species_1,t3,1.0660316901269902
gene_809,species_2,t0,0.0
gene_809,species_2,t1,1.0771110435091338
gene_809,species_2,t2,0.3147211721771477
gene_809,species_2,t3,0.0
gene_809,species_3,t0,1.3519869378599785
gene_809,species_3,t1,3.863993852606936
gene_809,species_3,t2,1.9174616620784124
gene_809,species_3,t3,0.0
gene_810,species_1,t0,0.8207165421856611
gene_810,species_1,t1,0.398157343032213
gene_810,species_1,t2,1.6676041078818897
gene_810,species_1,t3,0.26353331036093314
gene_810,species_2,t0,0.0018422554862567997
gene_810,species_2,t1,1.615567552213169
gene_810,species_2,t2,2.295303027222843
gene_810,species_2,t3,0.0
gene_810,species_3,t0,0.0
gene_810,species_3,t1,2.509913571159737
gene_810,species_3,t2,1.6246244521310427
gene_810,species_3,t3,0.15760964092812235
gene_811,species_1,t0,0.8163327085139941
gene_811,species_1,t1,2.369741830005431
gene_811,species_1,t2,0.7941363731008818
gene_811,species_1,t3,0.22120863859040746
gene_811,species_2,t0,0.42161483869852634
gene_811,species_2,t1,0.0
gene_811,species_2,t2,1.3624208134200662
gene_811,species_2,t3,0.0
gene_811,species_3,t0,0.9278717823127358
gene_811,species_3,t1,0.34202653167536107
gene_811,species_3,t2,0.0
gene_811,species_3,t3,0.9427723228375652
gene_812,species_1,t0,0.0
gene_812,species_1,t1,0.0
gene_812,species_1,t2,0.769787056876436
gene_812,species_1,t3,0.08664087855985647
gene_812,species_2,t0,0.44943133648058176
gene_812,species_2,t1,0.0
gene_812,species_2,t2,0.0022941976275289155
gene_812,species_2,t3,0.4588692425563548
gene_812,species_3,t0,0.0
gene_812,species_3,t1,0.0
gene_812,species_3,t2,2.2183206481236333
gene_812,species_3,t3,1.1377114278242484
gene_813,species_1,t0,0.0
gene_813,species_1,t1,3.283866615396263
gene_813,species_1,t2,2.567278158325729
gene_813,species_1,t3,0.0
gene_813,species_2,t0,0.0780586155060235
gene_813,species_2,t1,0.0
gene_813,species_2,t2,0.0
gene_813,species_2,t3,0.39989663197985187
gene_813,species_3,t0,1.419149006683612
gene_813,species_3,t1,0.0
gene_813,species_3,t2,3.076865746596451
gene_813,species_3,t3,0.0
gene_814,species_1,t0,0.0
gene_814,species_1,t1,0.9607686580353363
gene_814,species_1,t2,0.0
gene_814,species_1,t3,0.0
gene_814,species_2,t0,0.2334883977706702
gene_814,species_2,t1,0.7452962837775108
gene_814,species_2,t2,0.0
gene_814,species_2,t3,0.6315951914160521
gene_814,species_3,t0,0.08505770853172223
gene_814,species_3,t1,1.2988444325615123
gene_814,species_3,t2,0.567541410190017
gene_814,species_3,t3,0.0
gene_815,species_1,t0,2.825255783453716
gene_815,species_1,t1,3.986837889781706
gene_815,species_1,t2,4.976280630932015
gene_815,species_1,t3,0.0
gene_815,species_2,t0,0.4445776612389962
gene_815,species_2,t1,2.7978930525869363
gene_815,species_2,t2,0.0
gene_815,species_2,t3,0.0
gene_815,species_3,t0,1.1417064175620846
gene_815,species_3,t1,0.0
gene_815,species_3,t2,0.8579215133051961
gene_815,species_3,t3,0.9962515965577348
gene_816,species_1,t0,0.3203158287920287
gene_816,species_1,t1,1.0005895944707706
gene_816,species_1,t2,0.18015379346716215
gene_816,species_1,t3,0.16060365517139838
gene_816,species_2,t0,0.06230258098106366
gene_816,species_2,t1,0.0
gene_816,species_2,t2,2.732794562862276
gene_816,species_2,t3,0.0
gene_816,species_3,t0,0.6554546463078078
gene_816,species_3,t1,0.0
gene_816,species_3,t2,2.0432153183464723
gene_816,species_3,t3,0.01693028812738587
gene_817,species_1,t0,0.0
gene_817,species_1,t1,0.0
gene_817,species_1,t2,0.0
gene_817,species_1,t3,1.198230632327766
gene_817,species_2,t0,0.05032897388432138
gene_817,species_2,t1,0.41426349060877976
gene_817,species_2,t2,0.5576426620447636
gene_817,species_2,t3,0.0
gene_817,species_3,t0,1.1159161762490786
gene_817,species_3,t1,2.841633223754368
gene_817,species_3,t2,0.6827078514544044
gene_817,species_3,t3,0.10239416009059599
gene_818,species_1,t0,0.28855473498524387
gene_818,species_1,t1,0.0
gene_818,species_1,t2,0.0
gene_818,species_1,t3,0.14457170912449321
gene_818,species_2,t0,0.0
gene_818,species_2,t1,0.0
gene_818,species_2,t2,0.0
gene_818,species_2,t3,0.0
gene_818,species_3,t0,0.0
gene_818,species_3,t1,0.0
gene_818,species_3,t2,1.8716464450274157
gene_818,species_3,t3,0.6370184868998393
gene_819,species_1,t0,0.1632639731241916
gene_819,species_1,t1,0.5590005748790319
gene_819,species_1,t2,0.5596619265809384
gene_819,species_1,t3,0.0
gene_819,species_2,t0,0.08018195103634929
gene_819,species_2,t1,0.015918913949055452
gene_819,species_2,t2,0.7609503511438094
gene_819,species_2,t3,0.0
gene_819,species_3,t0,0.5133677434680775
gene_819,species_3,t1,0.5055965485074085
gene_819,species_3,t2,0.10703366904588706
gene_819,species_3,t3,0.2452633828240368
gene_820,species_1,t0,1.1404448765232718
gene_820,species_1,t1,0.0
gene_820,species_1,t2,1.8255740665736846
gene_820,species_1,t3,0.22353762664248578
gene_820,species_2,t0,0.3242602822881927
gene_820,species_2,t1,0.0
gene_820,species_2,t2,1.4088228580010236
gene_820,species_2,t3,0.8472729368756993
gene_820,species_3,t0,0.17822416707838268
gene_820,species_3,t1,2.1005055916722535
gene_820,species_3,t2,0.0
gene_820,species_3,t3,0.2990947394961784
gene_821,species_1,t0,1.854069803732948
gene_821,species_1,t1,0.0
gene_821,species_1,t2,2.1692303772430783
gene_821,species_1,t3,0.4307583150520347
gene_821,species_2,t0,0.0
gene_821,species_2,t1,0.5170028848007499
gene_821,species_2,t2,0.66645149505966
gene_821,species_2,t3,1.1857343385062284
gene_821,species_3,t0,0.0
gene_821,species_3,t1,1.5381901665809925
gene_821,species_3,t2,3.674383333886747
gene_821,species_3,t3,1.4766943633226317
gene_822,species_1,t0,1.6409139635167453
gene_822,species_1,t1,0.0
gene_822,species_1,t2,0.0
gene_822,species_1,t3,0.54969009518763
gene_822,species_2,t0,0.490522787420741
gene_822,species_2,t1,0.5981852903048214
gene_822,species_2,t2,0.0
gene_822,species_2,t3,0.0
gene_822,species_3,t0,1.6772826605599926
gene_822,species_3,t1,0.0
gene_822,species_3,t2,4.800417812181376
gene_822,species_3,t3,1.2585711760783074
gene_823,species_1,t0,0.6992251101043971
gene_823,species_1,t1,0.0
gene_823,species_1,t2,1.6116276370210196
gene_823,species_1,t3,0.0
gene_823,species_2,t0,0.31816049938509117
gene_823,species_2,t1,1.0833516669018897
gene_823,species_2,t2,1.289877110282815
gene_823,species_2,t3,0.0
gene_823,species_3,t0,0.0
gene_823,species_3,t1,1.7112345227077521
gene_823,species_3,t2,0.10547453357646668
gene_823,species_3,t3,0.0
gene_824,species_1,t0,1.8132156617491109
gene_824,species_1,t1,0.0
gene_824,species_1,t2,3.5412823066982027
gene_824,species_1,t3,0.0
gene_824,species_2,t0,0.13138822776830061
gene_824,species_2,t1,0.0
gene_824,species_2,t2,2.0255539262004327
gene_824,species_2,t3,1.6094923060909319
gene_824,species_3,t0,1.819521365699737
gene_824,species_3,t1,2.8644356548860506
gene_824,species_3,t2,0.0
gene_824,species_3,t3,0.30830754396300464
gene_825,species_1,t0,0.0
gene_825,species_1,t1,0.0
gene_825,species_1,t2,0.17936172448555188
gene_825,species_1,t3,0.29561314916669523
gene_825,species_2,t0,0.20727723734112155
gene_825,species_2,t1,0.19795922991905568
gene_825,species_2,t2,0.0
gene_825,species_2,t3,0.5442387736788123
gene_825,species_3,t0,0.0
gene_825,species_3,t1,0.13951409663073838
gene_825,species_3,t2,0.0
gene_825,species_3,t3,0.14529577730279292
gene_826,species_1,t0,1.0274172470549359
gene_826,species_1,t1,2.915251340702552
gene_826,species_1,t2,0.0
gene_826,species_1,t3,0.3104250904518928
gene_826,species_2,t0,0.0
gene_826,species_2,t1,0.567166629320222
gene_826,species_2,t2,0.0
gene_826,species_2,t3,0.0
gene_826,species_3,t0,0.0
gene_826,species_3,t1,0.0
gene_826,species_3,t2,0.0
gene_826,species_3,t3,1.8890556509656011
gene_827,species_1,t0,1.3292067639205274
gene_827,species_1,t1,0.0
gene_827,species_1,t2,2.062307779613244
gene_827,species_1,t3,0.2759557786982441
gene_827,species_2,t0,0.3690035774051722
gene_827,species_2,t1,1.9415681985194375
gene_827,species_2,t2,0.0
gene_827,species_2,t3,0.0
gene_827,species_3,t0,0.0
gene_827,species_3,t1,2.7912889943067203
gene_827,species_3,t2,0.22122259359244162
gene_827,species_3,t3,0.4802812653399821
gene_828,species_1,t0,0.0
gene_828,species_1,t1,0.0
gene_828,species_1,t2,1.8814198174180108
gene_828,species_1,t3,0.2995077546868546
gene_828,species_2,t0,0.5481316515968663
gene_828,species_2,t1,0.0
gene_828,species_2,t2,0.3415328215020176
gene_828,species_2,t3,0.0
gene_828,species_3,t0,0.0
gene_828,species_3,t1,1.2014345794238743
gene_828,species_3,t2,2.753817448961352
gene_828,species_3,t3,1.0134024629765357
gene_829,species_1,t0,0.9782271449175118
gene_829,species_1,t1,1.8007321942704526
gene_829,species_1,t2,0.0
gene_829,species_1,t3,1.2069743289056813
gene_829,species_2,t0,0.41414718573058107
gene_829,species_2,t1,0.4685055644610298
gene_829,species_2,t2,1.8647725580715888
gene_829,species_2,t3,1.4830797136408556
gene_829,species_3,t0,1.1590378941064814
gene_829,species_3,t1,0.0
gene_829,species_3,t2,0.8022985431852884
gene_829,species_3,t3,0.39149264941216916
gene_830,species_1,t0,0.0
gene_830,species_1,t1,0.0
gene_830,species_1,t2,0.0
gene_830,species_1,t3,1.9649740573083685
gene_830,species_2,t0,0.46128726835925504
gene_830,species_2,t1,0.0
gene_830,species_2,t2,1.1053494144611653
gene_830,species_2,t3,0.0
gene_830,species_3,t0,3.558212739461053
gene_830,species_3,t1,6.288955247141423
gene_830,species_3,t2,5.854421646445694
gene_830,species_3,t3,1.39314697292869
gene_831,species_1,t0,1.7780938429153543
gene_831,species_1,t1,3.307083210325476
gene_831,species_1,t2,3.460130536115164
gene_831,species_1,t3,0.8072008169725962
gene_831,species_2,t0,0.1292341216208608
gene_831,species_2,t1,0.9127604067454982
gene_831,species_2,t2,0.0
gene_831,species_2,t3,0.0
gene_831,species_3,t0,1.3713480458739618
gene_831,species_3,t1,3.10844292816463
gene_831,species_3,t2,1.5772950068416765
gene_831,species_3,t3,0.5562771615019309
gene_832,species_1,t0,1.3232476620559326
gene_832,species_1,t1,3.2185753997199633
gene_832,species_1,t2,0.0
gene_832,species_1,t3,0.6668500378973626
gene_832,species_2,t0,0.3284867663239477
gene_832,species_2,t1,1.7297958332027588
gene_832,species_2,t2,0.0
gene_832,species_2,t3,0.0
gene_832,species_3,t0,1.6342587160278732
gene_832,species_3,t1,0.4588781289066119
gene_832,species_3,t2,0.0
gene_832,species_3,t3,0.8575314680036732
gene_833,species_1,t0,0.0
gene_833,species_1,t1,0.0
gene_833,species_1,t2,0.0
gene_833,species_1,t3,0.9368658450419196
gene_833,species_2,t0,0.6054814554450273
gene_833,species_2,t1,0.0
gene_833,species_2,t2,0.10309048968588855
gene_833,species_2,t3,0.8953856985895854
gene_833,species_3,t0,0.6154797261069547
gene_833,species_3,t1,3.5883150960245707
gene_833,species_3,t2,1.8160573930197723
gene_833,species_3,t3,0.828689171467282
gene_834,species_1,t0,1.2208212489066814
gene_834,species_1,t1,1.4091135222512632
gene_834,species_1,t2,0.0
gene_834,species_1,t3,0.0
gene_834,species_2,t0,0.0
gene_834,species_2,t1,2.207153720784892
gene_834,species_2,t2,2.692976730510412
gene_834,species_2,t3,1.3859908474304732
gene_834,species_3,t0,0.1316639363215122
gene_834,species_3,t1,0.0
gene_834,species_3,t2,0.5932433215401957
gene_834,species_3,t3,0.680021809048728
gene_835,species_1,t0,0.8442620873300545
gene_835,species_1,t1,1.9106740858456508
gene_835,species_1,t2,1.630922990686106
gene_835,species_1,t3,0.6112388697468418
gene_835,species_2,t0,0.0
gene_835,species_2,t1,0.0
gene_835,species_2,t2,0.0
gene_835,species_2,t3,0.0
gene_835,species_3,t0,0.6797776279279687
gene_835,species_3,t1,1.18981811252177
gene_835,species_3,t2,1.3325831688118248
gene_835,species_3,t3,0.0
gene_836,species_1,t0,0.0
gene_836,species_1,t1,1.2093876138971618
gene_836,species_1,t2,0.0
gene_836,species_1,t3,0.413916157601547
gene_836,species_2,t0,0.0
gene_836,species_2,t1,0.0761704726542371
gene_836,species_2,t2,0.7390591256129074
gene_836,species_2,t3,0.14591164903669845
gene_836,species_3,t0,0.0
gene_836,species_3,t1,0.7096842810498665
gene_836,species_3,t2,0.9651392034043254
gene_836,species_3,t3,0.3372523445651528
gene_837,species_1,t0,0.24530679989139575
gene_837,species_1,t1,0.0
gene_837,species_1,t2,0.0
gene_837,species_1,t3,0.3018208283167434
gene_837,species_2,t0,0.3201060026456324
gene_837,species_2,t1,0.0
gene_837,species_2,t2,0.0
gene_837,species_2,t3,0.6741256871443666
gene_837,species_3,t0,0.5019982325179287
gene_837,species_3,t1,0.0
gene_837,species_3,t2,0.0
gene_837,species_3,t3,0.22411137713089158
gene_838,species_1,t0,0.0
gene_838,species_1,t1,0.0
gene_838,species_1,t2,0.2033344820786974
gene_838,species_1,t3,0.09798519862067172
gene_838,species_2,t0,0.4634985954288712
gene_838,species_2,t1,0.36780344635849493
gene_838,species_2,t2,1.0758243702581078
gene_838,species_2,t3,0.9010677870166884
gene_838,species_3,t0,0.0
gene_838,species_3,t1,0.0
gene_838,species_3,t2,0.0
gene_838,species_3,t3,0.8163531030774283
gene_839,species_1,t0,0.0
gene_839,species_1,t1,0.9828683133001745
gene_839,species_1,t2,2.13122525650037
gene_839,species_1,t3,0.2577924551192845
gene_839,species_2,t0,0.0
gene_839,species_2,t1,0.0
gene_839,species_2,t2,1.9689234448438826
gene_839,species_2,t3,0.6776697948552738
gene_839,species_3,t0,0.15604451165604394
gene_839,species_3,t1,3.0400716250511173
gene_839,species_3,t2,0.6728119040617723
gene_839,species_3,t3,0.0
gene_840,species_1,t0,1.0283709382994377
gene_840,species_1,t1,1.9153681942796175
gene_840,species_1,t2,0.0
gene_840,species_1,t3,0.6192143590277392
gene_840,species_2,t0,0.0
gene_840,species_2,t1,0.5962860444142252
gene_840,species_2,t2,0.17214971351219727
gene_840,species_2,t3,0.0
gene_840,species_3,t0,0.0
gene_840,species_3,t1,1.7410448473464073
gene_840,species_3,t2,0.9177966669448768
gene_840,species_3,t3,0.14289535365837458
gene_841,species_1,t0,0.6202587909038637
gene_841,species_1,t1,1.4242653188588061
gene_841,species_1,t2,0.9834424255420147
gene_841,species_1,t3,0.1890089687448301
gene_841,species_2,t0,0.5139437666568681
gene_841,species_2,t1,0.0
gene_841,species_2,t2,0.0
gene_841,species_2,t3,0.30609223869811764
gene_841,species_3,t0,0.3533818299481195
gene_841,species_3,t1,0.0
gene_841,species_3,t2,1.4890926437237377
gene_841,species_3,t3,0.8063333235983619
gene_842,species_1,t0,0.0
gene_842,species_1,t1,0.0
gene_842,species_1,t2,6.439824641893568
gene_842,species_1,t3,1.8216747267239708
gene_842,species_2,t0,0.46932220044057443
gene_842,species_2,t1,0.036178130724400355
gene_842,species_2,t2,2.148330055843515
gene_842,species_2,t3,0.759008780205478
gene_842,species_3,t0,3.115293578141978
gene_842,species_3,t1,4.2793097185825975
gene_842,species_3,t2,6.034390942106803
gene_842,species_3,t3,1.3689091946631589
gene_843,species_1,t0,1.521645393140705
gene_843,species_1,t1,2.05317433771087
gene_843,species_1,t2,4.190146521460762
gene_843,species_1,t3,1.2580965063734382
gene_843,species_2,t0,0.8639262988260992
gene_843,species_2,t1,0.8364173932559228
gene_843,species_2,t2,0.4703630733104318
gene_843,species_2,t3,0.0
gene_843,species_3,t0,1.1620898177553927
gene_843,species_3,t1,4.479708142013526
gene_843,species_3,t2,1.570142646339325
gene_843,species_3,t3,0.0
gene_844,species_1,t0,1.3525172186226306
gene_844,species_1,t1,1.4832266529118052
gene_844,species_1,t2,1.872645388915795
gene_844,species_1,t3,0.3592279425891236
gene_844,species_2,t0,0.0
gene_844,species_2,t1,1.0559009315759702
gene_844,species_2,t2,1.1165317452433845
gene_844,species_2,t3,0.0
gene_844,species_3,t0,0.0
gene_844,species_3,t1,2.0151196041128214
gene_844,species_3,t2,0.41538454813909204
gene_844,species_3,t3,0.20838017422916333
gene_845,species_1,t0,1.5560340839191347
gene_845,species_1,t1,2.104975701644044
gene_845,species_1,t2,2.725582147336974
gene_845,species_1,t3,0.0
gene_845,species_2,t0,0.0
gene_845,species_2,t1,1.2283465428508282
gene_845,species_2,t2,0.9584803678658501
gene_845,species_2,t3,0.39432246826596146
gene_845,species_3,t0,0.0
gene_845,species_3,t1,2.8615903246991605
gene_845,species_3,t2,0.0
gene_845,species_3,t3,0.26639222259598666
gene_846,species_1,t0,1.0932287998364185
gene_846,species_1,t1,3.413522694825598
gene_846,species_1,t2,1.1706144975774695
gene_846,species_1,t3,0.5193751775628026
gene_846,species_2,t0,0.2677080399509636
gene_846,species_2,t1,2.1063665932786226
gene_846,species_2,t2,3.406374740179698
gene_846,species_2,t3,1.2123902019979078
gene_846,species_3,t0,1.747879523478206
gene_846,species_3,t1,0.9052228247142691
gene_846,species_3,t2,5.159149787797147
gene_846,species_3,t3,0.7626871725345116
gene_847,species_1,t0,0.0
gene_847,species_1,t1,0.0
gene_847,species_1,t2,4.361788666623839
gene_847,species_1,t3,1.3203290046829612
gene_847,species_2,t0,0.0
gene_847,species_2,t1,0.13344923132752626
gene_847,species_2,t2,1.1996111894951922
gene_847,species_2,t3,0.8949947024945731
gene_847,species_3,t0,1.9337364849179663
gene_847,species_3,t1,3.28582247997746
gene_847,species_3,t2,0.0
gene_847,species_3,t3,0.18637600761556297
gene_848,species_1,t0,0.0
gene_848,species_1,t1,0.0
gene_848,species_1,t2,1.7600146594599935
gene_848,species_1,t3,0.0
gene_848,species_2,t0,0.9256041716405612
gene_848,species_2,t1,0.0
gene_848,species_2,t2,0.5884306800164752
gene_848,species_2,t3,1.2101922439911275
gene_848,species_3,t0,0.23489687731611997
gene_848,species_3,t1,0.0
gene_848,species_3,t2,3.9454566767328365
gene_848,species_3,t3,0.0
gene_849,species_1,t0,0.0
gene_849,species_1,t1,8.037504762648114
gene_849,species_1,t2,0.0
gene_849,species_1,t3,2.103361370781047
gene_849,species_2,t0,0.43769530523650724
gene_849,species_2,t1,0.0
gene_849,species_2,t2,0.8054745591350052
gene_849,species_2,t3,0.283950682895821
gene_849,species_3,t0,0.0
gene_849,species_3,t1,6.143768850613715
gene_849,species_3,t2,5.321712794649424
gene_849,species_3,t3,1.3987535621757088
gene_850,species_1,t0,0.8466147167600808
gene_850,species_1,t1,0.0
gene_850,species_1,t2,0.0
gene_850,species_1,t3,1.1270059961960195
gene_850,species_2,t0,0.7415332148285948
gene_850,species_2,t1,0.0
gene_850,species_2,t2,0.0
gene_850,species_2,t3,1.7301332984077697
gene_850,species_3,t0,0.9893381207320382
gene_850,species_3,t1,0.0
gene_850,species_3,t2,1.130445996774284
gene_850,species_3,t3,0.9577157937426762
gene_851,species_1,t0,1.7522827187668661
gene_851,species_1,t1,1.9794588359481424
gene_851,species_1,t2,3.7471865083027778
gene_851,species_1,t3,1.1564987132195483
gene_851,species_2,t0,0.5062262429801069
gene_851,species_2,t1,0.0
gene_851,species_2,t2,0.5035190088813565
gene_851,species_2,t3,0.0
gene_851,species_3,t0,0.6353082124867326
gene_851,species_3,t1,4.0167025556149385
gene_851,species_3,t2,0.0
gene_851,species_3,t3,0.0
gene_852,species_1,t0,1.1966943206481027
gene_852,species_1,t1,0.0
gene_852,species_1,t2,2.946831832745695
gene_852,species_1,t3,0.8205996967582956
gene_852,species_2,t0,0.41805811610583565
gene_852,species_2,t1,1.4450804235293218
gene_852,species_2,t2,1.1330415663685363
gene_852,species_2,t3,0.0
gene_852,species_3,t0,0.0
gene_852,species_3,t1,3.6849896252177246
gene_852,species_3,t2,1.8784081484084885
gene_852,species_3,t3,0.42475299268626143
gene_853,species_1,t0,1.2231798628108217
gene_853,species_1,t1,3.052458849918707
gene_853,species_1,t2,2.886556575439429
gene_853,species_1,t3,0.0
gene_853,species_2,t0,0.0
gene_853,species_2,t1,0.3815140598631626
gene_853,species_2,t2,0.0
gene_853,species_2,t3,0.0
gene_853,species_3,t0,1.2885576168134159
gene_853,species_3,t1,2.1871286998031785
gene_853,species_3,t2,1.8521770112501386
gene_853,species_3,t3,0.05320668576712556
gene_854,species_1,t0,3.023227773729305
gene_854,species_1,t1,5.7708892524221636
gene_854,species_1,t2,4.685692712168231
gene_854,species_1,t3,1.3226493754734143
gene_854,species_2,t0,0.5069725161976651
gene_854,species_2,t1,0.0751019530472851
gene_854,species_2,t2,0.0
gene_854,species_2,t3,0.11951836828051454
gene_854,species_3,t0,2.3514010420643388
gene_854,species_3,t1,0.0
gene_854,species_3,t2,5.081004593688341
gene_854,species_3,t3,0.0
gene_855,species_1,t0,0.08211216833154747
gene_855,species_1,t1,0.3708860124974339
gene_855,species_1,t2,0.8383963478180748
gene_855,species_1,t3,0.2879158576435448
gene_855,species_2,t0,0.0
gene_855,species_2,t1,0.23155388297769122
gene_855,species_2,t2,0.40627730029122594
gene_855,species_2,t3,0.7853758065144099
gene_855,species_3,t0,0.1311264449444543
gene_855,species_3,t1,0.0
gene_855,species_3,t2,0.0
gene_855,species_3,t3,0.909256630522283
gene_856,species_1,t0,0.0
gene_856,species_1,t1,0.0
gene_856,species_1,t2,0.5494997436151929
gene_856,species_1,t3,0.27837772724713783
gene_856,species_2,t0,0.5699644731930522
gene_856,species_2,t1,0.0
gene_856,species_2,t2,0.0
gene_856,species_2,t3,1.0676384839966573
gene_856,species_3,t0,0.1466106476315749
gene_856,species_3,t1,0.0
gene_856,species_3,t2,0.0
gene_856,species_3,t3,0.0
gene_857,species_1,t0,0.6562994423018758
gene_857,species_1,t1,1.1413073511851817
gene_857,species_1,t2,1.9981371559203032
gene_857,species_1,t3,0.825938031722642
gene_857,species_2,t0,0.4422079768930396
gene_857,species_2,t1,0.0
gene_857,species_2,t2,0.8038747280729042
gene_857,species_2,t3,1.0595657485372907
gene_857,species_3,t0,0.5564174668263588
gene_857,species_3,t1,0.0
gene_857,species_3,t2,0.0
gene_857,species_3,t3,0.0
gene_858,species_1,t0,0.0
gene_858,species_1,t1,0.6542831152077091
gene_858,species_1,t2,1.73799748412569
gene_858,species_1,t3,0.5243473947654086
gene_858,species_2,t0,0.0
gene_858,species_2,t1,1.597198343433284
gene_858,species_2,t2,0.0
gene_858,species_2,t3,0.4898174912040832
gene_858,species_3,t0,0.03563855210480185
gene_858,species_3,t1,0.0
gene_858,species_3,t2,0.0
gene_858,species_3,t3,1.1969573251730397
gene_859,species_1,t0,0.057625627973505386
gene_859,species_1,t1,0.22298988698148228
gene_859,species_1,t2,0.46327841228166217
gene_859,species_1,t3,0.3299992742414101
gene_859,species_2,t0,0.21688621899706798
gene_859,species_2,t1,0.48183507705178874
gene_859,species_2,t2,0.8232063521800498
gene_859,species_2,t3,0.9778382082265771
gene_859,species_3,t0,0.27827829943591204
gene_859,species_3,t1,0.5778481176329064
gene_859,species_3,t2,0.20187082341381804
gene_859,species_3,t3,0.5656453621436563
gene_860,species_1,t0,0.3136054598198371
gene_860,species_1,t1,1.1616838834253043
gene_860,species_1,t2,0.19581090609335264
gene_860,species_1,t3,0.0
gene_860,species_2,t0,0.17773151079114227
gene_860,species_2,t1,0.9449597409378582
gene_860,species_2,t2,0.0
gene_860,species_2,t3,0.41217266190214813
gene_860,species_3,t0,0.6829727447534023
gene_860,species_3,t1,1.0657232091994566
gene_860,species_3,t2,2.3075200124681623
gene_860,species_3,t3,0.47008380985186615
gene_861,species_1,t0,1.2999891596521318
gene_861,species_1,t1,2.035841697362625
gene_861,species_1,t2,1.615453824482778
gene_861,species_1,t3,0.0
gene_861,species_2,t0,0.0
gene_861,species_2,t1,0.39178476760327763
gene_861,species_2,t2,0.0
gene_861,species_2,t3,0.0
gene_861,species_3,t0,0.9608453934638594
gene_861,species_3,t1,0.0
gene_861,species_3,t2,1.6096019675337603
gene_861,species_3,t3,0.0
gene_862,species_1,t0,1.3635485566558307
gene_862,species_1,t1,2.791589416427932
gene_862,species_1,t2,0.0
gene_862,species_1,t3,0.0
gene_862,species_2,t0,0.313057156889958
gene_862,species_2,t1,0.37886648502643305
gene_862,species_2,t2,1.7893986839020235
gene_862,species_2,t3,1.1305671598088036
gene_862,species_3,t0,0.0
gene_862,species_3,t1,0.0
gene_862,species_3,t2,1.3645966013602264
gene_862,species_3,t3,0.2018721096993702
gene_863,species_1,t0,0.5074658951718874
gene_863,species_1,t1,0.9077381107427822
gene_863,species_1,t2,0.0
gene_863,species_1,t3,0.048708561925223326
gene_863,species_2,t0,0.3788176782547332
gene_863,species_2,t1,0.0
gene_863,species_2,t2,0.0
gene_863,species_2,t3,0.0
gene_863,species_3,t0,0.23083431518785077
gene_863,species_3,t1,0.8809801583316109
gene_863,species_3,t2,0.47777205803848405
gene_863,species_3,t3,0.11342544723318579
gene_864,species_1,t0,3.9848458930880573
gene_864,species_1,t1,7.009300031742161
gene_864,species_1,t2,7.370750608912586
gene_864,species_1,t3,2.186920359011222
gene_864,species_2,t0,0.0
gene_864,species_2,t1,0.0
gene_864,species_2,t2,1.1960419461502305
gene_864,species_2,t3,0.9250585107968696
gene_864,species_3,t0,2.9531841451832954
gene_864,species_3,t1,6.099090058619162
gene_864,species_3,t2,3.8120129257078106
gene_864,species_3,t3,0.6340084189738286
gene_865,species_1,t0,0.147534436985197
gene_865,species_1,t1,0.29531360126023376
gene_865,species_1,t2,0.27853360059318005
gene_865,species_1,t3,0.02942953642688731
gene_865,species_2,t0,0.0
gene_865,species_2,t1,0.05286939169982725
gene_865,species_2,t2,0.0
gene_865,species_2,t3,0.515011526592513
gene_865,species_3,t0,0.00404578384055395
gene_865,species_3,t1,0.0
gene_865,species_3,t2,0.8929961547473424
gene_865,species_3,t3,0.0
gene_866,species_1,t0,1.2278148669123032
gene_866,species_1,t1,2.2526288703014044
gene_866,species_1,t2,2.6458373507039017
gene_866,species_1,t3,0.8151162123000198
gene_866,species_2,t0,0.0
gene_866,species_2,t1,0.08591113004347228
gene_866,species_2,t2,0.0
gene_866,species_2,t3,0.42882115722627395
gene_866,species_3,t0,0.0
gene_866,species_3,t1,2.0252442171602176
gene_866,species_3,t2,1.032909922201254
gene_866,species_3,t3,0.012996299894237978
gene_867,species_1,t0,0.1620361877729353
gene_867,species_1,t1,0.0
gene_867,species_1,t2,0.32645210921710144
gene_867,species_1,t3,0.24117871321536935
gene_867,species_2,t0,0.0850497684185591
gene_867,species_2,t1,0.0
gene_867,species_2,t2,0.0
gene_867,species_2,t3,0.0
gene_867,species_3,t0,0.23295140825727614
gene_867,species_3,t1,0.0
gene_867,species_3,t2,0.1419276032221487
gene_867,species_3,t3,0.03397897129137645
gene_868,species_1,t0,0.0
gene_868,species_1,t1,0.33774422504511076
gene_868,species_1,t2,0.8261003647143904
gene_868,species_1,t3,0.0
gene_868,species_2,t0,0.06151192340095496
gene_868,species_2,t1,1.187441579345813
gene_868,species_2,t2,1.615271841087409
gene_868,species_2,t3,0.0
gene_868,species_3,t0,0.0
gene_868,species_3,t1,1.764168658087644
gene_868,species_3,t2,0.0
gene_868,species_3,t3,0.0
gene_869,species_1,t0,0.0
gene_869,species_1,t1,0.0
gene_869,species_1,t2,0.39912528331140434
gene_869,species_1,t3,0.0
gene_869,species_2,t0,0.393242049911354
gene_869,species_2,t1,0.31516170731690596
gene_869,species_2,t2,0.8195512941328323
gene_869,species_2,t3,0.7250513154685546
gene_869,species_3,t0,0.0
gene_869,species_3,t1,0.0
gene_869,species_3,t2,0.0
gene_869,species_3,t3,0.7187884488322862
gene_870,species_1,t0,0.0
gene_870,species_1,t1,3.648300623321709
gene_870,species_1,t2,1.7905172662450504
gene_870,species_1,t3,0.3876612415583566
gene_870,species_2,t0,1.0544410241738422
gene_870,species_2,t1,0.08542721235219718
gene_870,species_2,t2,0.0
gene_870,species_2,t3,0.8635337209248571
gene_870,species_3,t0,0.0
gene_870,species_3,t1,0.6723896481819643
gene_870,species_3,t2,4.785867361773156
gene_870,species_3,t3,1.6421653156510558
gene_871,species_1,t0,0.06637547845743139
gene_871,species_1,t1,0.20909006386151652
gene_871,species_1,t2,0.9073620598493042
gene_871,species_1,t3,0.5865937383580624
gene_871,species_2,t0,0.6718828219950095
gene_871,species_2,t1,0.11070479426439095
gene_871,species_2,t2,0.0
gene_871,species_2,t3,0.9876841764304722
gene_871,species_3,t0,0.20547904604413647
gene_871,species_3,t1,1.1509959109117167
gene_871,species_3,t2,1.7601274913705824
gene_871,species_3,t3,1.1043550880447415
gene_872,species_1,t0,0.0
gene_872,species_1,t1,1.5948813286250016
gene_872,species_1,t2,0.0
gene_872,species_1,t3,0.0
gene_872,species_2,t0,0.20366016900533446
gene_872,species_2,t1,0.30035915309311445
gene_872,species_2,t2,0.09361605258228839
gene_872,species_2,t3,0.0
gene_872,species_3,t0,0.6796601066288188
gene_872,species_3,t1,1.071218894137205
gene_872,species_3,t2,1.338920836709355
gene_872,species_3,t3,0.0
gene_873,species_1,t0,1.6915635019833848
gene_873,species_1,t1,0.0
gene_873,species_1,t2,0.0
gene_873,species_1,t3,0.0
gene_873,species_2,t0,0.2840822427287627
gene_873,species_2,t1,0.3145065860697015
gene_873,species_2,t2,1.2724434768412602
gene_873,species_2,t3,0.6771715548452114
gene_873,species_3,t0,1.5895618416268849
gene_873,species_3,t1,1.7853108694571305
gene_873,species_3,t2,3.494079847268779
gene_873,species_3,t3,0.5729303412688886
gene_874,species_1,t0,0.0
gene_874,species_1,t1,0.9533288158427495
gene_874,species_1,t2,1.624042545564628
gene_874,species_1,t3,0.0
gene_874,species_2,t0,0.0
gene_874,species_2,t1,0.9133811371394426
gene_874,species_2,t2,1.1384171410270243
gene_874,species_2,t3,0.3152050711249842
gene_874,species_3,t0,0.3305420593634545
gene_874,species_3,t1,1.6187267138741814
gene_874,species_3,t2,0.38921477759890355
gene_874,species_3,t3,0.0
gene_875,species_1,t0,0.0
gene_875,species_1,t1,0.0
gene_875,species_1,t2,0.0
gene_875,species_1,t3,1.0492134887513105
gene_875,species_2,t0,0.10096135444204646
gene_875,species_2,t1,0.0864231750076022
gene_875,species_2,t2,1.0782992114610968
gene_875,species_2,t3,0.0
gene_875,species_3,t0,0.0
gene_875,species_3,t1,2.6014640825425768
gene_875,species_3,t2,2.593860850805689
gene_875,species_3,t3,0.5453242822012083
gene_876,species_1,t0,0.0
gene_876,species_1,t1,1.0731845792401182
gene_876,species_1,t2,0.5064290515532703
gene_876,species_1,t3,0.3425687352198777
gene_876,species_2,t0,0.0
gene_876,species_2,t1,1.0006775885218342
gene_876,species_2,t2,2.17447720344265
gene_876,species_2,t3,1.2300245162445622
gene_876,species_3,t0,0.0
gene_876,species_3,t1,0.0
gene_876,species_3,t2,1.3913391819172336
gene_876,species_3,t3,0.003932132222063969
gene_877,species_1,t0,0.0
gene_877,species_1,t1,2.0061944762018737
gene_877,species_1,t2,1.4829661001049683
gene_877,species_1,t3,0.3932818957391582
gene_877,species_2,t0,0.29986047870347976
gene_877,species_2,t1,0.4450086988380991
gene_877,species_2,t2,0.0
gene_877,species_2,t3,0.2566867991576203
gene_877,species_3,t0,0.8372351524143884
gene_877,species_3,t1,0.5396124384971852
gene_877,species_3,t2,2.2500570944773295
gene_877,species_3,t3,0.0
gene_878,species_1,t0,0.0
gene_878,species_1,t1,0.0
gene_878,species_1,t2,5.663849357598058
gene_878,species_1,t3,1.614439969540427
gene_878,species_2,t0,0.04819543877639006
gene_878,species_2,t1,0.7761717590123519
gene_878,species_2,t2,0.6661829367980977
gene_878,species_2,t3,0.502091113895223
gene_878,species_3,t0,2.1675874201146423
gene_878,species_3,t1,0.0
gene_878,species_3,t2,2.620730419719867
gene_878,species_3,t3,0.4395382219106492
gene_879,species_1,t0,1.1886911007781507
gene_879,species_1,t1,1.2293387173865247
gene_879,species_1,t2,0.0
gene_879,species_1,t3,0.8712623461770261
gene_879,species_2,t0,0.2261985651412368
gene_879,species_2,t1,0.0
gene_879,species_2,t2,0.4771914741368946
gene_879,species_2,t3,0.20696518215826873
gene_879,species_3,t0,0.0
gene_879,species_3,t1,0.0
gene_879,species_3,t2,0.8082468655681931
gene_879,species_3,t3,0.0
gene_880,species_1,t0,0.0
gene_880,species_1,t1,0.0
gene_880,species_1,t2,0.0
gene_880,species_1,t3,0.3073007079385
gene_880,species_2,t0,0.6064166738415305
gene_880,species_2,t1,0.0
gene_880,species_2,t2,2.2334373582494864
gene_880,species_2,t3,1.7755036621682265
gene_880,species_3,t0,0.4248191133692749
gene_880,species_3,t1,0.5259402257088698
gene_880,species_3,t2,0.0
gene_880,species_3,t3,0.0
gene_881,species_1,t0,0.0
gene_881,species_1,t1,7.286364879413095
gene_881,species_1,t2,6.3715941095555975
gene_881,species_1,t3,1.571951884391395
gene_881,species_2,t0,0.7323436257199122
gene_881,species_2,t1,0.0
gene_881,species_2,t2,1.2164644078714766
gene_881,species_2,t3,0.0
gene_881,species_3,t0,3.0049374484890445
gene_881,species_3,t1,0.0
gene_881,species_3,t2,5.679800506714471
gene_881,species_3,t3,0.0
gene_882,species_1,t0,0.0
gene_882,species_1,t1,0.0
gene_882,species_1,t2,2.7945672203211913
gene_882,species_1,t3,0.0
gene_882,species_2,t0,0.430911738475028
gene_882,species_2,t1,0.24429139031969155
gene_882,species_2,t2,0.2792263874912543
gene_882,species_2,t3,0.08027080967955466
gene_882,species_3,t0,1.1576741626859868
gene_882,species_3,t1,2.1237379812329817
gene_882,species_3,t2,2.5779491641499024
gene_882,species_3,t3,0.719757666595643
gene_883,species_1,t0,0.0
gene_883,species_1,t1,1.4392902251596258
gene_883,species_1,t2,1.5848383832928683
gene_883,species_1,t3,0.5808147377262008
gene_883,species_2,t0,0.09378817606894438
gene_883,species_2,t1,0.0
gene_883,species_2,t2,0.5273870615372869
gene_883,species_2,t3,0.48031417489453687
gene_883,species_3,t0,0.7574895312296264
gene_883,species_3,t1,1.5464429350303819
gene_883,species_3,t2,0.0
gene_883,species_3,t3,0.0
gene_884,species_1,t0,0.4771435236703031
gene_884,species_1,t1,0.9942210723187009
gene_884,species_1,t2,0.0
gene_884,species_1,t3,0.0
gene_884,species_2,t0,0.36602854426746984
gene_884,species_2,t1,0.44688005320026153
gene_884,species_2,t2,0.0
gene_884,species_2,t3,0.0
gene_884,species_3,t0,0.41053143676541637
gene_884,species_3,t1,0.5295915534976606
gene_884,species_3,t2,1.9273779658487125
gene_884,species_3,t3,0.8720887235927631
gene_885,species_1,t0,3.1791932481354523
gene_885,species_1,t1,0.0
gene_885,species_1,t2,6.531017997795936
gene_885,species_1,t3,2.047055256411503
gene_885,species_2,t0,0.3150584855497507
gene_885,species_2,t1,0.0
gene_885,species_2,t2,2.21548255960063
gene_885,species_2,t3,0.0
gene_885,species_3,t0,2.8880218374506814
gene_885,species_3,t1,5.579459532940854
gene_885,species_3,t2,0.0
gene_885,species_3,t3,0.0
gene_886,species_1,t0,1.4309637891986977
gene_886,species_1,t1,1.8201220863218823
gene_886,species_1,t2,2.686054377952474
gene_886,species_1,t3,0.0
gene_886,species_2,t0,0.0
gene_886,species_2,t1,0.9742924597041972
gene_886,species_2,t2,0.0
gene_886,species_2,t3,0.0
gene_886,species_3,t0,0.7916804797153508
gene_886,species_3,t1,2.6407407803944123
gene_886,species_3,t2,0.26626194469169107
gene_886,species_3,t3,0.0
gene_887,species_1,t0,0.2047790745898089
gene_887,species_1,t1,0.5370574569310298
gene_887,species_1,t2,0.0
gene_887,species_1,t3,0.17284378869445832
gene_887,species_2,t0,0.26466480954233473
gene_887,species_2,t1,1.1886164264390635
gene_887,species_2,t2,1.5889390529796037
gene_887,species_2,t3,0.499550397626505
gene_887,species_3,t0,0.3208084627176203
gene_887,species_3,t1,2.112147553872963
gene_887,species_3,t2,0.0
gene_887,species_3,t3,0.5880194229271168
gene_888,species_1,t0,0.0
gene_888,species_1,t1,0.0
gene_888,species_1,t2,0.005707770003105324
gene_888,species_1,t3,0.08755464491018683
gene_888,species_2,t0,0.1871152522606693
gene_888,species_2,t1,1.1813298410209998
gene_888,species_2,t2,0.0
gene_888,species_2,t3,0.7860952552213335
gene_888,species_3,t0,0.6748931300831399
gene_888,species_3,t1,1.0221933916910617
gene_888,species_3,t2,0.0
gene_888,species_3,t3,0.0
gene_889,species_1,t0,0.6525959642444508
gene_889,species_1,t1,0.0
gene_889,species_1,t2,2.1037262386052453
gene_889,species_1,t3,0.9668747967469371
gene_889,species_2,t0,0.5630493488326442
gene_889,species_2,t1,1.2167493156718379
gene_889,species_2,t2,0.0
gene_889,species_2,t3,2.066536963940374
gene_889,species_3,t0,1.3102344322257773
gene_889,species_3,t1,0.0
gene_889,species_3,t2,1.295044837563441
gene_889,species_3,t3,0.0
gene_890,species_1,t0,0.0
gene_890,species_1,t1,3.350951572549185
gene_890,species_1,t2,0.0
gene_890,species_1,t3,1.6378355135240734
gene_890,species_2,t0,0.3592434247479953
gene_890,species_2,t1,0.4101982925150468
gene_890,species_2,t2,0.0
gene_890,species_2,t3,1.4091402842514749
gene_890,species_3,t0,1.4976335474074214
gene_890,species_3,t1,0.0
gene_890,species_3,t2,0.25576200934538723
gene_890,species_3,t3,0.45552753176476585
gene_891,species_1,t0,0.0
gene_891,species_1,t1,0.26530700927393985
gene_891,species_1,t2,1.3396248984923393
gene_891,species_1,t3,0.5897080014700875
gene_891,species_2,t0,0.0
gene_891,species_2,t1,0.34910829242568964
gene_891,species_2,t2,0.3097319604511965
gene_891,species_2,t3,0.0
gene_891,species_3,t0,0.14506976847031344
gene_891,species_3,t1,0.0
gene_891,species_3,t2,1.8960867139598478
gene_891,species_3,t3,0.8267316420012751
gene_892,species_1,t0,1.1031662287456574
gene_892,species_1,t1,2.5108610022867057
gene_892,species_1,t2,0.0
gene_892,species_1,t3,0.0
gene_892,species_2,t0,0.0
gene_892,species_2,t1,0.12929522664047036
gene_892,species_2,t2,0.0
gene_892,species_2,t3,0.906981398349354
gene_892,species_3,t0,0.8228976698282309
gene_892,species_3,t1,0.026468149138146546
gene_892,species_3,t2,0.0
gene_892,species_3,t3,1.440005560888827
gene_893,species_1,t0,1.5946448253372378
gene_893,species_1,t1,0.0
gene_893,species_1,t2,0.0
gene_893,species_1,t3,0.0
gene_893,species_2,t0,1.1373218575143433
gene_893,species_2,t1,0.19456752148654147
gene_893,species_2,t2,0.0
gene_893,species_2,t3,1.4502453347784119
gene_893,species_3,t0,1.1511258976259375
gene_893,species_3,t1,0.0
gene_893,species_3,t2,5.690076988506715
gene_893,species_3,t3,0.0
gene_894,species_1,t0,0.0
gene_894,species_1,t1,1.452290117313472
gene_894,species_1,t2,2.9176417060730135
gene_894,species_1,t3,0.0
gene_894,species_2,t0,0.29334945279122615
gene_894,species_2,t1,1.7745417062153575
gene_894,species_2,t2,1.8299029502272566
gene_894,species_2,t3,0.0
gene_894,species_3,t0,0.0
gene_894,species_3,t1,3.6479418765026264
gene_894,species_3,t2,1.4986415509483133
gene_894,species_3,t3,0.24103577654479239
gene_895,species_1,t0,0.0
gene_895,species_1,t1,3.580138566456772
gene_895,species_1,t2,1.9822484527519735
gene_895,species_1,t3,0.19607381238789384
gene_895,species_2,t0,0.0
gene_895,species_2,t1,0.6211537092208812
gene_895,species_2,t2,0.0
gene_895,species_2,t3,1.532601827642931
gene_895,species_3,t0,1.1325565892369354
gene_895,species_3,t1,0.0
gene_895,species_3,t2,0.0
gene_895,species_3,t3,0.0
gene_896,species_1,t0,0.140914061266542
gene_896,species_1,t1,0.0
gene_896,species_1,t2,0.05465871695477123
gene_896,species_1,t3,0.000546353278407935
gene_896,species_2,t0,0.1095504232169767
gene_896,species_2,t1,0.17427568139658206
gene_896,species_2,t2,0.15526961116396656
gene_896,species_2,t3,0.0
gene_896,species_3,t0,0.0
gene_896,species_3,t1,0.6794725329556169
gene_896,species_3,t2,0.0
gene_896,species_3,t3,0.4601695344957523
gene_897,species_1,t0,0.11218539666894395
gene_897,species_1,t1,0.5818801227364842
gene_897,species_1,t2,0.0
gene_897,species_1,t3,0.01197643633844351
gene_897,species_2,t0,0.0
gene_897,species_2,t1,0.05835688533982424
gene_897,species_2,t2,0.0
gene_897,species_2,t3,0.0
gene_897,species_3,t0,0.10263729511514164
gene_897,species_3,t1,0.0
gene_897,species_3,t2,0.0
gene_897,species_3,t3,0.22789706858762732
gene_898,species_1,t0,0.0
gene_898,species_1,t1,1.545853316081396
gene_898,species_1,t2,0.0
gene_898,species_1,t3,0.0
gene_898,species_2,t0,0.19126304514036394
gene_898,species_2,t1,0.0
gene_898,species_2,t2,0.0
gene_898,species_2,t3,0.06994095000151487
gene_898,species_3,t0,0.4648189281621809
gene_898,species_3,t1,4.329159496456268
gene_898,species_3,t2,1.449407436871266
gene_898,species_3,t3,0.0
gene_899,species_1,t0,0.3156250577852244
gene_899,species_1,t1,1.0909885173046154
gene_899,species_1,t2,0.1702404854286005
gene_899,species_1,t3,0.0
gene_899,species_2,t0,0.0
gene_899,species_2,t1,0.5298719651664398
gene_899,species_2,t2,0.7023802701317762
gene_899,species_2,t3,0.1742616456673873
gene_899,species_3,t0,0.4890163645948443
gene_899,species_3,t1,0.1518974084093842
gene_899,species_3,t2,1.684683260775922
gene_899,species_3,t3,0.0
gene_900,species_1,t0,2.7611917780418183
gene_900,species_1,t1,4.361032746712539
gene_900,species_1,t2,4.257152651656287
gene_900,species_1,t3,0.8438050512481564
gene_900,species_2,t0,0.6066246711991384
gene_900,species_2,t1,1.8058175620235577
gene_900,species_2,t2,1.9943647796839516
gene_900,species_2,t3,1.3160817856460625
gene_900,species_3,t0,1.426400931044914
gene_900,species_3,t1,4.107898136450626
gene_900,species_3,t2,2.7851539527046456
gene_900,species_3,t3,1.3352761326380915
gene_901,species_1,t0,0.0
gene_901,species_1,t1,0.0
gene_901,species_1,t2,0.3470345294054148
gene_901,species_1,t3,0.24820740128500965
gene_901,species_2,t0,0.11972037698226673
gene_901,species_2,t1,0.6115859846044402
gene_901,species_2,t2,0.6360282232231412
gene_901,species_2,t3,0.0
gene_901,species_3,t0,0.16100749460768404
gene_901,species_3,t1,0.9030171652727093
gene_901,species_3,t2,1.2809568748442237
gene_901,species_3,t3,0.28738425519298744
gene_902,species_1,t0,0.8098265630973123
gene_902,species_1,t1,1.0747448785835638
gene_902,species_1,t2,1.684183139139337
gene_902,species_1,t3,0.620722460274968
gene_902,species_2,t0,0.2575236628998568
gene_902,species_2,t1,0.0
gene_902,species_2,t2,0.5123173079605221
gene_902,species_2,t3,0.7568723637094631
gene_902,species_3,t0,0.6953926890492851
gene_902,species_3,t1,1.5881521128635636
gene_902,species_3,t2,0.12437437928808576
gene_902,species_3,t3,0.0
gene_903,species_1,t0,0.0
gene_903,species_1,t1,2.468010180316739
gene_903,species_1,t2,4.391755191908479
gene_903,species_1,t3,1.470680642472955
gene_903,species_2,t0,0.5343568804959308
gene_903,species_2,t1,0.9116299726439667
gene_903,species_2,t2,0.40081005453148605
gene_903,species_2,t3,0.8644564973911981
gene_903,species_3,t0,1.111063899131407
gene_903,species_3,t1,4.532998326417239
gene_903,species_3,t2,0.0
gene_903,species_3,t3,0.6566011185741811
gene_904,species_1,t0,0.0
gene_904,species_1,t1,3.5561396319000496
gene_904,species_1,t2,1.68423975388167
gene_904,species_1,t3,0.4138172822332847
gene_904,species_2,t0,0.0
gene_904,species_2,t1,0.7364770505215014
gene_904,species_2,t2,1.514604996251525
gene_904,species_2,t3,0.0
gene_904,species_3,t0,1.5286667193217878
gene_904,species_3,t1,0.0
gene_904,species_3,t2,4.955846143225326
gene_904,species_3,t3,0.0
gene_905,species_1,t0,0.0
gene_905,species_1,t1,0.9277096409932011
gene_905,species_1,t2,2.7616342585072284
gene_905,species_1,t3,0.0
gene_905,species_2,t0,0.17175084650244937
gene_905,species_2,t1,2.5067336289540383
gene_905,species_2,t2,0.0
gene_905,species_2,t3,0.6816695181808341
gene_905,species_3,t0,0.0
gene_905,species_3,t1,3.876536088023604
gene_905,species_3,t2,0.0
gene_905,species_3,t3,0.17505956781451382
gene_906,species_1,t0,2.0337981183460747
gene_906,species_1,t1,4.164091475068151
gene_906,species_1,t2,2.8884262042331708
gene_906,species_1,t3,0.7608181653596793
gene_906,species_2,t0,0.5357444143785461
gene_906,species_2,t1,0.6452755438975424
gene_906,species_2,t2,1.5358440317676703
gene_906,species_2,t3,0.31006573211495536
gene_906,species_3,t0,0.0
gene_906,species_3,t1,0.0
gene_906,species_3,t2,4.6814748489389375
gene_906,species_3,t3,1.2140872615810825
gene_907,species_1,t0,0.842006707940476
gene_907,species_1,t1,0.0
gene_907,species_1,t2,1.124223101245331
gene_907,species_1,t3,0.0
gene_907,species_2,t0,0.2927196724000128
gene_907,species_2,t1,0.0
gene_907,species_2,t2,3.2317285092291
gene_907,species_2,t3,0.0
gene_907,species_3,t0,1.515799949272946
gene_907,species_3,t1,0.5798081480675489
gene_907,species_3,t2,4.159121006221869
gene_907,species_3,t3,0.7755506630276816
gene_908,species_1,t0,1.3340498669958354
gene_908,species_1,t1,2.915629107153143
gene_908,species_1,t2,0.0
gene_908,species_1,t3,0.5645821754332198
gene_908,species_2,t0,0.08015465178074224
gene_908,species_2,t1,0.06614380825568517
gene_908,species_2,t2,0.0
gene_908,species_2,t3,0.0
gene_908,species_3,t0,0.0
gene_908,species_3,t1,1.8260825513469288
gene_908,species_3,t2,2.4879927239781683
gene_908,species_3,t3,0.6876857520206958
gene_909,species_1,t0,1.6196661688885514
gene_909,species_1,t1,2.000671858345995
gene_909,species_1,t2,3.5497078329671234
gene_909,species_1,t3,1.078457840651102
gene_909,species_2,t0,0.3017480452200638
gene_909,species_2,t1,1.4834959209575345
gene_909,species_2,t2,0.9934512435919336
gene_909,species_2,t3,0.1306795893258107
gene_909,species_3,t0,0.617613285653918
gene_909,species_3,t1,4.124823195470865
gene_909,species_3,t2,0.0
gene_909,species_3,t3,0.44086076337552293
gene_910,species_1,t0,2.113101944584588
gene_910,species_1,t1,0.0
gene_910,species_1,t2,0.0
gene_910,species_1,t3,0.0
gene_910,species_2,t0,0.07227923953811491
gene_910,species_2,t1,0.46815709105333225
gene_910,species_2,t2,0.5355378835556607
gene_910,species_2,t3,0.04426740944825071
gene_910,species_3,t0,1.7787445013863359
gene_910,species_3,t1,2.9922070587470864
gene_910,species_3,t2,0.0
gene_910,species_3,t3,0.794289405154016
gene_911,species_1,t0,0.6462062418506959
gene_911,species_1,t1,1.64262793910072
gene_911,species_1,t2,0.0
gene_911,species_1,t3,0.0
gene_911,species_2,t0,0.3399225934162357
gene_911,species_2,t1,0.21358645171690677
gene_911,species_2,t2,0.686093163757241
gene_911,species_2,t3,0.0
gene_911,species_3,t0,0.4852438802686685
gene_911,species_3,t1,0.48504184472415646
gene_911,species_3,t2,2.0993562168999116
gene_911,species_3,t3,0.0
gene_912,species_1,t0,1.4819034708631047
gene_912,species_1,t1,3.3523589574347383
gene_912,species_1,t2,1.8675447534794742
gene_912,species_1,t3,0.36730242618667386
gene_912,species_2,t0,0.5737132030770994
gene_912,species_2,t1,0.15084233505155953
gene_912,species_2,t2,0.0
gene_912,species_2,t3,0.0
gene_912,species_3,t0,1.2483365965698936
gene_912,species_3,t1,0.8626139551627527
gene_912,species_3,t2,3.7029300635878384
gene_912,species_3,t3,1.299367070038737
gene_913,species_1,t0,1.187237544756836
gene_913,species_1,t1,3.1226420108889306
gene_913,species_1,t2,0.0
gene_913,species_1,t3,0.3866049216727954
gene_913,species_2,t0,0.48714455060186584
gene_913,species_2,t1,0.27967469566309355
gene_913,species_2,t2,0.8233820364564703
gene_913,species_2,t3,0.0
gene_913,species_3,t0,1.2974536472501983
gene_913,species_3,t1,0.42237448595073973
gene_913,species_3,t2,3.8467239895937655
gene_913,species_3,t3,1.2069407920904456
gene_914,species_1,t0,0.0
gene_914,species_1,t1,0.5981362398118684
gene_914,species_1,t2,1.3734007752994448
gene_914,species_1,t3,0.30588181690560534
gene_914,species_2,t0,0.0
gene_914,species_2,t1,0.0
gene_914,species_2,t2,0.0
gene_914,species_2,t3,0.0
gene_914,species_3,t0,0.0640124072089338
gene_914,species_3,t1,0.0
gene_914,species_3,t2,0.8403560409497467
gene_914,species_3,t3,0.1501930526312697
gene_915,species_1,t0,2.813675582276205
gene_915,species_1,t1,0.0
gene_915,species_1,t2,5.3042275465653566
gene_915,species_1,t3,0.0
gene_915,species_2,t0,0.09374878363197958
gene_915,species_2,t1,0.0
gene_915,species_2,t2,1.5671168007726441
gene_915,species_2,t3,0.6217383127280643
gene_915,species_3,t0,1.4650413562496134
gene_915,species_3,t1,5.45798248612474
gene_915,species_3,t2,0.8139541710460055
gene_915,species_3,t3,0.4247572322314464
gene_916,species_1,t0,0.5610909019574324
gene_916,species_1,t1,0.3181660847087793
gene_916,species_1,t2,1.034026608813354
gene_916,species_1,t3,0.13808681965577652
gene_916,species_2,t0,0.0
gene_916,species_2,t1,0.0
gene_916,species_2,t2,0.9989738810309138
gene_916,species_2,t3,0.535286152559025
gene_916,species_3,t0,0.07953416192422193
gene_916,species_3,t1,0.0
gene_916,species_3,t2,0.5714766510416179
gene_916,species_3,t3,0.050707421913042575
gene_917,species_1,t0,1.967195592061989
gene_917,species_1,t1,3.3443810992920087
gene_917,species_1,t2,3.2907993344515565
gene_917,species_1,t3,0.0
gene_917,species_2,t0,0.22562760701259374
gene_917,species_2,t1,0.5895788940923079
gene_917,species_2,t2,0.0
gene_917,species_2,t3,0.09080356277798747
gene_917,species_3,t0,1.369184926014943
gene_917,species_3,t1,2.649924154522138
gene_917,species_3,t2,1.941725530999036
gene_917,species_3,t3,0.5696462013701168
gene_918,species_1,t0,0.10961089549039521
gene_918,species_1,t1,0.0
gene_918,species_1,t2,0.4466970737348447
gene_918,species_1,t3,0.11392473529164845
gene_918,species_2,t0,0.0
gene_918,species_2,t1,0.0
gene_918,species_2,t2,0.0
gene_918,species_2,t3,0.005356052417256549
gene_918,species_3,t0,0.0
gene_918,species_3,t1,0.11369339855901804
gene_918,species_3,t2,0.7088335007793655
gene_918,species_3,t3,0.30909283382055597
gene_919,species_1,t0,0.39684541957825414
gene_919,species_1,t1,0.5080681115704415
gene_919,species_1,t2,1.1805565534429594
gene_919,species_1,t3,0.21133337937727362
gene_919,species_2,t0,0.0
gene_919,species_2,t1,0.4268795143096498
gene_919,species_2,t2,0.050678961269734465
gene_919,species_2,t3,0.0
gene_919,species_3,t0,0.273336026745756
gene_919,species_3,t1,0.0
gene_919,species_3,t2,0.4898571628531772
gene_919,species_3,t3,0.0
gene_920,species_1,t0,1.4739111088967256
gene_920,species_1,t1,2.4672327922102313
gene_920,species_1,t2,3.5400106008522627
gene_920,species_1,t3,1.0905699037716714
gene_920,species_2,t0,0.35319833015807134
gene_920,species_2,t1,0.39890547488331785
gene_920,species_2,t2,0.6606735877534614
gene_920,species_2,t3,0.0
gene_920,species_3,t0,1.369803958888338
gene_920,species_3,t1,3.25492477963156
gene_920,species_3,t2,0.0
gene_920,species_3,t3,0.23692791890198636
gene_921,species_1,t0,1.6458959834976095
gene_921,species_1,t1,0.0
gene_921,species_1,t2,0.0
gene_921,species_1,t3,1.0274339665386312
gene_921,species_2,t0,0.04199026977737372
gene_921,species_2,t1,0.5757241322302661
gene_921,species_2,t2,1.8530707140930465
gene_921,species_2,t3,1.0125873113899109
gene_921,species_3,t0,1.651819126972855
gene_921,species_3,t1,1.508157470448095
gene_921,species_3,t2,3.2582624218183605
gene_921,species_3,t3,0.0
gene_922,species_1,t0,2.6952123662463094
gene_922,species_1,t1,4.441549163522894
gene_922,species_1,t2,0.0
gene_922,species_1,t3,0.0
gene_922,species_2,t0,0.0
gene_922,species_2,t1,0.0
gene_922,species_2,t2,0.622459130745469
gene_922,species_2,t3,0.0
gene_922,species_3,t0,2.0336405677924847
gene_922,species_3,t1,0.0
gene_922,species_3,t2,1.6283562254915394
gene_922,species_3,t3,0.0
gene_923,species_1,t0,1.7623560105042224
gene_923,species_1,t1,0.0
gene_923,species_1,t2,3.2612880950803107
gene_923,species_1,t3,0.7308555123968711
gene_923,species_2,t0,0.0
gene_923,species_2,t1,0.9021563537627053
gene_923,species_2,t2,0.0
gene_923,species_2,t3,0.0
gene_923,species_3,t0,0.0
gene_923,species_3,t1,3.1353281233419166
gene_923,species_3,t2,0.0
gene_923,species_3,t3,0.3724640699354329
gene_924,species_1,t0,1.876394154744875
gene_924,species_1,t1,2.8264288728907294
gene_924,species_1,t2,3.824945090959982
gene_924,species_1,t3,0.0
gene_924,species_2,t0,0.12734962531295302
gene_924,species_2,t1,1.146389298379001
gene_924,species_2,t2,0.0
gene_924,species_2,t3,0.1403256534367236
gene_924,species_3,t0,0.0
gene_924,species_3,t1,3.8522498107091563
gene_924,species_3,t2,0.1863250083487229
gene_924,species_3,t3,0.0
gene_925,species_1,t0,0.0
gene_925,species_1,t1,2.96801351943678
gene_925,species_1,t2,3.236352023661655
gene_925,species_1,t3,0.7548802108957825
gene_925,species_2,t0,0.0
gene_925,species_2,t1,1.1148372961820674
gene_925,species_2,t2,1.0171976837146743
gene_925,species_2,t3,0.6044222710015144
gene_925,species_3,t0,1.0473772006444342
gene_925,species_3,t1,3.3116370821543772
gene_925,species_3,t2,1.4779881491111109
gene_925,species_3,t3,0.5485388736057436
gene_926,species_1,t0,2.2492112117230665
gene_926,species_1,t1,3.7056045162447395
gene_926,species_1,t2,4.738007806421401
gene_926,species_1,t3,1.3023866004078246
gene_926,species_2,t0,0.4113041163140657
gene_926,species_2,t1,0.6913087995863847
gene_926,species_2,t2,0.8322440688451981
gene_926,species_2,t3,0.0
gene_926,species_3,t0,1.9107120367515638
gene_926,species_3,t1,0.0
gene_926,species_3,t2,1.1422816110839653
gene_926,species_3,t3,0.0
gene_927,species_1,t0,0.0
gene_927,species_1,t1,0.0
gene_927,species_1,t2,0.8874000360967685
gene_927,species_1,t3,0.2446261097081402
gene_927,species_2,t0,0.20355795798377785
gene_927,species_2,t1,0.16787948284196624
gene_927,species_2,t2,0.0
gene_927,species_2,t3,0.6775573324454526
gene_927,species_3,t0,0.11030762532659136
gene_927,species_3,t1,1.1977034216873639
gene_927,species_3,t2,0.9588872484531796
gene_927,species_3,t3,0.44945718098182214
gene_928,species_1,t0,0.0
gene_928,species_1,t1,5.015912842790928
gene_928,species_1,t2,3.6049995241297728
gene_928,species_1,t3,1.1834799512281213
gene_928,species_2,t0,0.0
gene_928,species_2,t1,0.0
gene_928,species_2,t2,0.0
gene_928,species_2,t3,1.5790919564031471
gene_928,species_3,t0,2.5148815659099313
gene_928,species_3,t1,1.6017986689536863
gene_928,species_3,t2,5.022928446292108
gene_928,species_3,t3,0.7573996246816511
gene_929,species_1,t0,2.7521276935596584
gene_929,species_1,t1,0.0
gene_929,species_1,t2,0.0
gene_929,species_1,t3,1.5019762715959981
gene_929,species_2,t0,0.0
gene_929,species_2,t1,2.3990693326531467
gene_929,species_2,t2,1.9280816176389455
gene_929,species_2,t3,0.2755625185350067
gene_929,species_3,t0,1.547856848124508
gene_929,species_3,t1,0.0
gene_929,species_3,t2,0.32537590035564984
gene_929,species_3,t3,0.0
gene_930,species_1,t0,0.2405418182973786
gene_930,species_1,t1,0.0
gene_930,species_1,t2,0.7607122708078223
gene_930,species_1,t3,0.46878384490160613
gene_930,species_2,t0,0.0
gene_930,species_2,t1,0.20817123928848646
gene_930,species_2,t2,0.08326780843548784
gene_930,species_2,t3,0.8540678468789658
gene_930,species_3,t0,0.1796798786317138
gene_930,species_3,t1,1.465560530195937
gene_930,species_3,t2,3.136168424722503
gene_930,species_3,t3,0.0
gene_931,species_1,t0,0.5023379978192857
gene_931,species_1,t1,2.651202364259899
gene_931,species_1,t2,0.0
gene_931,species_1,t3,0.0
gene_931,species_2,t0,0.6588447130074544
gene_931,species_2,t1,1.6490770242203068
gene_931,species_2,t2,2.490742143905977
gene_931,species_2,t3,0.3263420667008373
gene_931,species_3,t0,1.1377481302477586
gene_931,species_3,t1,1.90027280734942
gene_931,species_3,t2,5.112141879781771
gene_931,species_3,t3,1.3228446600234112
gene_932,species_1,t0,1.0932256814099104
gene_932,species_1,t1,2.4259810364182823
gene_932,species_1,t2,2.2203560744101734
gene_932,species_1,t3,0.8541174749882597
gene_932,species_2,t0,0.06478718135331298
gene_932,species_2,t1,0.7126504817501531
gene_932,species_2,t2,2.1557877719109317
gene_932,species_2,t3,1.3509556334306825
gene_932,species_3,t0,0.0
gene_932,species_3,t1,1.4991162098393895
gene_932,species_3,t2,0.0
gene_932,species_3,t3,0.21214981545202516
gene_933,species_1,t0,2.4474830519554844
gene_933,species_1,t1,0.0
gene_933,species_1,t2,5.8143035350203105
gene_933,species_1,t3,1.84086687409175
gene_933,species_2,t0,0.0
gene_933,species_2,t1,1.4696837425627718
gene_933,species_2,t2,0.3117105193822406
gene_933,species_2,t3,0.8520684134402358
gene_933,species_3,t0,1.5720483745481666
gene_933,species_3,t1,6.017252093081391
gene_933,species_3,t2,1.213084841408038
gene_933,species_3,t3,0.7766355277620625
gene_934,species_1,t0,1.372515775347111
gene_934,species_1,t1,1.997732052960679
gene_934,species_1,t2,2.727394782821334
gene_934,species_1,t3,1.0341867266000262
gene_934,species_2,t0,0.0
gene_934,species_2,t1,0.0
gene_934,species_2,t2,0.0
gene_934,species_2,t3,0.8524277759523122
gene_934,species_3,t0,0.0
gene_934,species_3,t1,0.0
gene_934,species_3,t2,0.0
gene_934,species_3,t3,0.4969654939782526
gene_935,species_1,t0,0.0
gene_935,species_1,t1,0.0
gene_935,species_1,t2,5.044675365891703
gene_935,species_1,t3,0.0
gene_935,species_2,t0,0.7915717652869542
gene_935,species_2,t1,0.20673311254240614
gene_935,species_2,t2,0.687135267078355
gene_935,species_2,t3,0.0
gene_935,species_3,t0,2.637978262430043
gene_935,species_3,t1,3.3617884112032175
gene_935,species_3,t2,0.0
gene_935,species_3,t3,2.0313243314526406
gene_936,species_1,t0,0.0
gene_936,species_1,t1,4.218920137335679
gene_936,species_1,t2,6.029809798845834
gene_936,species_1,t3,1.7736172255453808
gene_936,species_2,t0,0.0
gene_936,species_2,t1,1.2697694170383433
gene_936,species_2,t2,0.5073262722668249
gene_936,species_2,t3,1.3079213262346978
gene_936,species_3,t0,1.860323864229804
gene_936,species_3,t1,0.0
gene_936,species_3,t2,0.24454417536969514
gene_936,species_3,t3,0.439374921471462
gene_937,species_1,t0,0.0
gene_937,species_1,t1,2.7512992101551084
gene_937,species_1,t2,2.5260414691991353
gene_937,species_1,t3,0.5858920381163197
gene_937,species_2,t0,0.0
gene_937,species_2,t1,0.17971505209796795
gene_937,species_2,t2,0.10196644406351527
gene_937,species_2,t3,0.0
gene_937,species_3,t0,1.0064337860680648
gene_937,species_3,t1,0.0
gene_937,species_3,t2,2.070478293084238
gene_937,species_3,t3,0.4394699712483332
gene_938,species_1,t0,2.5112511011758847
gene_938,species_1,t1,4.657776768236792
gene_938,species_1,t2,4.56679784433573
gene_938,species_1,t3,1.354783610926082
gene_938,species_2,t0,0.0
gene_938,species_2,t1,0.0
gene_938,species_2,t2,1.440900773791495
gene_938,species_2,t3,0.8889568409481202
gene_938,species_3,t0,2.062711388763837
gene_938,species_3,t1,0.0
gene_938,species_3,t2,0.0
gene_938,species_3,t3,0.4826871646601358
gene_939,species_1,t0,0.0
gene_939,species_1,t1,0.0
gene_939,species_1,t2,0.0
gene_939,species_1,t3,0.06993722231868567
gene_939,species_2,t0,0.0
gene_939,species_2,t1,0.609294539254332
gene_939,species_2,t2,0.0
gene_939,species_2,t3,0.0
gene_939,species_3,t0,0.3705597586079055
gene_939,species_3,t1,0.0
gene_939,species_3,t2,0.942303159519463
gene_939,species_3,t3,0.11911381284589767
gene_940,species_1,t0,1.452444725071864
gene_940,species_1,t1,3.0063679658651403
gene_940,species_1,t2,2.434492060067715
gene_940,species_1,t3,0.0
gene_940,species_2,t0,0.0
gene_940,species_2,t1,0.0
gene_940,species_2,t2,1.0002754605975215
gene_940,species_2,t3,0.3277176423299738
gene_940,species_3,t0,1.4017987747622196
gene_940,species_3,t1,1.3089358361647725
gene_940,species_3,t2,2.8280849137612396
gene_940,species_3,t3,0.8300273002338492
gene_941,species_1,t0,2.0381069244749948
gene_941,species_1,t1,0.0
gene_941,species_1,t2,4.07405319030608
gene_941,species_1,t3,1.1698816626762005
gene_941,species_2,t0,0.03233599778440027
gene_941,species_2,t1,0.0
gene_941,species_2,t2,0.01552164375692084
gene_941,species_2,t3,0.0
gene_941,species_3,t0,1.6946101911456417
gene_941,species_3,t1,0.0
gene_941,species_3,t2,0.0
gene_941,species_3,t3,0.0
gene_942,species_1,t0,0.2920248187991359
gene_942,species_1,t1,0.21584362707224172
gene_942,species_1,t2,0.8254649101072955
gene_942,species_1,t3,0.09254421365116972
gene_942,species_2,t0,0.0
gene_942,species_2,t1,1.1718004038351908
gene_942,species_2,t2,1.5681562583322788
gene_942,species_2,t3,0.0
gene_942,species_3,t0,0.30083244691018685
gene_942,species_3,t1,0.0
gene_942,species_3,t2,1.7660547903598482
gene_942,species_3,t3,0.3715896506146004
gene_943,species_1,t0,0.9404061436418275
gene_943,species_1,t1,1.2337396327388879
gene_943,species_1,t2,2.2903812902643503
gene_943,species_1,t3,0.7058251409387482
gene_943,species_2,t0,0.0
gene_943,species_2,t1,0.0
gene_943,species_2,t2,0.21140232647776158
gene_943,species_2,t3,0.6325736973651157
gene_943,species_3,t0,0.56492383607919
gene_943,species_3,t1,2.579761165403526
gene_943,species_3,t2,0.45575567829063646
gene_943,species_3,t3,0.0
gene_944,species_1,t0,2.681603636614631
gene_944,species_1,t1,0.0
gene_944,species_1,t2,4.450829725566417
gene_944,species_1,t3,1.047093713080777
gene_944,species_2,t0,0.5124837566032303
gene_944,species_2,t1,0.0
gene_944,species_2,t2,0.0
gene_944,species_2,t3,0.30683722145955894
gene_944,species_3,t0,1.4503344861365894
gene_944,species_3,t1,4.024831432341286
gene_944,species_3,t2,0.0
gene_944,species_3,t3,0.0
gene_945,species_1,t0,1.722780053534335
gene_945,species_1,t1,2.708746292985613
gene_945,species_1,t2,2.889567341985161
gene_945,species_1,t3,0.6707881439004666
gene_945,species_2,t0,0.1404439405508691
gene_945,species_2,t1,0.7366447805761662
gene_945,species_2,t2,0.0
gene_945,species_2,t3,0.20097718022943056
gene_945,species_3,t0,0.9821016463676653
gene_945,species_3,t1,2.7616545774843644
gene_945,species_3,t2,0.0
gene_945,species_3,t3,0.39748556002431135
gene_946,species_1,t0,2.092771055093347
gene_946,species_1,t1,4.469964868702402
gene_946,species_1,t2,0.0
gene_946,species_1,t3,0.0
gene_946,species_2,t0,0.4612603074148363
gene_946,species_2,t1,0.0
gene_946,species_2,t2,0.7593104740444023
gene_946,species_2,t3,0.089213965711472
gene_946,species_3,t0,1.7742958375721358
gene_946,species_3,t1,2.0838662937602535
gene_946,species_3,t2,4.3071125908588925
gene_946,species_3,t3,1.5092726643628467
gene_947,species_1,t0,0.722025327299624
gene_947,species_1,t1,0.0
gene_947,species_1,t2,1.808993373312667
gene_947,species_1,t3,0.0
gene_947,species_2,t0,0.32891698631042354
gene_947,species_2,t1,1.2354973358378651
gene_947,species_2,t2,0.9978035996849871
gene_947,species_2,t3,0.19938578249664146
gene_947,species_3,t0,0.3436771281674202
gene_947,species_3,t1,2.3575671425801406
gene_947,species_3,t2,0.0
gene_947,species_3,t3,0.3681360896006989
gene_948,species_1,t0,1.161062370702969
gene_948,species_1,t1,2.8485303615471183
gene_948,species_1,t2,2.434666357790143
gene_948,species_1,t3,0.8060517922791074
gene_948,species_2,t0,0.23018049340722702
gene_948,species_2,t1,0.7326549323836926
gene_948,species_2,t2,0.0
gene_948,species_2,t3,1.1321017844872945
gene_948,species_3,t0,0.0
gene_948,species_3,t1,1.1440697254707966
gene_948,species_3,t2,0.0
gene_948,species_3,t3,0.25579434274057916
gene_949,species_1,t0,1.1548140249255334
gene_949,species_1,t1,1.653912292512708
gene_949,species_1,t2,2.1041110526373092
gene_949,species_1,t3,0.44043351192542307
gene_949,species_2,t0,0.0
gene_949,species_2,t1,0.623139849718084
gene_949,species_2,t2,0.4441842734926362
gene_949,species_2,t3,0.04745668283418857
gene_949,species_3,t0,0.4734990487184111
gene_949,species_3,t1,0.0
gene_949,species_3,t2,0.40385190676571525
gene_949,species_3,t3,0.0
gene_950,species_1,t0,0.214020181478557
gene_950,species_1,t1,1.082025175504316
gene_950,species_1,t2,1.130842082593563
gene_950,species_1,t3,0.3739915981456021
gene_950,species_2,t0,0.0
gene_950,species_2,t1,0.0
gene_950,species_2,t2,1.9122454914338005
gene_950,species_2,t3,0.13318440127536968
gene_950,species_3,t0,0.40714134835017557
gene_950,species_3,t1,2.4962525169047503
gene_950,species_3,t2,3.7022550923809256
gene_950,species_3,t3,0.7844984175016796
gene_951,species_1,t0,0.0
gene_951,species_1,t1,7.288147151791383
gene_951,species_1,t2,6.544740565671783
gene_951,species_1,t3,1.7883558293680402
gene_951,species_2,t0,0.5101088934838901
gene_951,species_2,t1,0.3313499748613038
gene_951,species_2,t2,1.6536699283502898
gene_951,species_2,t3,0.560040547942511
gene_951,species_3,t0,3.042813236615168
gene_951,species_3,t1,4.712117990585856
gene_951,species_3,t2,5.951620024367008
gene_951,species_3,t3,1.5884617755533559
gene_952,species_1,t0,0.0
gene_952,species_1,t1,0.5257441483315459
gene_952,species_1,t2,0.685267739248746
gene_952,species_1,t3,0.14265691591863477
gene_952,species_2,t0,0.02856409863052546
gene_952,species_2,t1,0.04725930927369837
gene_952,species_2,t2,0.0
gene_952,species_2,t3,0.1060128962294751
gene_952,species_3,t0,0.2255451286578339
gene_952,species_3,t1,0.6891654052085721
gene_952,species_3,t2,0.1080036784972947
gene_952,species_3,t3,0.0
gene_953,species_1,t0,2.638602364980017
gene_953,species_1,t1,4.237890345067505
gene_953,species_1,t2,5.69139063448474
gene_953,species_1,t3,1.8298506344034886
gene_953,species_2,t0,0.3627996083777385
gene_953,species_2,t1,1.0410358274133775
gene_953,species_2,t2,0.6021327160058134
gene_953,species_2,t3,0.0
gene_953,species_3,t0,1.9427190387618973
gene_953,species_3,t1,5.374136442763397
gene_953,species_3,t2,0.0
gene_953,species_3,t3,0.07418240245527616
gene_954,species_1,t0,0.0
gene_954,species_1,t1,1.9546265784429868
gene_954,species_1,t2,1.4365384004366082
gene_954,species_1,t3,0.0
gene_954,species_2,t0,0.6440849869547227
gene_954,species_2,t1,0.0
gene_954,species_2,t2,1.8407096002795662
gene_954,species_2,t3,1.5562051757239272
gene_954,species_3,t0,0.33531242748114287
gene_954,species_3,t1,0.0
gene_954,species_3,t2,1.9015023741749164
gene_954,species_3,t3,1.177002369654057
gene_955,species_1,t0,2.3283543306001238
gene_955,species_1,t1,3.9896806588301907
gene_955,species_1,t2,3.7206876240610938
gene_955,species_1,t3,0.7905966420663999
gene_955,species_2,t0,0.31124373169575414
gene_955,species_2,t1,0.6963651802555113
gene_955,species_2,t2,0.20942597360610385
gene_955,species_2,t3,0.0
gene_955,species_3,t0,1.4485378225549026
gene_955,species_3,t1,0.0
gene_955,species_3,t2,2.5919316963989596
gene_955,species_3,t3,0.7912958584103769
gene_956,species_1,t0,2.897036122408505
gene_956,species_1,t1,0.0
gene_956,species_1,t2,4.4365252433620785
gene_956,species_1,t3,1.3773870736076708
gene_956,species_2,t0,0.7358827741095272
gene_956,species_2,t1,0.0
gene_956,species_2,t2,2.3244304284300195
gene_956,species_2,t3,0.611431525621485
gene_956,species_3,t0,2.8021061078740916
gene_956,species_3,t1,2.423621936521161
gene_956,species_3,t2,6.531435386059466
gene_956,species_3,t3,1.5814775678509192
gene_957,species_1,t0,1.5161030256534873
gene_957,species_1,t1,0.0
gene_957,species_1,t2,2.961076767950511
gene_957,species_1,t3,1.1198952236246837
gene_957,species_2,t0,0.2280743677198171
gene_957,species_2,t1,1.1262214535855275
gene_957,species_2,t2,2.7103545256580706
gene_957,species_2,t3,0.0
gene_957,species_3,t0,0.0
gene_957,species_3,t1,1.3664397038316263
gene_957,species_3,t2,4.01302579885537
gene_957,species_3,t3,0.3550515102493699
gene_958,species_1,t0,0.8805748679721649
gene_958,species_1,t1,0.0
gene_958,species_1,t2,0.0
gene_958,species_1,t3,0.06565985728927615
gene_958,species_2,t0,0.3821215876343133
gene_958,species_2,t1,0.8288232756153433
gene_958,species_2,t2,0.0
gene_958,species_2,t3,0.0
gene_958,species_3,t0,0.8960177658753243
gene_958,species_3,t1,0.0
gene_958,species_3,t2,0.0
gene_958,species_3,t3,0.9522998893548126
gene_959,species_1,t0,0.0
gene_959,species_1,t1,2.443321497187041
gene_959,species_1,t2,0.8039016818274132
gene_959,species_1,t3,0.13756059543593613
gene_959,species_2,t0,0.0
gene_959,species_2,t1,0.4723158838942547
gene_959,species_2,t2,1.2482237824394915
gene_959,species_2,t3,0.0
gene_959,species_3,t0,0.5680274857073523
gene_959,species_3,t1,0.35943094670654563
gene_959,species_3,t2,0.0
gene_959,species_3,t3,0.0
gene_960,species_1,t0,1.6833809545452263
gene_960,species_1,t1,2.826258467079282
gene_960,species_1,t2,3.689475363935273
gene_960,species_1,t3,0.0
gene_960,species_2,t0,0.28411264974009914
gene_960,species_2,t1,0.0
gene_960,species_2,t2,1.0173467528124651
gene_960,species_2,t3,1.1228096178994822
gene_960,species_3,t0,1.448265365679084
gene_960,species_3,t1,3.4041203640119058
gene_960,species_3,t2,0.7844926589927148
gene_960,species_3,t3,0.07080136367374498
gene_961,species_1,t0,1.0079270096572552
gene_961,species_1,t1,0.9588172964705559
gene_961,species_1,t2,1.8740238930811288
gene_961,species_1,t3,0.40681481604409153
gene_961,species_2,t0,0.0
gene_961,species_2,t1,1.1793152146603159
gene_961,species_2,t2,0.0
gene_961,species_2,t3,0.0
gene_961,species_3,t0,0.0
gene_961,species_3,t1,2.3347248102372955
gene_961,species_3,t2,0.5665212160610908
gene_961,species_3,t3,0.0
gene_962,species_1,t0,1.1285832964319942
gene_962,species_1,t1,2.398149949347313
gene_962,species_1,t2,2.5188247399271364
gene_962,species_1,t3,0.724024751222642
gene_962,species_2,t0,0.20394530637740116
gene_962,species_2,t1,0.1467739285699906
gene_962,species_2,t2,1.3476023167054034
gene_962,species_2,t3,0.9808544905045887
gene_962,species_3,t0,0.0
gene_962,species_3,t1,0.0
gene_962,species_3,t2,1.2150307725914251
gene_962,species_3,t3,0.0
gene_963,species_1,t0,0.0
gene_963,species_1,t1,0.9008164858908634
gene_963,species_1,t2,0.0
gene_963,species_1,t3,0.13563924970724978
gene_963,species_2,t0,0.5385607561610897
gene_963,species_2,t1,1.34429143207226
gene_963,species_2,t2,0.0
gene_963,species_2,t3,0.3548100359622132
gene_963,species_3,t0,0.5265804826526558
gene_963,species_3,t1,2.155041312160264
gene_963,species_3,t2,0.0
gene_963,species_3,t3,0.670941573551142
gene_964,species_1,t0,2.2825613862861216
gene_964,species_1,t1,4.016064147831515
gene_964,species_1,t2,3.839338400929558
gene_964,species_1,t3,0.7680603520323757
gene_964,species_2,t0,0.0
gene_964,species_2,t1,0.0
gene_964,species_2,t2,0.0
gene_964,species_2,t3,0.0
gene_964,species_3,t0,1.3285501412161014
gene_964,species_3,t1,0.0
gene_964,species_3,t2,2.7856120123054433
gene_964,species_3,t3,0.0
gene_965,species_1,t0,0.5429702013655141
gene_965,species_1,t1,0.0
gene_965,species_1,t2,0.7519855320601587
gene_965,species_1,t3,0.025375397774367314
gene_965,species_2,t0,0.4645728714649593
gene_965,species_2,t1,0.4026278449977442
gene_965,species_2,t2,0.9191481598594989
gene_965,species_2,t3,0.0
gene_965,species_3,t0,0.16285041931882605
gene_965,species_3,t1,0.8541833254174823
gene_965,species_3,t2,0.0
gene_965,species_3,t3,0.4750691918206267
gene_966,species_1,t0,0.7622427725729335
gene_966,species_1,t1,2.2692231764363466
gene_966,species_1,t2,1.5973851951050366
gene_966,species_1,t3,0.0
gene_966,species_2,t0,0.007595428553111072
gene_966,species_2,t1,0.7860527408344304
gene_966,species_2,t2,1.8681770573116443
gene_966,species_2,t3,0.805302576042109
gene_966,species_3,t0,0.0
gene_966,species_3,t1,0.0
gene_966,species_3,t2,2.410963077640268
gene_966,species_3,t3,0.24542463012008725
gene_967,species_1,t0,0.518128819257425
gene_967,species_1,t1,0.0
gene_967,species_1,t2,1.043994147569131
gene_967,species_1,t3,0.0
gene_967,species_2,t0,0.0
gene_967,species_2,t1,0.0
gene_967,species_2,t2,0.0
gene_967,species_2,t3,0.0
gene_967,species_3,t0,0.0
gene_967,species_3,t1,1.0470518488720417
gene_967,species_3,t2,0.021879995111682933
gene_967,species_3,t3,0.0
gene_968,species_1,t0,0.0
gene_968,species_1,t1,1.170814374090311
gene_968,species_1,t2,0.7509408854237448
gene_968,species_1,t3,0.0
gene_968,species_2,t0,0.44371450261638057
gene_968,species_2,t1,0.0008211792433216233
gene_968,species_2,t2,0.0
gene_968,species_2,t3,0.38136494285301226
gene_968,species_3,t0,0.0
gene_968,species_3,t1,0.0
gene_968,species_3,t2,0.0
gene_968,species_3,t3,0.6588295969842118
gene_969,species_1,t0,0.7298231076990713
gene_969,species_1,t1,2.0147210011971945
gene_969,species_1,t2,0.0
gene_969,species_1,t3,0.0
gene_969,species_2,t0,0.2755890651500011
gene_969,species_2,t1,0.7288971103414099
gene_969,species_2,t2,1.3173171462271567
gene_969,species_2,t3,0.21094383525741692
gene_969,species_3,t0,0.6761393738352695
gene_969,species_3,t1,0.4452688190888633
gene_969,species_3,t2,2.8350949167350743
gene_969,species_3,t3,0.7838609939952672
gene_970,species_1,t0,0.9297788149546485
gene_970,species_1,t1,1.8514945767623294
gene_970,species_1,t2,0.5116897728327794
gene_970,species_1,t3,0.08566108006901094
gene_970,species_2,t0,0.8433306356237813
gene_970,species_2,t1,0.41180315345107293
gene_970,species_2,t2,0.7296087958390373
gene_970,species_2,t3,1.339569817889431
gene_970,species_3,t0,0.0
gene_970,species_3,t1,0.13429755759746353
gene_970,species_3,t2,0.0
gene_970,species_3,t3,1.2670207425906808
gene_971,species_1,t0,0.8919766109447486
gene_971,species_1,t1,0.6154428826744697
gene_971,species_1,t2,2.146616672086699
gene_971,species_1,t3,0.0
gene_971,species_2,t0,0.24475031151951032
gene_971,species_2,t1,0.0
gene_971,species_2,t2,0.8896113582096727
gene_971,species_2,t3,0.0
gene_971,species_3,t0,0.0
gene_971,species_3,t1,2.8952524211210986
gene_971,species_3,t2,1.6018607298437697
gene_971,species_3,t3,0.0
gene_972,species_1,t0,0.21463406434325916
gene_972,species_1,t1,0.0
gene_972,species_1,t2,1.1509916886820868
gene_972,species_1,t3,0.5328421279415783
gene_972,species_2,t0,0.49293239596604144
gene_972,species_2,t1,0.3550431948752598
gene_972,species_2,t2,0.047076635056115756
gene_972,species_2,t3,0.7213478390955197
gene_972,species_3,t0,0.15057822569010101
gene_972,species_3,t1,1.3394663927925694
gene_972,species_3,t2,1.6079762380179266
gene_972,species_3,t3,0.5868119143517816
gene_973,species_1,t0,0.0
gene_973,species_1,t1,3.1500918572781242
gene_973,species_1,t2,0.0
gene_973,species_1,t3,1.0910809776116277
gene_973,species_2,t0,0.0
gene_973,species_2,t1,0.0
gene_973,species_2,t2,1.1245547730081469
gene_973,species_2,t3,0.0
gene_973,species_3,t0,1.5029659828583166
gene_973,species_3,t1,2.7042647102562154
gene_973,species_3,t2,1.6478679619592111
gene_973,species_3,t3,0.0
gene_974,species_1,t0,1.3542221652419977
gene_974,species_1,t1,2.4447330665398828
gene_974,species_1,t2,2.094404621629562
gene_974,species_1,t3,0.0
gene_974,species_2,t0,0.0
gene_974,species_2,t1,0.21874735329273176
gene_974,species_2,t2,0.14552148747442473
gene_974,species_2,t3,0.26943375905470707
gene_974,species_3,t0,0.8686219587019015
gene_974,species_3,t1,1.192395612181397
gene_974,species_3,t2,2.585726332916199
gene_974,species_3,t3,0.7535374137807705
gene_975,species_1,t0,0.0
gene_975,species_1,t1,0.39901916663183457
gene_975,species_1,t2,0.45558304262768035
gene_975,species_1,t3,0.11726874691923159
gene_975,species_2,t0,0.038777093761780734
gene_975,species_2,t1,0.327068703217184
gene_975,species_2,t2,0.578147568510021
gene_975,species_2,t3,0.24379270041932832
gene_975,species_3,t0,0.0
gene_975,species_3,t1,0.0
gene_975,species_3,t2,0.3719432703715913
gene_975,species_3,t3,0.0
gene_976,species_1,t0,0.0
gene_976,species_1,t1,5.32070818896277
gene_976,species_1,t2,3.8923925785406115
gene_976,species_1,t3,1.2846585875814542
gene_976,species_2,t0,0.13804679298682915
gene_976,species_2,t1,1.2482756336322107
gene_976,species_2,t2,0.0
gene_976,species_2,t3,1.5477085731678146
gene_976,species_3,t0,2.555664538950081
gene_976,species_3,t1,0.0
gene_976,species_3,t2,5.021434651437169
gene_976,species_3,t3,0.7750715109995906
gene_977,species_1,t0,0.0
gene_977,species_1,t1,0.0
gene_977,species_1,t2,0.0
gene_977,species_1,t3,0.0
gene_977,species_2,t0,0.0
gene_977,species_2,t1,0.35080524354731746
gene_977,species_2,t2,0.5654965971942646
gene_977,species_2,t3,0.0
gene_977,species_3,t0,0.0
gene_977,species_3,t1,0.22028348492848845
gene_977,species_3,t2,2.6229178582324995
gene_977,species_3,t3,0.7721494571376085
gene_978,species_1,t0,1.1984492231845738
gene_978,species_1,t1,1.0985075362774785
gene_978,species_1,t2,1.7456605204397326
gene_978,species_1,t3,0.3775516742541426
gene_978,species_2,t0,0.0
gene_978,species_2,t1,1.3204500288246535
gene_978,species_2,t2,1.565837145469295
gene_978,species_2,t3,0.614064443014657
gene_978,species_3,t0,0.0
gene_978,species_3,t1,0.0
gene_978,species_3,t2,0.3203146345392546
gene_978,species_3,t3,0.12385063735821039
gene_979,species_1,t0,0.0
gene_979,species_1,t1,1.0674123670567814
gene_979,species_1,t2,1.4890236956850336
gene_979,species_1,t3,0.5713646730169576
gene_979,species_2,t0,0.0
gene_979,species_2,t1,0.06253933973887837
gene_979,species_2,t2,0.6490531698891342
gene_979,species_2,t3,0.5644734342806303
gene_979,species_3,t0,0.0
gene_979,species_3,t1,1.4816816650586966
gene_979,species_3,t2,0.2879978100344865
gene_979,species_3,t3,0.03415897275121385
gene_980,species_1,t0,0.0
gene_980,species_1,t1,0.0
gene_980,species_1,t2,4.827457073539976
gene_980,species_1,t3,0.0
gene_980,species_2,t0,0.2278720893720853
gene_980,species_2,t1,1.7455676848308161
gene_980,species_2,t2,0.0
gene_980,species_2,t3,0.4915506980781798
gene_980,species_3,t0,1.6044165672064905
gene_980,species_3,t1,4.804998065250796
gene_980,species_3,t2,1.6695444163565396
gene_980,species_3,t3,0.0
gene_981,species_1,t0,1.6372703192551004
gene_981,species_1,t1,2.943725129131844
gene_981,species_1,t2,2.8046242704254403
gene_981,species_1,t3,0.8424426860916217
gene_981,species_2,t0,0.1945319093025089
gene_981,species_2,t1,0.10958551320630015
gene_981,species_2,t2,0.0
gene_981,species_2,t3,0.3948020924036619
gene_981,species_3,t0,1.2287944941515223
gene_981,species_3,t1,2.264478603799915
gene_981,species_3,t2,2.3661823629190972
gene_981,species_3,t3,0.0
gene_982,species_1,t0,0.04876436828172091
gene_982,species_1,t1,0.0
gene_982,species_1,t2,0.350158273846253
gene_982,species_1,t3,0.04618270116709158
gene_982,species_2,t0,0.31097984457621897
gene_982,species_2,t1,0.6699345876952958
gene_982,species_2,t2,0.5365391896849996
gene_982,species_2,t3,0.0061521775831243665
gene_982,species_3,t0,0.0
gene_982,species_3,t1,0.7536295813708918
gene_982,species_3,t2,1.3496564152606758
gene_982,species_3,t3,0.35131964513112457
gene_983,species_1,t0,1.8901337196888337
gene_983,species_1,t1,0.0
gene_983,species_1,t2,3.5597111729018214
gene_983,species_1,t3,1.0415239211343221
gene_983,species_2,t0,0.1785480468532013
gene_983,species_2,t1,0.4869983761533329
gene_983,species_2,t2,0.0
gene_983,species_2,t3,0.2930319051307283
gene_983,species_3,t0,1.2875833525522586
gene_983,species_3,t1,2.606722832494869
gene_983,species_3,t2,0.0
gene_983,species_3,t3,0.524126430313702
gene_984,species_1,t0,0.0
gene_984,species_1,t1,4.699578165548859
gene_984,species_1,t2,5.768667361316526
gene_984,species_1,t3,1.8612269003892974
gene_984,species_2,t0,0.34552241888981833
gene_984,species_2,t1,0.0
gene_984,species_2,t2,0.0
gene_984,species_2,t3,0.0
gene_984,species_3,t0,2.098128129407371
gene_984,species_3,t1,4.928299971067065
gene_984,species_3,t2,1.5985263343691622
gene_984,species_3,t3,0.18339566957354475
gene_985,species_1,t0,0.0
gene_985,species_1,t1,0.16533866381334586
gene_985,species_1,t2,0.23820412505075533
gene_985,species_1,t3,0.0
gene_985,species_2,t0,0.0
gene_985,species_2,t1,0.24007701528348013
gene_985,species_2,t2,0.1556983755803674
gene_985,species_2,t3,0.0
gene_985,species_3,t0,0.0
gene_985,species_3,t1,0.17156997089566783
gene_985,species_3,t2,0.15016575828309187
gene_985,species_3,t3,0.024056625787557864
gene_986,species_1,t0,0.46532708640826387
gene_986,species_1,t1,1.2820756024238664
gene_986,species_1,t2,0.0
gene_986,species_1,t3,0.1990524343921536
gene_986,species_2,t0,0.0
gene_986,species_2,t1,0.4343985669676639
gene_986,species_2,t2,0.0
gene_986,species_2,t3,0.5459761313119386
gene_986,species_3,t0,0.0
gene_986,species_3,t1,0.2851262200858873
gene_986,species_3,t2,1.7834942927553503
gene_986,species_3,t3,0.0
gene_987,species_1,t0,0.0
gene_987,species_1,t1,0.0
gene_987,species_1,t2,1.8428880831289212
gene_987,species_1,t3,0.36341634769734754
gene_987,species_2,t0,0.0
gene_987,species_2,t1,0.0
gene_987,species_2,t2,0.0
gene_987,species_2,t3,0.13604700004677
gene_987,species_3,t0,0.0
gene_987,species_3,t1,0.0
gene_987,species_3,t2,3.9763667746430467
gene_987,species_3,t3,1.0586202740782082
gene_988,species_1,t0,1.8909532933854967
gene_988,species_1,t1,0.0
gene_988,species_1,t2,0.0
gene_988,species_1,t3,0.0
gene_988,species_2,t0,0.16642649497633555
gene_988,species_2,t1,1.4991166109833778
gene_988,species_2,t2,1.7211264302208507
gene_988,species_2,t3,1.25584410432489
gene_988,species_3,t0,0.6765824130123773
gene_988,species_3,t1,0.0
gene_988,species_3,t2,1.6290514552091453
gene_988,species_3,t3,1.1239338405634902
gene_989,species_1,t0,0.36597175763659007
gene_989,species_1,t1,0.3875029966698069
gene_989,species_1,t2,0.7748011798203333
gene_989,species_1,t3,0.333010819363464
gene_989,species_2,t0,0.0
gene_989,species_2,t1,0.2765522376882822
gene_989,species_2,t2,0.27231753672144876
gene_989,species_2,t3,0.18578089117510635
gene_989,species_3,t0,0.2222995538269028
gene_989,species_3,t1,0.8324439926339756
gene_989,species_3,t2,0.0
gene_989,species_3,t3,0.04441977254212297
gene_990,species_1,t0,2.929353496818465
gene_990,species_1,t1,3.9938533930100397
gene_990,species_1,t2,5.663861713199427
gene_990,species_1,t3,1.2045205021349907
gene_990,species_2,t0,0.05728732841817798
gene_990,species_2,t1,0.0
gene_990,species_2,t2,2.245514781008902
gene_990,species_2,t3,0.0
gene_990,species_3,t0,0.0
gene_990,species_3,t1,0.0
gene_990,species_3,t2,0.0
gene_990,species_3,t3,0.3705048251226937
gene_991,species_1,t0,1.936632803364488
gene_991,species_1,t1,2.929154304060769
gene_991,species_1,t2,3.120915986471953
gene_991,species_1,t3,0.6650151474213339
gene_991,species_2,t0,0.46716425774692555
gene_991,species_2,t1,0.0
gene_991,species_2,t2,1.7759352047979629
gene_991,species_2,t3,1.1851390169545146
gene_991,species_3,t0,0.8692949931808017
gene_991,species_3,t1,3.1531022960252475
gene_991,species_3,t2,1.3720406473551439
gene_991,species_3,t3,0.9138403372637273
gene_992,species_1,t0,0.0
gene_992,species_1,t1,2.333803842327396
gene_992,species_1,t2,0.0
gene_992,species_1,t3,0.3942309095352053
gene_992,species_2,t0,0.3593307078126254
gene_992,species_2,t1,0.2682266572488328
gene_992,species_2,t2,0.06168740394587641
gene_992,species_2,t3,0.0
gene_992,species_3,t0,0.0
gene_992,species_3,t1,1.192663771866303
gene_992,species_3,t2,2.072175514936393
gene_992,species_3,t3,0.8065611681144863
gene_993,species_1,t0,0.39128825422606395
gene_993,species_1,t1,1.9284347816363108
gene_993,species_1,t2,0.48799407929445565
gene_993,species_1,t3,0.17978581664090276
gene_993,species_2,t0,0.5826096097952984
gene_993,species_2,t1,0.0
gene_993,species_2,t2,1.2862501698192965
gene_993,species_2,t3,0.27294060599625825
gene_993,species_3,t0,0.0
gene_993,species_3,t1,1.6312577615360822
gene_993,species_3,t2,4.0985644103013374
gene_993,species_3,t3,1.2171494583145213
gene_994,species_1,t0,0.0
gene_994,species_1,t1,0.0
gene_994,species_1,t2,0.0
gene_994,species_1,t3,0.8016853464712119
gene_994,species_2,t0,0.0
gene_994,species_2,t1,0.0
gene_994,species_2,t2,0.8884634375158481
gene_994,species_2,t3,0.0
gene_994,species_3,t0,1.395143380300657
gene_994,species_3,t1,0.0
gene_994,species_3,t2,0.0
gene_994,species_3,t3,1.007806361793254
gene_995,species_1,t0,0.0
gene_995,species_1,t1,1.0410630199470141
gene_995,species_1,t2,0.26248771296926177
gene_995,species_1,t3,0.0
gene_995,species_2,t0,0.3866731642918634
gene_995,species_2,t1,0.6389124646512723
gene_995,species_2,t2,1.3777935888219637
gene_995,species_2,t3,1.2177421074904347
gene_995,species_3,t0,0.041422544667007004
gene_995,species_3,t1,0.17997741179891275
gene_995,species_3,t2,1.4795965295138922
gene_995,species_3,t3,1.0639340096691876
gene_996,species_1,t0,0.14393365005205147
gene_996,species_1,t1,0.0
gene_996,species_1,t2,0.28804727009247666
gene_996,species_1,t3,0.45104888781845226
gene_996,species_2,t0,0.16881505871770094
gene_996,species_2,t1,0.8426000768603639
gene_996,species_2,t2,0.0
gene_996,species_2,t3,0.8911790175948473
gene_996,species_3,t0,0.556300000275911
gene_996,species_3,t1,0.0
gene_996,species_3,t2,1.2795971695713126
gene_996,species_3,t3,0.0
gene_997,species_1,t0,1.6925118899987923
gene_997,species_1,t1,3.18545326208801
gene_997,species_1,t2,3.2275998190466244
gene_997,species_1,t3,0.0
gene_997,species_2,t0,0.12415435592500304
gene_997,species_2,t1,0.5665843527096829
gene_997,species_2,t2,0.0
gene_997,species_2,t3,0.0
gene_997,species_3,t0,1.2125038153906529
gene_997,species_3,t1,0.0
gene_997,species_3,t2,2.406436170093687
gene_997,species_3,t3,0.5560567895559374
gene_998,species_1,t0,0.011242696691552603
gene_998,species_1,t1,0.27238609074884035
gene_998,species_1,t2,0.19197955544596063
gene_998,species_1,t3,0.0
gene_998,species_2,t0,0.10879523337913283
gene_998,species_2,t1,1.0642018196968488
gene_998,species_2,t2,0.0
gene_998,species_2,t3,0.5166731067701348
gene_998,species_3,t0,0.0
gene_998,species_3,t1,0.7877255710182924
gene_998,species_3,t2,1.5209954690188359
gene_998,species_3,t3,0.0
gene_999,species_1,t0,1.4412285812008692
gene_999,species_1,t1,2.4731311858868104
gene_999,species_1,t2,0.0
gene_999,species_1,t3,0.9339137115196091
gene_999,species_2,t0,0.20406071253623148
gene_999,species_2,t1,1.059325011583161
gene_999,species_2,t2,0.0
gene_999,species_2,t3,0.12062345748034511
gene_999,species_3,t0,0.8213975173670703
gene_999,species_3,t1,3.359152166584002
gene_999,species_3,t2,0.2828228858171334
gene_999,species_3,t3,0.19533617916803042
gene_1000,species_1,t0,2.5526103975419874
gene_1000,species_1,t1,5.888887299248426
gene_1000,species_1,t2,3.3242695898835977
gene_1000,species_1,t3,0.0
gene_1000,species_2,t0,0.0
gene_1000,species_2,t1,0.8230945083916041
gene_1000,species_2,t2,1.8624166944137073
gene_1000,species_2,t3,0.08164128397704229
gene_1000,species_3,t0,0.0
gene_1000,species_3,t1,0.0
gene_1000,species_3,t2,0.0
gene_1000,species_3,t3,0.0
